2025-08-07 22:57:32,408 - INFO - Starting data loading process...
2025-08-07 22:59:45,179 - INFO - Dataset sizes: Train=11303, Validation=346, Test=670
2025-08-07 22:59:45,215 - INFO - Input shape: torch.Size([10, 2, 128, 128])
2025-08-07 22:59:45,218 - INFO - Target shape: torch.Size([10, 2, 128, 128])
2025-08-07 22:59:45,218 - INFO - ============================================================
2025-08-07 22:59:45,218 - INFO - Performing data sanity check...
2025-08-07 22:59:46,059 - INFO - 
--- Input Tensor Statistics ---
2025-08-07 22:59:46,059 - INFO - Shape: torch.Size([4, 10, 2, 128, 128])
2025-08-07 22:59:46,064 - INFO - Min: -1.9037
2025-08-07 22:59:46,066 - INFO - Max: 2.4905
2025-08-07 22:59:46,072 - INFO - Mean: 0.0121
2025-08-07 22:59:46,081 - INFO - NaN count: 0
2025-08-07 22:59:46,081 - INFO - 
--- Target Tensor Statistics ---
2025-08-07 22:59:46,081 - INFO - Shape: torch.Size([4, 10, 2, 128, 128])
2025-08-07 22:59:46,082 - INFO - Min: -2.0111
2025-08-07 22:59:46,083 - INFO - Max: 2.1249
2025-08-07 22:59:46,084 - INFO - Mean: 0.0126
2025-08-07 22:59:46,087 - INFO - NaN count: 0
2025-08-07 22:59:46,087 - INFO - ============================================================
2025-08-07 23:00:01,353 - INFO - Initializing model, criterion, and optimizer...
2025-08-07 23:00:03,669 - INFO - Starting training loop...
2025-08-07 23:02:02,376 - INFO - Epoch 1/1000 | Train Loss: 0.0657505 | Val Loss: 0.0250369 | LR: 0.001000
2025-08-07 23:02:03,086 - INFO - New best model saved to /jizhicfs/Prometheus/Triton4Earth_V2/Scenario_3_Ocean_stream/regional_gulf_forcasting_0.125degree_daily/checkpoints/regional_gulf_forcasting_025degree_daily_20250808_best_model.pth with validation loss: 0.0250369
2025-08-07 23:03:58,782 - INFO - Epoch 2/1000 | Train Loss: 0.0149548 | Val Loss: 0.0118027 | LR: 0.001000
2025-08-07 23:03:59,470 - INFO - New best model saved to /jizhicfs/Prometheus/Triton4Earth_V2/Scenario_3_Ocean_stream/regional_gulf_forcasting_0.125degree_daily/checkpoints/regional_gulf_forcasting_025degree_daily_20250808_best_model.pth with validation loss: 0.0118027
2025-08-07 23:05:55,065 - INFO - Epoch 3/1000 | Train Loss: 0.0064814 | Val Loss: 0.0067550 | LR: 0.001000
2025-08-07 23:05:55,790 - INFO - New best model saved to /jizhicfs/Prometheus/Triton4Earth_V2/Scenario_3_Ocean_stream/regional_gulf_forcasting_0.125degree_daily/checkpoints/regional_gulf_forcasting_025degree_daily_20250808_best_model.pth with validation loss: 0.0067550
2025-08-07 23:07:51,418 - INFO - Epoch 4/1000 | Train Loss: 0.0045526 | Val Loss: 0.0051651 | LR: 0.001000
2025-08-07 23:07:52,131 - INFO - New best model saved to /jizhicfs/Prometheus/Triton4Earth_V2/Scenario_3_Ocean_stream/regional_gulf_forcasting_0.125degree_daily/checkpoints/regional_gulf_forcasting_025degree_daily_20250808_best_model.pth with validation loss: 0.0051651
2025-08-07 23:09:47,709 - INFO - Epoch 5/1000 | Train Loss: 0.0036859 | Val Loss: 0.0042960 | LR: 0.001000
2025-08-07 23:09:48,416 - INFO - New best model saved to /jizhicfs/Prometheus/Triton4Earth_V2/Scenario_3_Ocean_stream/regional_gulf_forcasting_0.125degree_daily/checkpoints/regional_gulf_forcasting_025degree_daily_20250808_best_model.pth with validation loss: 0.0042960
2025-08-07 23:11:44,034 - INFO - Epoch 6/1000 | Train Loss: 0.0030871 | Val Loss: 0.0034094 | LR: 0.001000
2025-08-07 23:11:44,767 - INFO - New best model saved to /jizhicfs/Prometheus/Triton4Earth_V2/Scenario_3_Ocean_stream/regional_gulf_forcasting_0.125degree_daily/checkpoints/regional_gulf_forcasting_025degree_daily_20250808_best_model.pth with validation loss: 0.0034094
2025-08-07 23:13:40,676 - INFO - Epoch 7/1000 | Train Loss: 0.0025388 | Val Loss: 0.0029578 | LR: 0.001000
2025-08-07 23:13:41,426 - INFO - New best model saved to /jizhicfs/Prometheus/Triton4Earth_V2/Scenario_3_Ocean_stream/regional_gulf_forcasting_0.125degree_daily/checkpoints/regional_gulf_forcasting_025degree_daily_20250808_best_model.pth with validation loss: 0.0029578
2025-08-07 23:15:37,166 - INFO - Epoch 8/1000 | Train Loss: 0.0021517 | Val Loss: 0.0024720 | LR: 0.000999
2025-08-07 23:15:37,927 - INFO - New best model saved to /jizhicfs/Prometheus/Triton4Earth_V2/Scenario_3_Ocean_stream/regional_gulf_forcasting_0.125degree_daily/checkpoints/regional_gulf_forcasting_025degree_daily_20250808_best_model.pth with validation loss: 0.0024720
2025-08-07 23:17:33,635 - INFO - Epoch 9/1000 | Train Loss: 0.0019151 | Val Loss: 0.0021874 | LR: 0.000999
2025-08-07 23:17:34,329 - INFO - New best model saved to /jizhicfs/Prometheus/Triton4Earth_V2/Scenario_3_Ocean_stream/regional_gulf_forcasting_0.125degree_daily/checkpoints/regional_gulf_forcasting_025degree_daily_20250808_best_model.pth with validation loss: 0.0021874
2025-08-07 23:19:29,917 - INFO - Epoch 10/1000 | Train Loss: 0.0016459 | Val Loss: 0.0018779 | LR: 0.000999
2025-08-07 23:19:30,599 - INFO - New best model saved to /jizhicfs/Prometheus/Triton4Earth_V2/Scenario_3_Ocean_stream/regional_gulf_forcasting_0.125degree_daily/checkpoints/regional_gulf_forcasting_025degree_daily_20250808_best_model.pth with validation loss: 0.0018779
2025-08-07 23:21:26,451 - INFO - Epoch 11/1000 | Train Loss: 0.0014274 | Val Loss: 0.0016891 | LR: 0.000999
2025-08-07 23:21:27,124 - INFO - New best model saved to /jizhicfs/Prometheus/Triton4Earth_V2/Scenario_3_Ocean_stream/regional_gulf_forcasting_0.125degree_daily/checkpoints/regional_gulf_forcasting_025degree_daily_20250808_best_model.pth with validation loss: 0.0016891
2025-08-07 23:23:22,855 - INFO - Epoch 12/1000 | Train Loss: 0.0013278 | Val Loss: 0.0017638 | LR: 0.000999
2025-08-07 23:25:18,620 - INFO - Epoch 13/1000 | Train Loss: 0.0012260 | Val Loss: 0.0015174 | LR: 0.000998
2025-08-07 23:25:19,278 - INFO - New best model saved to /jizhicfs/Prometheus/Triton4Earth_V2/Scenario_3_Ocean_stream/regional_gulf_forcasting_0.125degree_daily/checkpoints/regional_gulf_forcasting_025degree_daily_20250808_best_model.pth with validation loss: 0.0015174
2025-08-07 23:27:15,043 - INFO - Epoch 14/1000 | Train Loss: 0.0011324 | Val Loss: 0.0012859 | LR: 0.000998
2025-08-07 23:27:15,753 - INFO - New best model saved to /jizhicfs/Prometheus/Triton4Earth_V2/Scenario_3_Ocean_stream/regional_gulf_forcasting_0.125degree_daily/checkpoints/regional_gulf_forcasting_025degree_daily_20250808_best_model.pth with validation loss: 0.0012859
2025-08-07 23:29:11,970 - INFO - Epoch 15/1000 | Train Loss: 0.0010360 | Val Loss: 0.0012035 | LR: 0.000998
2025-08-07 23:29:12,687 - INFO - New best model saved to /jizhicfs/Prometheus/Triton4Earth_V2/Scenario_3_Ocean_stream/regional_gulf_forcasting_0.125degree_daily/checkpoints/regional_gulf_forcasting_025degree_daily_20250808_best_model.pth with validation loss: 0.0012035
2025-08-07 23:31:08,299 - INFO - Epoch 16/1000 | Train Loss: 0.0009947 | Val Loss: 0.0011372 | LR: 0.000997
2025-08-07 23:31:08,966 - INFO - New best model saved to /jizhicfs/Prometheus/Triton4Earth_V2/Scenario_3_Ocean_stream/regional_gulf_forcasting_0.125degree_daily/checkpoints/regional_gulf_forcasting_025degree_daily_20250808_best_model.pth with validation loss: 0.0011372
2025-08-07 23:33:04,669 - INFO - Epoch 17/1000 | Train Loss: 0.0009241 | Val Loss: 0.0010512 | LR: 0.000997
2025-08-07 23:33:05,376 - INFO - New best model saved to /jizhicfs/Prometheus/Triton4Earth_V2/Scenario_3_Ocean_stream/regional_gulf_forcasting_0.125degree_daily/checkpoints/regional_gulf_forcasting_025degree_daily_20250808_best_model.pth with validation loss: 0.0010512
2025-08-07 23:35:01,011 - INFO - Epoch 18/1000 | Train Loss: 0.0013024 | Val Loss: 0.0013154 | LR: 0.000997
2025-08-07 23:36:56,780 - INFO - Epoch 19/1000 | Train Loss: 0.0009275 | Val Loss: 0.0009937 | LR: 0.000996
2025-08-07 23:36:57,470 - INFO - New best model saved to /jizhicfs/Prometheus/Triton4Earth_V2/Scenario_3_Ocean_stream/regional_gulf_forcasting_0.125degree_daily/checkpoints/regional_gulf_forcasting_025degree_daily_20250808_best_model.pth with validation loss: 0.0009937
2025-08-07 23:38:53,260 - INFO - Epoch 20/1000 | Train Loss: 0.0008150 | Val Loss: 0.0009102 | LR: 0.000996
2025-08-07 23:38:53,961 - INFO - New best model saved to /jizhicfs/Prometheus/Triton4Earth_V2/Scenario_3_Ocean_stream/regional_gulf_forcasting_0.125degree_daily/checkpoints/regional_gulf_forcasting_025degree_daily_20250808_best_model.pth with validation loss: 0.0009102
2025-08-07 23:40:49,725 - INFO - Epoch 21/1000 | Train Loss: 0.0007922 | Val Loss: 0.0008468 | LR: 0.000996
2025-08-07 23:40:50,445 - INFO - New best model saved to /jizhicfs/Prometheus/Triton4Earth_V2/Scenario_3_Ocean_stream/regional_gulf_forcasting_0.125degree_daily/checkpoints/regional_gulf_forcasting_025degree_daily_20250808_best_model.pth with validation loss: 0.0008468
2025-08-07 23:42:46,282 - INFO - Epoch 22/1000 | Train Loss: 0.0007424 | Val Loss: 0.0008478 | LR: 0.000995
2025-08-07 23:44:41,963 - INFO - Epoch 23/1000 | Train Loss: 0.0007236 | Val Loss: 0.0008341 | LR: 0.000995
2025-08-07 23:44:42,812 - INFO - New best model saved to /jizhicfs/Prometheus/Triton4Earth_V2/Scenario_3_Ocean_stream/regional_gulf_forcasting_0.125degree_daily/checkpoints/regional_gulf_forcasting_025degree_daily_20250808_best_model.pth with validation loss: 0.0008341
2025-08-07 23:46:38,476 - INFO - Epoch 24/1000 | Train Loss: 0.0007002 | Val Loss: 0.0007750 | LR: 0.000994
2025-08-07 23:46:39,182 - INFO - New best model saved to /jizhicfs/Prometheus/Triton4Earth_V2/Scenario_3_Ocean_stream/regional_gulf_forcasting_0.125degree_daily/checkpoints/regional_gulf_forcasting_025degree_daily_20250808_best_model.pth with validation loss: 0.0007750
2025-08-07 23:48:34,876 - INFO - Epoch 25/1000 | Train Loss: 0.0006773 | Val Loss: 0.0007469 | LR: 0.000994
2025-08-07 23:48:35,620 - INFO - New best model saved to /jizhicfs/Prometheus/Triton4Earth_V2/Scenario_3_Ocean_stream/regional_gulf_forcasting_0.125degree_daily/checkpoints/regional_gulf_forcasting_025degree_daily_20250808_best_model.pth with validation loss: 0.0007469
2025-08-07 23:50:31,317 - INFO - Epoch 26/1000 | Train Loss: 0.0006645 | Val Loss: 0.0007215 | LR: 0.000993
2025-08-07 23:50:32,029 - INFO - New best model saved to /jizhicfs/Prometheus/Triton4Earth_V2/Scenario_3_Ocean_stream/regional_gulf_forcasting_0.125degree_daily/checkpoints/regional_gulf_forcasting_025degree_daily_20250808_best_model.pth with validation loss: 0.0007215
2025-08-07 23:52:27,615 - INFO - Epoch 27/1000 | Train Loss: 0.0006501 | Val Loss: 0.0007080 | LR: 0.000993
2025-08-07 23:52:28,346 - INFO - New best model saved to /jizhicfs/Prometheus/Triton4Earth_V2/Scenario_3_Ocean_stream/regional_gulf_forcasting_0.125degree_daily/checkpoints/regional_gulf_forcasting_025degree_daily_20250808_best_model.pth with validation loss: 0.0007080
2025-08-07 23:54:24,200 - INFO - Epoch 28/1000 | Train Loss: 0.0006265 | Val Loss: 0.0007020 | LR: 0.000992
2025-08-07 23:54:24,954 - INFO - New best model saved to /jizhicfs/Prometheus/Triton4Earth_V2/Scenario_3_Ocean_stream/regional_gulf_forcasting_0.125degree_daily/checkpoints/regional_gulf_forcasting_025degree_daily_20250808_best_model.pth with validation loss: 0.0007020
2025-08-07 23:56:20,614 - INFO - Epoch 29/1000 | Train Loss: 0.0005998 | Val Loss: 0.0007300 | LR: 0.000992
2025-08-07 23:58:16,274 - INFO - Epoch 30/1000 | Train Loss: 0.0005900 | Val Loss: 0.0006467 | LR: 0.000991
2025-08-07 23:58:16,965 - INFO - New best model saved to /jizhicfs/Prometheus/Triton4Earth_V2/Scenario_3_Ocean_stream/regional_gulf_forcasting_0.125degree_daily/checkpoints/regional_gulf_forcasting_025degree_daily_20250808_best_model.pth with validation loss: 0.0006467
2025-08-08 00:00:12,847 - INFO - Epoch 31/1000 | Train Loss: 0.0005684 | Val Loss: 0.0006299 | LR: 0.000991
2025-08-08 00:00:13,560 - INFO - New best model saved to /jizhicfs/Prometheus/Triton4Earth_V2/Scenario_3_Ocean_stream/regional_gulf_forcasting_0.125degree_daily/checkpoints/regional_gulf_forcasting_025degree_daily_20250808_best_model.pth with validation loss: 0.0006299
2025-08-08 00:02:09,233 - INFO - Epoch 32/1000 | Train Loss: 0.0005625 | Val Loss: 0.0006367 | LR: 0.000990
2025-08-08 00:04:05,003 - INFO - Epoch 33/1000 | Train Loss: 0.0005396 | Val Loss: 0.0006203 | LR: 0.000989
2025-08-08 00:04:05,737 - INFO - New best model saved to /jizhicfs/Prometheus/Triton4Earth_V2/Scenario_3_Ocean_stream/regional_gulf_forcasting_0.125degree_daily/checkpoints/regional_gulf_forcasting_025degree_daily_20250808_best_model.pth with validation loss: 0.0006203
2025-08-08 00:06:01,591 - INFO - Epoch 34/1000 | Train Loss: 0.0005384 | Val Loss: 0.0005464 | LR: 0.000989
2025-08-08 00:06:02,369 - INFO - New best model saved to /jizhicfs/Prometheus/Triton4Earth_V2/Scenario_3_Ocean_stream/regional_gulf_forcasting_0.125degree_daily/checkpoints/regional_gulf_forcasting_025degree_daily_20250808_best_model.pth with validation loss: 0.0005464
2025-08-08 00:07:58,082 - INFO - Epoch 35/1000 | Train Loss: 0.0005020 | Val Loss: 0.0005220 | LR: 0.000988
2025-08-08 00:07:58,800 - INFO - New best model saved to /jizhicfs/Prometheus/Triton4Earth_V2/Scenario_3_Ocean_stream/regional_gulf_forcasting_0.125degree_daily/checkpoints/regional_gulf_forcasting_025degree_daily_20250808_best_model.pth with validation loss: 0.0005220
2025-08-08 00:09:54,695 - INFO - Epoch 36/1000 | Train Loss: 0.0005111 | Val Loss: 0.0005371 | LR: 0.000987
2025-08-08 00:11:50,294 - INFO - Epoch 37/1000 | Train Loss: 0.0005028 | Val Loss: 0.0005384 | LR: 0.000987
2025-08-08 00:13:46,046 - INFO - Epoch 38/1000 | Train Loss: 0.0004951 | Val Loss: 0.0005047 | LR: 0.000986
2025-08-08 00:13:46,744 - INFO - New best model saved to /jizhicfs/Prometheus/Triton4Earth_V2/Scenario_3_Ocean_stream/regional_gulf_forcasting_0.125degree_daily/checkpoints/regional_gulf_forcasting_025degree_daily_20250808_best_model.pth with validation loss: 0.0005047
2025-08-08 00:15:42,587 - INFO - Epoch 39/1000 | Train Loss: 0.0004799 | Val Loss: 0.0005156 | LR: 0.000985
2025-08-08 00:17:38,388 - INFO - Epoch 40/1000 | Train Loss: 0.0004599 | Val Loss: 0.0004801 | LR: 0.000984
2025-08-08 00:17:39,101 - INFO - New best model saved to /jizhicfs/Prometheus/Triton4Earth_V2/Scenario_3_Ocean_stream/regional_gulf_forcasting_0.125degree_daily/checkpoints/regional_gulf_forcasting_025degree_daily_20250808_best_model.pth with validation loss: 0.0004801
2025-08-08 00:19:34,647 - INFO - Epoch 41/1000 | Train Loss: 0.0004532 | Val Loss: 0.0005086 | LR: 0.000984
2025-08-08 00:21:30,232 - INFO - Epoch 42/1000 | Train Loss: 0.0004344 | Val Loss: 0.0004833 | LR: 0.000983
2025-08-08 00:23:25,865 - INFO - Epoch 43/1000 | Train Loss: 0.0004354 | Val Loss: 0.0004471 | LR: 0.000982
2025-08-08 00:23:26,606 - INFO - New best model saved to /jizhicfs/Prometheus/Triton4Earth_V2/Scenario_3_Ocean_stream/regional_gulf_forcasting_0.125degree_daily/checkpoints/regional_gulf_forcasting_025degree_daily_20250808_best_model.pth with validation loss: 0.0004471
2025-08-08 00:25:22,507 - INFO - Epoch 44/1000 | Train Loss: 0.0004320 | Val Loss: 0.0004470 | LR: 0.000981
2025-08-08 00:25:23,247 - INFO - New best model saved to /jizhicfs/Prometheus/Triton4Earth_V2/Scenario_3_Ocean_stream/regional_gulf_forcasting_0.125degree_daily/checkpoints/regional_gulf_forcasting_025degree_daily_20250808_best_model.pth with validation loss: 0.0004470
2025-08-08 00:27:18,796 - INFO - Epoch 45/1000 | Train Loss: 0.0004365 | Val Loss: 0.0004409 | LR: 0.000980
2025-08-08 00:27:19,497 - INFO - New best model saved to /jizhicfs/Prometheus/Triton4Earth_V2/Scenario_3_Ocean_stream/regional_gulf_forcasting_0.125degree_daily/checkpoints/regional_gulf_forcasting_025degree_daily_20250808_best_model.pth with validation loss: 0.0004409
2025-08-08 00:29:15,155 - INFO - Epoch 46/1000 | Train Loss: 0.0004110 | Val Loss: 0.0004160 | LR: 0.000979
2025-08-08 00:29:15,868 - INFO - New best model saved to /jizhicfs/Prometheus/Triton4Earth_V2/Scenario_3_Ocean_stream/regional_gulf_forcasting_0.125degree_daily/checkpoints/regional_gulf_forcasting_025degree_daily_20250808_best_model.pth with validation loss: 0.0004160
2025-08-08 00:31:11,470 - INFO - Epoch 47/1000 | Train Loss: 0.0004009 | Val Loss: 0.0004120 | LR: 0.000978
2025-08-08 00:31:12,196 - INFO - New best model saved to /jizhicfs/Prometheus/Triton4Earth_V2/Scenario_3_Ocean_stream/regional_gulf_forcasting_0.125degree_daily/checkpoints/regional_gulf_forcasting_025degree_daily_20250808_best_model.pth with validation loss: 0.0004120
2025-08-08 00:33:07,782 - INFO - Epoch 48/1000 | Train Loss: 0.0004016 | Val Loss: 0.0004013 | LR: 0.000977
2025-08-08 00:33:08,509 - INFO - New best model saved to /jizhicfs/Prometheus/Triton4Earth_V2/Scenario_3_Ocean_stream/regional_gulf_forcasting_0.125degree_daily/checkpoints/regional_gulf_forcasting_025degree_daily_20250808_best_model.pth with validation loss: 0.0004013
2025-08-08 00:35:04,094 - INFO - Epoch 49/1000 | Train Loss: 0.0003916 | Val Loss: 0.0004024 | LR: 0.000977
2025-08-08 00:36:59,753 - INFO - Epoch 50/1000 | Train Loss: 0.0003910 | Val Loss: 0.0003892 | LR: 0.000976
2025-08-08 00:37:00,479 - INFO - New best model saved to /jizhicfs/Prometheus/Triton4Earth_V2/Scenario_3_Ocean_stream/regional_gulf_forcasting_0.125degree_daily/checkpoints/regional_gulf_forcasting_025degree_daily_20250808_best_model.pth with validation loss: 0.0003892
2025-08-08 00:38:56,347 - INFO - Epoch 51/1000 | Train Loss: 0.0003902 | Val Loss: 0.0004029 | LR: 0.000975
2025-08-08 00:40:52,601 - INFO - Epoch 52/1000 | Train Loss: 0.0003733 | Val Loss: 0.0003700 | LR: 0.000974
2025-08-08 00:40:53,327 - INFO - New best model saved to /jizhicfs/Prometheus/Triton4Earth_V2/Scenario_3_Ocean_stream/regional_gulf_forcasting_0.125degree_daily/checkpoints/regional_gulf_forcasting_025degree_daily_20250808_best_model.pth with validation loss: 0.0003700
2025-08-08 00:42:49,113 - INFO - Epoch 53/1000 | Train Loss: 0.0003640 | Val Loss: 0.0003645 | LR: 0.000973
2025-08-08 00:42:49,843 - INFO - New best model saved to /jizhicfs/Prometheus/Triton4Earth_V2/Scenario_3_Ocean_stream/regional_gulf_forcasting_0.125degree_daily/checkpoints/regional_gulf_forcasting_025degree_daily_20250808_best_model.pth with validation loss: 0.0003645
2025-08-08 00:44:45,517 - INFO - Epoch 54/1000 | Train Loss: 0.0003621 | Val Loss: 0.0003779 | LR: 0.000972
2025-08-08 00:46:41,328 - INFO - Epoch 55/1000 | Train Loss: 0.0003961 | Val Loss: 0.0003617 | LR: 0.000970
2025-08-08 00:46:42,048 - INFO - New best model saved to /jizhicfs/Prometheus/Triton4Earth_V2/Scenario_3_Ocean_stream/regional_gulf_forcasting_0.125degree_daily/checkpoints/regional_gulf_forcasting_025degree_daily_20250808_best_model.pth with validation loss: 0.0003617
2025-08-08 00:48:37,758 - INFO - Epoch 56/1000 | Train Loss: 0.0003563 | Val Loss: 0.0003657 | LR: 0.000969
2025-08-08 00:50:33,403 - INFO - Epoch 57/1000 | Train Loss: 0.0003649 | Val Loss: 0.0003630 | LR: 0.000968
2025-08-08 00:52:29,033 - INFO - Epoch 58/1000 | Train Loss: 0.0003522 | Val Loss: 0.0003491 | LR: 0.000967
2025-08-08 00:52:29,738 - INFO - New best model saved to /jizhicfs/Prometheus/Triton4Earth_V2/Scenario_3_Ocean_stream/regional_gulf_forcasting_0.125degree_daily/checkpoints/regional_gulf_forcasting_025degree_daily_20250808_best_model.pth with validation loss: 0.0003491
2025-08-08 00:54:25,471 - INFO - Epoch 59/1000 | Train Loss: 0.0003352 | Val Loss: 0.0003337 | LR: 0.000966
2025-08-08 00:54:26,186 - INFO - New best model saved to /jizhicfs/Prometheus/Triton4Earth_V2/Scenario_3_Ocean_stream/regional_gulf_forcasting_0.125degree_daily/checkpoints/regional_gulf_forcasting_025degree_daily_20250808_best_model.pth with validation loss: 0.0003337
2025-08-08 00:56:21,764 - INFO - Epoch 60/1000 | Train Loss: 0.0003337 | Val Loss: 0.0003265 | LR: 0.000965
2025-08-08 00:56:22,470 - INFO - New best model saved to /jizhicfs/Prometheus/Triton4Earth_V2/Scenario_3_Ocean_stream/regional_gulf_forcasting_0.125degree_daily/checkpoints/regional_gulf_forcasting_025degree_daily_20250808_best_model.pth with validation loss: 0.0003265
2025-08-08 00:58:18,028 - INFO - Epoch 61/1000 | Train Loss: 0.0003336 | Val Loss: 0.0003186 | LR: 0.000964
2025-08-08 00:58:18,742 - INFO - New best model saved to /jizhicfs/Prometheus/Triton4Earth_V2/Scenario_3_Ocean_stream/regional_gulf_forcasting_0.125degree_daily/checkpoints/regional_gulf_forcasting_025degree_daily_20250808_best_model.pth with validation loss: 0.0003186
2025-08-08 01:00:14,560 - INFO - Epoch 62/1000 | Train Loss: 0.0003421 | Val Loss: 0.0003253 | LR: 0.000963
2025-08-08 01:02:10,246 - INFO - Epoch 63/1000 | Train Loss: 0.0003253 | Val Loss: 0.0003202 | LR: 0.000961
2025-08-08 01:04:06,061 - INFO - Epoch 64/1000 | Train Loss: 0.0003289 | Val Loss: 0.0003269 | LR: 0.000960
2025-08-08 01:06:01,784 - INFO - Epoch 65/1000 | Train Loss: 0.0003202 | Val Loss: 0.0003040 | LR: 0.000959
2025-08-08 01:06:02,540 - INFO - New best model saved to /jizhicfs/Prometheus/Triton4Earth_V2/Scenario_3_Ocean_stream/regional_gulf_forcasting_0.125degree_daily/checkpoints/regional_gulf_forcasting_025degree_daily_20250808_best_model.pth with validation loss: 0.0003040
2025-08-08 01:07:58,180 - INFO - Epoch 66/1000 | Train Loss: 0.0003163 | Val Loss: 0.0003030 | LR: 0.000958
2025-08-08 01:07:58,903 - INFO - New best model saved to /jizhicfs/Prometheus/Triton4Earth_V2/Scenario_3_Ocean_stream/regional_gulf_forcasting_0.125degree_daily/checkpoints/regional_gulf_forcasting_025degree_daily_20250808_best_model.pth with validation loss: 0.0003030
2025-08-08 01:09:54,591 - INFO - Epoch 67/1000 | Train Loss: 0.0003189 | Val Loss: 0.0003027 | LR: 0.000956
2025-08-08 01:09:55,296 - INFO - New best model saved to /jizhicfs/Prometheus/Triton4Earth_V2/Scenario_3_Ocean_stream/regional_gulf_forcasting_0.125degree_daily/checkpoints/regional_gulf_forcasting_025degree_daily_20250808_best_model.pth with validation loss: 0.0003027
2025-08-08 01:11:50,888 - INFO - Epoch 68/1000 | Train Loss: 0.0003099 | Val Loss: 0.0002934 | LR: 0.000955
2025-08-08 01:11:51,584 - INFO - New best model saved to /jizhicfs/Prometheus/Triton4Earth_V2/Scenario_3_Ocean_stream/regional_gulf_forcasting_0.125degree_daily/checkpoints/regional_gulf_forcasting_025degree_daily_20250808_best_model.pth with validation loss: 0.0002934
2025-08-08 01:13:47,403 - INFO - Epoch 69/1000 | Train Loss: 0.0003252 | Val Loss: 0.0003033 | LR: 0.000954
2025-08-08 01:15:43,257 - INFO - Epoch 70/1000 | Train Loss: 0.0003054 | Val Loss: 0.0002981 | LR: 0.000952
2025-08-08 01:17:39,095 - INFO - Epoch 71/1000 | Train Loss: 0.0002919 | Val Loss: 0.0002861 | LR: 0.000951
2025-08-08 01:17:39,788 - INFO - New best model saved to /jizhicfs/Prometheus/Triton4Earth_V2/Scenario_3_Ocean_stream/regional_gulf_forcasting_0.125degree_daily/checkpoints/regional_gulf_forcasting_025degree_daily_20250808_best_model.pth with validation loss: 0.0002861
2025-08-08 01:19:35,537 - INFO - Epoch 72/1000 | Train Loss: 0.0003111 | Val Loss: 0.0002863 | LR: 0.000950
2025-08-08 01:21:31,235 - INFO - Epoch 73/1000 | Train Loss: 0.0002994 | Val Loss: 0.0002918 | LR: 0.000948
2025-08-08 01:23:27,143 - INFO - Epoch 74/1000 | Train Loss: 0.0002961 | Val Loss: 0.0002912 | LR: 0.000947
2025-08-08 01:25:22,842 - INFO - Epoch 75/1000 | Train Loss: 0.0002989 | Val Loss: 0.0002844 | LR: 0.000946
2025-08-08 01:25:23,591 - INFO - New best model saved to /jizhicfs/Prometheus/Triton4Earth_V2/Scenario_3_Ocean_stream/regional_gulf_forcasting_0.125degree_daily/checkpoints/regional_gulf_forcasting_025degree_daily_20250808_best_model.pth with validation loss: 0.0002844
2025-08-08 01:27:19,305 - INFO - Epoch 76/1000 | Train Loss: 0.0003001 | Val Loss: 0.0002790 | LR: 0.000944
2025-08-08 01:27:20,002 - INFO - New best model saved to /jizhicfs/Prometheus/Triton4Earth_V2/Scenario_3_Ocean_stream/regional_gulf_forcasting_0.125degree_daily/checkpoints/regional_gulf_forcasting_025degree_daily_20250808_best_model.pth with validation loss: 0.0002790
2025-08-08 01:29:15,584 - INFO - Epoch 77/1000 | Train Loss: 0.0002924 | Val Loss: 0.0002886 | LR: 0.000943
2025-08-08 01:31:11,279 - INFO - Epoch 78/1000 | Train Loss: 0.0002834 | Val Loss: 0.0002671 | LR: 0.000941
2025-08-08 01:31:11,976 - INFO - New best model saved to /jizhicfs/Prometheus/Triton4Earth_V2/Scenario_3_Ocean_stream/regional_gulf_forcasting_0.125degree_daily/checkpoints/regional_gulf_forcasting_025degree_daily_20250808_best_model.pth with validation loss: 0.0002671
2025-08-08 01:33:07,854 - INFO - Epoch 79/1000 | Train Loss: 0.0002843 | Val Loss: 0.0002666 | LR: 0.000940
2025-08-08 01:33:08,545 - INFO - New best model saved to /jizhicfs/Prometheus/Triton4Earth_V2/Scenario_3_Ocean_stream/regional_gulf_forcasting_0.125degree_daily/checkpoints/regional_gulf_forcasting_025degree_daily_20250808_best_model.pth with validation loss: 0.0002666
2025-08-08 01:35:04,261 - INFO - Epoch 80/1000 | Train Loss: 0.0002753 | Val Loss: 0.0002689 | LR: 0.000938
2025-08-08 01:36:59,885 - INFO - Epoch 81/1000 | Train Loss: 0.0002835 | Val Loss: 0.0003034 | LR: 0.000937
2025-08-08 01:38:55,603 - INFO - Epoch 82/1000 | Train Loss: 0.0002848 | Val Loss: 0.0002620 | LR: 0.000935
2025-08-08 01:38:56,297 - INFO - New best model saved to /jizhicfs/Prometheus/Triton4Earth_V2/Scenario_3_Ocean_stream/regional_gulf_forcasting_0.125degree_daily/checkpoints/regional_gulf_forcasting_025degree_daily_20250808_best_model.pth with validation loss: 0.0002620
2025-08-08 01:40:52,025 - INFO - Epoch 83/1000 | Train Loss: 0.0002772 | Val Loss: 0.0002518 | LR: 0.000934
2025-08-08 01:40:52,732 - INFO - New best model saved to /jizhicfs/Prometheus/Triton4Earth_V2/Scenario_3_Ocean_stream/regional_gulf_forcasting_0.125degree_daily/checkpoints/regional_gulf_forcasting_025degree_daily_20250808_best_model.pth with validation loss: 0.0002518
2025-08-08 01:42:48,437 - INFO - Epoch 84/1000 | Train Loss: 0.0002707 | Val Loss: 0.0002571 | LR: 0.000932
2025-08-08 01:44:44,217 - INFO - Epoch 85/1000 | Train Loss: 0.0002772 | Val Loss: 0.0002567 | LR: 0.000930
2025-08-08 01:46:39,997 - INFO - Epoch 86/1000 | Train Loss: 0.0002800 | Val Loss: 0.0002568 | LR: 0.000929
2025-08-08 01:48:35,722 - INFO - Epoch 87/1000 | Train Loss: 0.0002746 | Val Loss: 0.0002671 | LR: 0.000927
2025-08-08 01:50:31,899 - INFO - Epoch 88/1000 | Train Loss: 0.0002586 | Val Loss: 0.0002517 | LR: 0.000926
2025-08-08 01:50:32,627 - INFO - New best model saved to /jizhicfs/Prometheus/Triton4Earth_V2/Scenario_3_Ocean_stream/regional_gulf_forcasting_0.125degree_daily/checkpoints/regional_gulf_forcasting_025degree_daily_20250808_best_model.pth with validation loss: 0.0002517
2025-08-08 01:52:28,486 - INFO - Epoch 89/1000 | Train Loss: 0.0002713 | Val Loss: 0.0002505 | LR: 0.000924
2025-08-08 01:52:29,196 - INFO - New best model saved to /jizhicfs/Prometheus/Triton4Earth_V2/Scenario_3_Ocean_stream/regional_gulf_forcasting_0.125degree_daily/checkpoints/regional_gulf_forcasting_025degree_daily_20250808_best_model.pth with validation loss: 0.0002505
2025-08-08 01:54:24,818 - INFO - Epoch 90/1000 | Train Loss: 0.0002596 | Val Loss: 0.0002396 | LR: 0.000922
2025-08-08 01:54:25,514 - INFO - New best model saved to /jizhicfs/Prometheus/Triton4Earth_V2/Scenario_3_Ocean_stream/regional_gulf_forcasting_0.125degree_daily/checkpoints/regional_gulf_forcasting_025degree_daily_20250808_best_model.pth with validation loss: 0.0002396
2025-08-08 01:56:21,174 - INFO - Epoch 91/1000 | Train Loss: 0.0002623 | Val Loss: 0.0002497 | LR: 0.000921
2025-08-08 01:58:17,070 - INFO - Epoch 92/1000 | Train Loss: 0.0002550 | Val Loss: 0.0002375 | LR: 0.000919
2025-08-08 01:58:17,805 - INFO - New best model saved to /jizhicfs/Prometheus/Triton4Earth_V2/Scenario_3_Ocean_stream/regional_gulf_forcasting_0.125degree_daily/checkpoints/regional_gulf_forcasting_025degree_daily_20250808_best_model.pth with validation loss: 0.0002375
2025-08-08 02:00:13,409 - INFO - Epoch 93/1000 | Train Loss: 0.0002528 | Val Loss: 0.0002332 | LR: 0.000917
2025-08-08 02:00:14,128 - INFO - New best model saved to /jizhicfs/Prometheus/Triton4Earth_V2/Scenario_3_Ocean_stream/regional_gulf_forcasting_0.125degree_daily/checkpoints/regional_gulf_forcasting_025degree_daily_20250808_best_model.pth with validation loss: 0.0002332
2025-08-08 02:02:09,699 - INFO - Epoch 94/1000 | Train Loss: 0.0002530 | Val Loss: 0.0002438 | LR: 0.000915
2025-08-08 02:04:05,737 - INFO - Epoch 95/1000 | Train Loss: 0.0002710 | Val Loss: 0.0002388 | LR: 0.000914
2025-08-08 02:06:01,722 - INFO - Epoch 96/1000 | Train Loss: 0.0002565 | Val Loss: 0.0002303 | LR: 0.000912
2025-08-08 02:06:02,452 - INFO - New best model saved to /jizhicfs/Prometheus/Triton4Earth_V2/Scenario_3_Ocean_stream/regional_gulf_forcasting_0.125degree_daily/checkpoints/regional_gulf_forcasting_025degree_daily_20250808_best_model.pth with validation loss: 0.0002303
2025-08-08 02:07:58,237 - INFO - Epoch 97/1000 | Train Loss: 0.0002552 | Val Loss: 0.0002315 | LR: 0.000910
2025-08-08 02:09:53,981 - INFO - Epoch 98/1000 | Train Loss: 0.0002432 | Val Loss: 0.0002260 | LR: 0.000908
2025-08-08 02:09:54,715 - INFO - New best model saved to /jizhicfs/Prometheus/Triton4Earth_V2/Scenario_3_Ocean_stream/regional_gulf_forcasting_0.125degree_daily/checkpoints/regional_gulf_forcasting_025degree_daily_20250808_best_model.pth with validation loss: 0.0002260
2025-08-08 02:11:50,436 - INFO - Epoch 99/1000 | Train Loss: 0.0002415 | Val Loss: 0.0002268 | LR: 0.000906
2025-08-08 02:13:46,108 - INFO - Epoch 100/1000 | Train Loss: 0.0002430 | Val Loss: 0.0002182 | LR: 0.000905
2025-08-08 02:13:46,831 - INFO - New best model saved to /jizhicfs/Prometheus/Triton4Earth_V2/Scenario_3_Ocean_stream/regional_gulf_forcasting_0.125degree_daily/checkpoints/regional_gulf_forcasting_025degree_daily_20250808_best_model.pth with validation loss: 0.0002182
2025-08-08 02:13:47,459 - INFO - Saved periodic checkpoint at epoch 100 to /jizhicfs/Prometheus/Triton4Earth_V2/Scenario_3_Ocean_stream/regional_gulf_forcasting_0.125degree_daily/checkpoints/regional_gulf_forcasting_025degree_daily_20250808_epoch_100.pth
2025-08-08 02:15:43,294 - INFO - Epoch 101/1000 | Train Loss: 0.0002425 | Val Loss: 0.0002233 | LR: 0.000903
2025-08-08 02:17:39,124 - INFO - Epoch 102/1000 | Train Loss: 0.0002432 | Val Loss: 0.0002276 | LR: 0.000901
2025-08-08 02:19:34,928 - INFO - Epoch 103/1000 | Train Loss: 0.0002402 | Val Loss: 0.0002247 | LR: 0.000899
2025-08-08 02:21:30,911 - INFO - Epoch 104/1000 | Train Loss: 0.0002504 | Val Loss: 0.0002269 | LR: 0.000897
2025-08-08 02:23:26,711 - INFO - Epoch 105/1000 | Train Loss: 0.0002388 | Val Loss: 0.0002207 | LR: 0.000895
2025-08-08 02:25:22,648 - INFO - Epoch 106/1000 | Train Loss: 0.0002359 | Val Loss: 0.0002169 | LR: 0.000893
2025-08-08 02:25:23,380 - INFO - New best model saved to /jizhicfs/Prometheus/Triton4Earth_V2/Scenario_3_Ocean_stream/regional_gulf_forcasting_0.125degree_daily/checkpoints/regional_gulf_forcasting_025degree_daily_20250808_best_model.pth with validation loss: 0.0002169
2025-08-08 02:27:19,252 - INFO - Epoch 107/1000 | Train Loss: 0.0002351 | Val Loss: 0.0002213 | LR: 0.000891
2025-08-08 02:29:15,053 - INFO - Epoch 108/1000 | Train Loss: 0.0002353 | Val Loss: 0.0002113 | LR: 0.000889
2025-08-08 02:29:15,766 - INFO - New best model saved to /jizhicfs/Prometheus/Triton4Earth_V2/Scenario_3_Ocean_stream/regional_gulf_forcasting_0.125degree_daily/checkpoints/regional_gulf_forcasting_025degree_daily_20250808_best_model.pth with validation loss: 0.0002113
2025-08-08 02:31:11,346 - INFO - Epoch 109/1000 | Train Loss: 0.0002334 | Val Loss: 0.0002118 | LR: 0.000887
2025-08-08 02:33:07,383 - INFO - Epoch 110/1000 | Train Loss: 0.0002326 | Val Loss: 0.0002156 | LR: 0.000885
2025-08-08 02:35:03,072 - INFO - Epoch 111/1000 | Train Loss: 0.0002425 | Val Loss: 0.0002131 | LR: 0.000883
2025-08-08 02:36:58,776 - INFO - Epoch 112/1000 | Train Loss: 0.0002358 | Val Loss: 0.0002124 | LR: 0.000881
2025-08-08 02:38:54,766 - INFO - Epoch 113/1000 | Train Loss: 0.0002343 | Val Loss: 0.0002191 | LR: 0.000879
2025-08-08 02:40:50,792 - INFO - Epoch 114/1000 | Train Loss: 0.0002310 | Val Loss: 0.0002028 | LR: 0.000877
2025-08-08 02:40:51,522 - INFO - New best model saved to /jizhicfs/Prometheus/Triton4Earth_V2/Scenario_3_Ocean_stream/regional_gulf_forcasting_0.125degree_daily/checkpoints/regional_gulf_forcasting_025degree_daily_20250808_best_model.pth with validation loss: 0.0002028
2025-08-08 02:42:47,194 - INFO - Epoch 115/1000 | Train Loss: 0.0002266 | Val Loss: 0.0002114 | LR: 0.000875
2025-08-08 02:44:42,917 - INFO - Epoch 116/1000 | Train Loss: 0.0002311 | Val Loss: 0.0002147 | LR: 0.000873
2025-08-08 02:46:38,692 - INFO - Epoch 117/1000 | Train Loss: 0.0002325 | Val Loss: 0.0002122 | LR: 0.000871
2025-08-08 02:48:34,825 - INFO - Epoch 118/1000 | Train Loss: 0.0002208 | Val Loss: 0.0002027 | LR: 0.000869
2025-08-08 02:48:35,554 - INFO - New best model saved to /jizhicfs/Prometheus/Triton4Earth_V2/Scenario_3_Ocean_stream/regional_gulf_forcasting_0.125degree_daily/checkpoints/regional_gulf_forcasting_025degree_daily_20250808_best_model.pth with validation loss: 0.0002027
2025-08-08 02:50:31,467 - INFO - Epoch 119/1000 | Train Loss: 0.0002278 | Val Loss: 0.0002010 | LR: 0.000867
2025-08-08 02:50:32,184 - INFO - New best model saved to /jizhicfs/Prometheus/Triton4Earth_V2/Scenario_3_Ocean_stream/regional_gulf_forcasting_0.125degree_daily/checkpoints/regional_gulf_forcasting_025degree_daily_20250808_best_model.pth with validation loss: 0.0002010
2025-08-08 02:52:28,068 - INFO - Epoch 120/1000 | Train Loss: 0.0002245 | Val Loss: 0.0002081 | LR: 0.000865
2025-08-08 02:54:23,922 - INFO - Epoch 121/1000 | Train Loss: 0.0002173 | Val Loss: 0.0002017 | LR: 0.000862
2025-08-08 02:56:20,022 - INFO - Epoch 122/1000 | Train Loss: 0.0002304 | Val Loss: 0.0002084 | LR: 0.000860
2025-08-08 02:58:15,833 - INFO - Epoch 123/1000 | Train Loss: 0.0002246 | Val Loss: 0.0001956 | LR: 0.000858
2025-08-08 02:58:16,572 - INFO - New best model saved to /jizhicfs/Prometheus/Triton4Earth_V2/Scenario_3_Ocean_stream/regional_gulf_forcasting_0.125degree_daily/checkpoints/regional_gulf_forcasting_025degree_daily_20250808_best_model.pth with validation loss: 0.0001956
2025-08-08 03:00:12,227 - INFO - Epoch 124/1000 | Train Loss: 0.0002284 | Val Loss: 0.0002096 | LR: 0.000856
2025-08-08 03:02:08,021 - INFO - Epoch 125/1000 | Train Loss: 0.0002226 | Val Loss: 0.0001993 | LR: 0.000854
2025-08-08 03:04:03,725 - INFO - Epoch 126/1000 | Train Loss: 0.0002166 | Val Loss: 0.0002001 | LR: 0.000851
2025-08-08 03:05:59,406 - INFO - Epoch 127/1000 | Train Loss: 0.0002240 | Val Loss: 0.0001939 | LR: 0.000849
2025-08-08 03:06:00,136 - INFO - New best model saved to /jizhicfs/Prometheus/Triton4Earth_V2/Scenario_3_Ocean_stream/regional_gulf_forcasting_0.125degree_daily/checkpoints/regional_gulf_forcasting_025degree_daily_20250808_best_model.pth with validation loss: 0.0001939
2025-08-08 03:07:55,873 - INFO - Epoch 128/1000 | Train Loss: 0.0002121 | Val Loss: 0.0001940 | LR: 0.000847
2025-08-08 03:09:51,699 - INFO - Epoch 129/1000 | Train Loss: 0.0002127 | Val Loss: 0.0001852 | LR: 0.000845
2025-08-08 03:09:52,404 - INFO - New best model saved to /jizhicfs/Prometheus/Triton4Earth_V2/Scenario_3_Ocean_stream/regional_gulf_forcasting_0.125degree_daily/checkpoints/regional_gulf_forcasting_025degree_daily_20250808_best_model.pth with validation loss: 0.0001852
2025-08-08 03:11:48,080 - INFO - Epoch 130/1000 | Train Loss: 0.0002201 | Val Loss: 0.0002045 | LR: 0.000842
2025-08-08 03:13:43,891 - INFO - Epoch 131/1000 | Train Loss: 0.0002197 | Val Loss: 0.0001923 | LR: 0.000840
2025-08-08 03:15:39,734 - INFO - Epoch 132/1000 | Train Loss: 0.0002126 | Val Loss: 0.0001863 | LR: 0.000838
2025-08-08 03:17:35,512 - INFO - Epoch 133/1000 | Train Loss: 0.0002170 | Val Loss: 0.0001866 | LR: 0.000836
2025-08-08 03:19:31,205 - INFO - Epoch 134/1000 | Train Loss: 0.0002126 | Val Loss: 0.0001883 | LR: 0.000833
2025-08-08 03:21:27,026 - INFO - Epoch 135/1000 | Train Loss: 0.0002119 | Val Loss: 0.0001822 | LR: 0.000831
2025-08-08 03:21:27,751 - INFO - New best model saved to /jizhicfs/Prometheus/Triton4Earth_V2/Scenario_3_Ocean_stream/regional_gulf_forcasting_0.125degree_daily/checkpoints/regional_gulf_forcasting_025degree_daily_20250808_best_model.pth with validation loss: 0.0001822
2025-08-08 03:23:23,619 - INFO - Epoch 136/1000 | Train Loss: 0.0002073 | Val Loss: 0.0001824 | LR: 0.000828
2025-08-08 03:25:19,314 - INFO - Epoch 137/1000 | Train Loss: 0.0002029 | Val Loss: 0.0001801 | LR: 0.000826
2025-08-08 03:25:20,025 - INFO - New best model saved to /jizhicfs/Prometheus/Triton4Earth_V2/Scenario_3_Ocean_stream/regional_gulf_forcasting_0.125degree_daily/checkpoints/regional_gulf_forcasting_025degree_daily_20250808_best_model.pth with validation loss: 0.0001801
2025-08-08 03:27:16,104 - INFO - Epoch 138/1000 | Train Loss: 0.0002515 | Val Loss: 0.0002386 | LR: 0.000824
2025-08-08 03:29:12,246 - INFO - Epoch 139/1000 | Train Loss: 0.0002161 | Val Loss: 0.0001852 | LR: 0.000821
2025-08-08 03:31:07,933 - INFO - Epoch 140/1000 | Train Loss: 0.0002067 | Val Loss: 0.0001878 | LR: 0.000819
2025-08-08 03:33:03,621 - INFO - Epoch 141/1000 | Train Loss: 0.0002017 | Val Loss: 0.0001854 | LR: 0.000816
2025-08-08 03:34:59,424 - INFO - Epoch 142/1000 | Train Loss: 0.0002076 | Val Loss: 0.0001824 | LR: 0.000814
2025-08-08 03:36:55,313 - INFO - Epoch 143/1000 | Train Loss: 0.0002040 | Val Loss: 0.0001808 | LR: 0.000812
2025-08-08 03:38:51,011 - INFO - Epoch 144/1000 | Train Loss: 0.0002075 | Val Loss: 0.0001748 | LR: 0.000809
2025-08-08 03:38:51,711 - INFO - New best model saved to /jizhicfs/Prometheus/Triton4Earth_V2/Scenario_3_Ocean_stream/regional_gulf_forcasting_0.125degree_daily/checkpoints/regional_gulf_forcasting_025degree_daily_20250808_best_model.pth with validation loss: 0.0001748
2025-08-08 03:40:47,554 - INFO - Epoch 145/1000 | Train Loss: 0.0002049 | Val Loss: 0.0001744 | LR: 0.000807
2025-08-08 03:40:48,269 - INFO - New best model saved to /jizhicfs/Prometheus/Triton4Earth_V2/Scenario_3_Ocean_stream/regional_gulf_forcasting_0.125degree_daily/checkpoints/regional_gulf_forcasting_025degree_daily_20250808_best_model.pth with validation loss: 0.0001744
2025-08-08 03:42:43,909 - INFO - Epoch 146/1000 | Train Loss: 0.0001993 | Val Loss: 0.0001808 | LR: 0.000804
2025-08-08 03:44:39,573 - INFO - Epoch 147/1000 | Train Loss: 0.0004373 | Val Loss: 0.0002328 | LR: 0.000802
2025-08-08 03:46:35,387 - INFO - Epoch 148/1000 | Train Loss: 0.0002310 | Val Loss: 0.0001952 | LR: 0.000799
2025-08-08 03:48:31,234 - INFO - Epoch 149/1000 | Train Loss: 0.0002159 | Val Loss: 0.0001819 | LR: 0.000797
2025-08-08 03:50:27,087 - INFO - Epoch 150/1000 | Train Loss: 0.0002059 | Val Loss: 0.0001840 | LR: 0.000794
2025-08-08 03:52:22,872 - INFO - Epoch 151/1000 | Train Loss: 0.0002114 | Val Loss: 0.0001742 | LR: 0.000792
2025-08-08 03:52:23,626 - INFO - New best model saved to /jizhicfs/Prometheus/Triton4Earth_V2/Scenario_3_Ocean_stream/regional_gulf_forcasting_0.125degree_daily/checkpoints/regional_gulf_forcasting_025degree_daily_20250808_best_model.pth with validation loss: 0.0001742
2025-08-08 03:54:19,273 - INFO - Epoch 152/1000 | Train Loss: 0.0002025 | Val Loss: 0.0001767 | LR: 0.000789
2025-08-08 03:56:15,002 - INFO - Epoch 153/1000 | Train Loss: 0.0002012 | Val Loss: 0.0001750 | LR: 0.000786
2025-08-08 03:58:10,697 - INFO - Epoch 154/1000 | Train Loss: 0.0002020 | Val Loss: 0.0001776 | LR: 0.000784
2025-08-08 04:00:06,655 - INFO - Epoch 155/1000 | Train Loss: 0.0002019 | Val Loss: 0.0001800 | LR: 0.000781
2025-08-08 04:02:02,475 - INFO - Epoch 156/1000 | Train Loss: 0.0001954 | Val Loss: 0.0001780 | LR: 0.000779
2025-08-08 04:03:58,184 - INFO - Epoch 157/1000 | Train Loss: 0.0001970 | Val Loss: 0.0001743 | LR: 0.000776
2025-08-08 04:05:53,996 - INFO - Epoch 158/1000 | Train Loss: 0.0002006 | Val Loss: 0.0001794 | LR: 0.000773
2025-08-08 04:07:49,744 - INFO - Epoch 159/1000 | Train Loss: 0.0001989 | Val Loss: 0.0001786 | LR: 0.000771
2025-08-08 04:09:45,613 - INFO - Epoch 160/1000 | Train Loss: 0.0001961 | Val Loss: 0.0001705 | LR: 0.000768
2025-08-08 04:09:46,349 - INFO - New best model saved to /jizhicfs/Prometheus/Triton4Earth_V2/Scenario_3_Ocean_stream/regional_gulf_forcasting_0.125degree_daily/checkpoints/regional_gulf_forcasting_025degree_daily_20250808_best_model.pth with validation loss: 0.0001705
2025-08-08 04:11:41,989 - INFO - Epoch 161/1000 | Train Loss: 0.0001985 | Val Loss: 0.0001662 | LR: 0.000765
2025-08-08 04:11:42,729 - INFO - New best model saved to /jizhicfs/Prometheus/Triton4Earth_V2/Scenario_3_Ocean_stream/regional_gulf_forcasting_0.125degree_daily/checkpoints/regional_gulf_forcasting_025degree_daily_20250808_best_model.pth with validation loss: 0.0001662
2025-08-08 04:13:38,422 - INFO - Epoch 162/1000 | Train Loss: 0.0001984 | Val Loss: 0.0001707 | LR: 0.000763
2025-08-08 04:15:34,205 - INFO - Epoch 163/1000 | Train Loss: 0.0001998 | Val Loss: 0.0001685 | LR: 0.000760
2025-08-08 04:17:29,979 - INFO - Epoch 164/1000 | Train Loss: 0.0001991 | Val Loss: 0.0001759 | LR: 0.000757
2025-08-08 04:19:25,912 - INFO - Epoch 165/1000 | Train Loss: 0.0001930 | Val Loss: 0.0001710 | LR: 0.000755
2025-08-08 04:21:21,868 - INFO - Epoch 166/1000 | Train Loss: 0.0001913 | Val Loss: 0.0001731 | LR: 0.000752
2025-08-08 04:23:17,553 - INFO - Epoch 167/1000 | Train Loss: 0.0001911 | Val Loss: 0.0001681 | LR: 0.000749
2025-08-08 04:25:13,201 - INFO - Epoch 168/1000 | Train Loss: 0.0001921 | Val Loss: 0.0001615 | LR: 0.000747
2025-08-08 04:25:13,914 - INFO - New best model saved to /jizhicfs/Prometheus/Triton4Earth_V2/Scenario_3_Ocean_stream/regional_gulf_forcasting_0.125degree_daily/checkpoints/regional_gulf_forcasting_025degree_daily_20250808_best_model.pth with validation loss: 0.0001615
2025-08-08 04:27:09,724 - INFO - Epoch 169/1000 | Train Loss: 0.0001929 | Val Loss: 0.0001645 | LR: 0.000744
2025-08-08 04:29:05,476 - INFO - Epoch 170/1000 | Train Loss: 0.0001945 | Val Loss: 0.0001630 | LR: 0.000741
2025-08-08 04:31:01,449 - INFO - Epoch 171/1000 | Train Loss: 0.0001912 | Val Loss: 0.0001641 | LR: 0.000738
2025-08-08 04:32:57,249 - INFO - Epoch 172/1000 | Train Loss: 0.0001973 | Val Loss: 0.0001624 | LR: 0.000736
2025-08-08 04:34:53,041 - INFO - Epoch 173/1000 | Train Loss: 0.0001846 | Val Loss: 0.0001633 | LR: 0.000733
2025-08-08 04:36:48,855 - INFO - Epoch 174/1000 | Train Loss: 0.0001887 | Val Loss: 0.0001623 | LR: 0.000730
2025-08-08 04:38:44,512 - INFO - Epoch 175/1000 | Train Loss: 0.0001897 | Val Loss: 0.0001618 | LR: 0.000727
2025-08-08 04:40:40,304 - INFO - Epoch 176/1000 | Train Loss: 0.0002512 | Val Loss: 0.0001757 | LR: 0.000724
2025-08-08 04:42:36,101 - INFO - Epoch 177/1000 | Train Loss: 0.0001946 | Val Loss: 0.0001635 | LR: 0.000722
2025-08-08 04:44:31,933 - INFO - Epoch 178/1000 | Train Loss: 0.0001860 | Val Loss: 0.0001582 | LR: 0.000719
2025-08-08 04:44:32,634 - INFO - New best model saved to /jizhicfs/Prometheus/Triton4Earth_V2/Scenario_3_Ocean_stream/regional_gulf_forcasting_0.125degree_daily/checkpoints/regional_gulf_forcasting_025degree_daily_20250808_best_model.pth with validation loss: 0.0001582
2025-08-08 04:46:28,541 - INFO - Epoch 179/1000 | Train Loss: 0.0001843 | Val Loss: 0.0001621 | LR: 0.000716
2025-08-08 04:48:24,187 - INFO - Epoch 180/1000 | Train Loss: 0.0001813 | Val Loss: 0.0001625 | LR: 0.000713
2025-08-08 04:50:19,971 - INFO - Epoch 181/1000 | Train Loss: 0.0001775 | Val Loss: 0.0001559 | LR: 0.000710
2025-08-08 04:50:20,685 - INFO - New best model saved to /jizhicfs/Prometheus/Triton4Earth_V2/Scenario_3_Ocean_stream/regional_gulf_forcasting_0.125degree_daily/checkpoints/regional_gulf_forcasting_025degree_daily_20250808_best_model.pth with validation loss: 0.0001559
2025-08-08 04:52:16,697 - INFO - Epoch 182/1000 | Train Loss: 0.0001805 | Val Loss: 0.0001538 | LR: 0.000707
2025-08-08 04:52:17,413 - INFO - New best model saved to /jizhicfs/Prometheus/Triton4Earth_V2/Scenario_3_Ocean_stream/regional_gulf_forcasting_0.125degree_daily/checkpoints/regional_gulf_forcasting_025degree_daily_20250808_best_model.pth with validation loss: 0.0001538
2025-08-08 04:54:13,145 - INFO - Epoch 183/1000 | Train Loss: 0.0001922 | Val Loss: 0.0001575 | LR: 0.000705
2025-08-08 04:56:08,833 - INFO - Epoch 184/1000 | Train Loss: 0.0001846 | Val Loss: 0.0001604 | LR: 0.000702
2025-08-08 04:58:04,530 - INFO - Epoch 185/1000 | Train Loss: 0.0001856 | Val Loss: 0.0001668 | LR: 0.000699
2025-08-08 05:00:00,340 - INFO - Epoch 186/1000 | Train Loss: 0.0001891 | Val Loss: 0.0001516 | LR: 0.000696
2025-08-08 05:00:01,058 - INFO - New best model saved to /jizhicfs/Prometheus/Triton4Earth_V2/Scenario_3_Ocean_stream/regional_gulf_forcasting_0.125degree_daily/checkpoints/regional_gulf_forcasting_025degree_daily_20250808_best_model.pth with validation loss: 0.0001516
2025-08-08 05:01:56,751 - INFO - Epoch 187/1000 | Train Loss: 0.0001804 | Val Loss: 0.0001526 | LR: 0.000693
2025-08-08 05:03:52,461 - INFO - Epoch 188/1000 | Train Loss: 0.0001830 | Val Loss: 0.0001567 | LR: 0.000690
2025-08-08 05:05:48,144 - INFO - Epoch 189/1000 | Train Loss: 0.0001787 | Val Loss: 0.0001494 | LR: 0.000687
2025-08-08 05:05:48,879 - INFO - New best model saved to /jizhicfs/Prometheus/Triton4Earth_V2/Scenario_3_Ocean_stream/regional_gulf_forcasting_0.125degree_daily/checkpoints/regional_gulf_forcasting_025degree_daily_20250808_best_model.pth with validation loss: 0.0001494
2025-08-08 05:07:44,622 - INFO - Epoch 190/1000 | Train Loss: 0.0001832 | Val Loss: 0.0001583 | LR: 0.000684
2025-08-08 05:09:40,343 - INFO - Epoch 191/1000 | Train Loss: 0.0001839 | Val Loss: 0.0001536 | LR: 0.000681
2025-08-08 05:11:36,157 - INFO - Epoch 192/1000 | Train Loss: 0.0001788 | Val Loss: 0.0001542 | LR: 0.000679
2025-08-08 05:13:31,924 - INFO - Epoch 193/1000 | Train Loss: 0.0001753 | Val Loss: 0.0001478 | LR: 0.000676
2025-08-08 05:13:32,642 - INFO - New best model saved to /jizhicfs/Prometheus/Triton4Earth_V2/Scenario_3_Ocean_stream/regional_gulf_forcasting_0.125degree_daily/checkpoints/regional_gulf_forcasting_025degree_daily_20250808_best_model.pth with validation loss: 0.0001478
2025-08-08 05:15:28,248 - INFO - Epoch 194/1000 | Train Loss: 0.0001745 | Val Loss: 0.0001484 | LR: 0.000673
2025-08-08 05:17:24,096 - INFO - Epoch 195/1000 | Train Loss: 0.0001776 | Val Loss: 0.0001493 | LR: 0.000670
2025-08-08 05:19:20,312 - INFO - Epoch 196/1000 | Train Loss: 0.0001683 | Val Loss: 0.0001456 | LR: 0.000667
2025-08-08 05:19:21,023 - INFO - New best model saved to /jizhicfs/Prometheus/Triton4Earth_V2/Scenario_3_Ocean_stream/regional_gulf_forcasting_0.125degree_daily/checkpoints/regional_gulf_forcasting_025degree_daily_20250808_best_model.pth with validation loss: 0.0001456
2025-08-08 05:21:16,757 - INFO - Epoch 197/1000 | Train Loss: 0.0001778 | Val Loss: 0.0001495 | LR: 0.000664
2025-08-08 05:23:12,443 - INFO - Epoch 198/1000 | Train Loss: 0.0001763 | Val Loss: 0.0001601 | LR: 0.000661
2025-08-08 05:25:08,410 - INFO - Epoch 199/1000 | Train Loss: 0.0001760 | Val Loss: 0.0001511 | LR: 0.000658
2025-08-08 05:27:04,387 - INFO - Epoch 200/1000 | Train Loss: 0.0001737 | Val Loss: 0.0001494 | LR: 0.000655
2025-08-08 05:27:05,060 - INFO - Saved periodic checkpoint at epoch 200 to /jizhicfs/Prometheus/Triton4Earth_V2/Scenario_3_Ocean_stream/regional_gulf_forcasting_0.125degree_daily/checkpoints/regional_gulf_forcasting_025degree_daily_20250808_epoch_200.pth
2025-08-08 05:29:00,705 - INFO - Epoch 201/1000 | Train Loss: 0.0001846 | Val Loss: 0.0001465 | LR: 0.000652
2025-08-08 05:30:56,416 - INFO - Epoch 202/1000 | Train Loss: 0.0001740 | Val Loss: 0.0001491 | LR: 0.000649
2025-08-08 05:32:52,502 - INFO - Epoch 203/1000 | Train Loss: 0.0001734 | Val Loss: 0.0001467 | LR: 0.000646
2025-08-08 05:34:48,601 - INFO - Epoch 204/1000 | Train Loss: 0.0001761 | Val Loss: 0.0001435 | LR: 0.000643
2025-08-08 05:34:49,307 - INFO - New best model saved to /jizhicfs/Prometheus/Triton4Earth_V2/Scenario_3_Ocean_stream/regional_gulf_forcasting_0.125degree_daily/checkpoints/regional_gulf_forcasting_025degree_daily_20250808_best_model.pth with validation loss: 0.0001435
2025-08-08 05:36:44,956 - INFO - Epoch 205/1000 | Train Loss: 0.0001791 | Val Loss: 0.0001455 | LR: 0.000640
2025-08-08 05:38:40,612 - INFO - Epoch 206/1000 | Train Loss: 0.0001760 | Val Loss: 0.0001424 | LR: 0.000637
2025-08-08 05:38:41,377 - INFO - New best model saved to /jizhicfs/Prometheus/Triton4Earth_V2/Scenario_3_Ocean_stream/regional_gulf_forcasting_0.125degree_daily/checkpoints/regional_gulf_forcasting_025degree_daily_20250808_best_model.pth with validation loss: 0.0001424
2025-08-08 05:40:37,145 - INFO - Epoch 207/1000 | Train Loss: 0.0001724 | Val Loss: 0.0001469 | LR: 0.000634
2025-08-08 05:42:32,869 - INFO - Epoch 208/1000 | Train Loss: 0.0001738 | Val Loss: 0.0001456 | LR: 0.000631
2025-08-08 05:44:28,654 - INFO - Epoch 209/1000 | Train Loss: 0.0001762 | Val Loss: 0.0001447 | LR: 0.000628
2025-08-08 05:46:24,289 - INFO - Epoch 210/1000 | Train Loss: 0.0001698 | Val Loss: 0.0001434 | LR: 0.000625
2025-08-08 05:48:20,035 - INFO - Epoch 211/1000 | Train Loss: 0.0001722 | Val Loss: 0.0001454 | LR: 0.000622
2025-08-08 05:50:15,736 - INFO - Epoch 212/1000 | Train Loss: 0.0001685 | Val Loss: 0.0001436 | LR: 0.000619
2025-08-08 05:52:11,497 - INFO - Epoch 213/1000 | Train Loss: 0.0001677 | Val Loss: 0.0001416 | LR: 0.000616
2025-08-08 05:52:12,198 - INFO - New best model saved to /jizhicfs/Prometheus/Triton4Earth_V2/Scenario_3_Ocean_stream/regional_gulf_forcasting_0.125degree_daily/checkpoints/regional_gulf_forcasting_025degree_daily_20250808_best_model.pth with validation loss: 0.0001416
2025-08-08 05:54:07,861 - INFO - Epoch 214/1000 | Train Loss: 0.0001664 | Val Loss: 0.0001402 | LR: 0.000613
2025-08-08 05:54:08,582 - INFO - New best model saved to /jizhicfs/Prometheus/Triton4Earth_V2/Scenario_3_Ocean_stream/regional_gulf_forcasting_0.125degree_daily/checkpoints/regional_gulf_forcasting_025degree_daily_20250808_best_model.pth with validation loss: 0.0001402
2025-08-08 05:56:04,208 - INFO - Epoch 215/1000 | Train Loss: 0.0001703 | Val Loss: 0.0001446 | LR: 0.000609
2025-08-08 05:57:59,954 - INFO - Epoch 216/1000 | Train Loss: 0.0001649 | Val Loss: 0.0001481 | LR: 0.000606
2025-08-08 05:59:55,771 - INFO - Epoch 217/1000 | Train Loss: 0.0001705 | Val Loss: 0.0001402 | LR: 0.000603
2025-08-08 05:59:56,461 - INFO - New best model saved to /jizhicfs/Prometheus/Triton4Earth_V2/Scenario_3_Ocean_stream/regional_gulf_forcasting_0.125degree_daily/checkpoints/regional_gulf_forcasting_025degree_daily_20250808_best_model.pth with validation loss: 0.0001402
2025-08-08 06:01:52,354 - INFO - Epoch 218/1000 | Train Loss: 0.0001692 | Val Loss: 0.0001399 | LR: 0.000600
2025-08-08 06:01:53,095 - INFO - New best model saved to /jizhicfs/Prometheus/Triton4Earth_V2/Scenario_3_Ocean_stream/regional_gulf_forcasting_0.125degree_daily/checkpoints/regional_gulf_forcasting_025degree_daily_20250808_best_model.pth with validation loss: 0.0001399
2025-08-08 06:03:48,773 - INFO - Epoch 219/1000 | Train Loss: 0.0001680 | Val Loss: 0.0001422 | LR: 0.000597
2025-08-08 06:05:44,487 - INFO - Epoch 220/1000 | Train Loss: 0.0001725 | Val Loss: 0.0001397 | LR: 0.000594
2025-08-08 06:05:45,192 - INFO - New best model saved to /jizhicfs/Prometheus/Triton4Earth_V2/Scenario_3_Ocean_stream/regional_gulf_forcasting_0.125degree_daily/checkpoints/regional_gulf_forcasting_025degree_daily_20250808_best_model.pth with validation loss: 0.0001397
2025-08-08 06:07:40,921 - INFO - Epoch 221/1000 | Train Loss: 0.0001695 | Val Loss: 0.0001416 | LR: 0.000591
2025-08-08 06:09:36,762 - INFO - Epoch 222/1000 | Train Loss: 0.0001640 | Val Loss: 0.0001391 | LR: 0.000588
2025-08-08 06:09:37,480 - INFO - New best model saved to /jizhicfs/Prometheus/Triton4Earth_V2/Scenario_3_Ocean_stream/regional_gulf_forcasting_0.125degree_daily/checkpoints/regional_gulf_forcasting_025degree_daily_20250808_best_model.pth with validation loss: 0.0001391
2025-08-08 06:11:33,286 - INFO - Epoch 223/1000 | Train Loss: 0.0001694 | Val Loss: 0.0001443 | LR: 0.000585
2025-08-08 06:13:28,980 - INFO - Epoch 224/1000 | Train Loss: 0.0001632 | Val Loss: 0.0001391 | LR: 0.000582
2025-08-08 06:15:24,626 - INFO - Epoch 225/1000 | Train Loss: 0.0001667 | Val Loss: 0.0001389 | LR: 0.000579
2025-08-08 06:15:25,340 - INFO - New best model saved to /jizhicfs/Prometheus/Triton4Earth_V2/Scenario_3_Ocean_stream/regional_gulf_forcasting_0.125degree_daily/checkpoints/regional_gulf_forcasting_025degree_daily_20250808_best_model.pth with validation loss: 0.0001389
2025-08-08 06:17:21,263 - INFO - Epoch 226/1000 | Train Loss: 0.0001691 | Val Loss: 0.0001423 | LR: 0.000576
2025-08-08 06:19:17,078 - INFO - Epoch 227/1000 | Train Loss: 0.0002125 | Val Loss: 0.0001383 | LR: 0.000572
2025-08-08 06:19:17,787 - INFO - New best model saved to /jizhicfs/Prometheus/Triton4Earth_V2/Scenario_3_Ocean_stream/regional_gulf_forcasting_0.125degree_daily/checkpoints/regional_gulf_forcasting_025degree_daily_20250808_best_model.pth with validation loss: 0.0001383
2025-08-08 06:21:13,450 - INFO - Epoch 228/1000 | Train Loss: 0.0001663 | Val Loss: 0.0001389 | LR: 0.000569
2025-08-08 06:23:09,236 - INFO - Epoch 229/1000 | Train Loss: 0.0001644 | Val Loss: 0.0001382 | LR: 0.000566
2025-08-08 06:23:09,937 - INFO - New best model saved to /jizhicfs/Prometheus/Triton4Earth_V2/Scenario_3_Ocean_stream/regional_gulf_forcasting_0.125degree_daily/checkpoints/regional_gulf_forcasting_025degree_daily_20250808_best_model.pth with validation loss: 0.0001382
2025-08-08 06:25:06,034 - INFO - Epoch 230/1000 | Train Loss: 0.0001617 | Val Loss: 0.0001337 | LR: 0.000563
2025-08-08 06:25:06,762 - INFO - New best model saved to /jizhicfs/Prometheus/Triton4Earth_V2/Scenario_3_Ocean_stream/regional_gulf_forcasting_0.125degree_daily/checkpoints/regional_gulf_forcasting_025degree_daily_20250808_best_model.pth with validation loss: 0.0001337
2025-08-08 06:27:02,729 - INFO - Epoch 231/1000 | Train Loss: 0.0001570 | Val Loss: 0.0001331 | LR: 0.000560
2025-08-08 06:27:03,433 - INFO - New best model saved to /jizhicfs/Prometheus/Triton4Earth_V2/Scenario_3_Ocean_stream/regional_gulf_forcasting_0.125degree_daily/checkpoints/regional_gulf_forcasting_025degree_daily_20250808_best_model.pth with validation loss: 0.0001331
2025-08-08 06:28:59,100 - INFO - Epoch 232/1000 | Train Loss: 0.0001675 | Val Loss: 0.0001372 | LR: 0.000557
2025-08-08 06:30:54,978 - INFO - Epoch 233/1000 | Train Loss: 0.0001695 | Val Loss: 0.0001347 | LR: 0.000554
2025-08-08 06:32:50,696 - INFO - Epoch 234/1000 | Train Loss: 0.0001643 | Val Loss: 0.0001338 | LR: 0.000551
2025-08-08 06:34:46,723 - INFO - Epoch 235/1000 | Train Loss: 0.0001669 | Val Loss: 0.0001370 | LR: 0.000548
2025-08-08 06:36:42,566 - INFO - Epoch 236/1000 | Train Loss: 0.0001635 | Val Loss: 0.0001349 | LR: 0.000544
2025-08-08 06:38:38,205 - INFO - Epoch 237/1000 | Train Loss: 0.0001563 | Val Loss: 0.0001328 | LR: 0.000541
2025-08-08 06:38:38,925 - INFO - New best model saved to /jizhicfs/Prometheus/Triton4Earth_V2/Scenario_3_Ocean_stream/regional_gulf_forcasting_0.125degree_daily/checkpoints/regional_gulf_forcasting_025degree_daily_20250808_best_model.pth with validation loss: 0.0001328
2025-08-08 06:40:34,523 - INFO - Epoch 238/1000 | Train Loss: 0.0001650 | Val Loss: 0.0001341 | LR: 0.000538
2025-08-08 06:42:30,214 - INFO - Epoch 239/1000 | Train Loss: 0.0001615 | Val Loss: 0.0001307 | LR: 0.000535
2025-08-08 06:42:30,927 - INFO - New best model saved to /jizhicfs/Prometheus/Triton4Earth_V2/Scenario_3_Ocean_stream/regional_gulf_forcasting_0.125degree_daily/checkpoints/regional_gulf_forcasting_025degree_daily_20250808_best_model.pth with validation loss: 0.0001307
2025-08-08 06:44:26,827 - INFO - Epoch 240/1000 | Train Loss: 0.0001632 | Val Loss: 0.0001352 | LR: 0.000532
2025-08-08 06:46:22,818 - INFO - Epoch 241/1000 | Train Loss: 0.0001605 | Val Loss: 0.0001298 | LR: 0.000529
2025-08-08 06:46:23,540 - INFO - New best model saved to /jizhicfs/Prometheus/Triton4Earth_V2/Scenario_3_Ocean_stream/regional_gulf_forcasting_0.125degree_daily/checkpoints/regional_gulf_forcasting_025degree_daily_20250808_best_model.pth with validation loss: 0.0001298
2025-08-08 06:48:19,362 - INFO - Epoch 242/1000 | Train Loss: 0.0001615 | Val Loss: 0.0001353 | LR: 0.000526
2025-08-08 06:50:14,993 - INFO - Epoch 243/1000 | Train Loss: 0.0001612 | Val Loss: 0.0001313 | LR: 0.000522
2025-08-08 06:52:10,889 - INFO - Epoch 244/1000 | Train Loss: 0.0001616 | Val Loss: 0.0001319 | LR: 0.000519
2025-08-08 06:54:06,716 - INFO - Epoch 245/1000 | Train Loss: 0.0001578 | Val Loss: 0.0001285 | LR: 0.000516
2025-08-08 06:54:07,480 - INFO - New best model saved to /jizhicfs/Prometheus/Triton4Earth_V2/Scenario_3_Ocean_stream/regional_gulf_forcasting_0.125degree_daily/checkpoints/regional_gulf_forcasting_025degree_daily_20250808_best_model.pth with validation loss: 0.0001285
2025-08-08 06:56:03,115 - INFO - Epoch 246/1000 | Train Loss: 0.0001506 | Val Loss: 0.0001261 | LR: 0.000513
2025-08-08 06:56:03,874 - INFO - New best model saved to /jizhicfs/Prometheus/Triton4Earth_V2/Scenario_3_Ocean_stream/regional_gulf_forcasting_0.125degree_daily/checkpoints/regional_gulf_forcasting_025degree_daily_20250808_best_model.pth with validation loss: 0.0001261
2025-08-08 06:57:59,511 - INFO - Epoch 247/1000 | Train Loss: 0.0001575 | Val Loss: 0.0001295 | LR: 0.000510
2025-08-08 06:59:55,224 - INFO - Epoch 248/1000 | Train Loss: 0.0001566 | Val Loss: 0.0001299 | LR: 0.000507
2025-08-08 07:01:51,371 - INFO - Epoch 249/1000 | Train Loss: 0.0001647 | Val Loss: 0.0001296 | LR: 0.000504
2025-08-08 07:03:47,254 - INFO - Epoch 250/1000 | Train Loss: 0.0001576 | Val Loss: 0.0001281 | LR: 0.000500
2025-08-08 07:05:43,324 - INFO - Epoch 251/1000 | Train Loss: 0.0001557 | Val Loss: 0.0001296 | LR: 0.000497
2025-08-08 07:07:39,397 - INFO - Epoch 252/1000 | Train Loss: 0.0001577 | Val Loss: 0.0001271 | LR: 0.000494
2025-08-08 07:09:35,126 - INFO - Epoch 253/1000 | Train Loss: 0.0001550 | Val Loss: 0.0001327 | LR: 0.000491
2025-08-08 07:11:31,028 - INFO - Epoch 254/1000 | Train Loss: 0.0001574 | Val Loss: 0.0001292 | LR: 0.000488
2025-08-08 07:13:26,858 - INFO - Epoch 255/1000 | Train Loss: 0.0001626 | Val Loss: 0.0001258 | LR: 0.000485
2025-08-08 07:13:27,586 - INFO - New best model saved to /jizhicfs/Prometheus/Triton4Earth_V2/Scenario_3_Ocean_stream/regional_gulf_forcasting_0.125degree_daily/checkpoints/regional_gulf_forcasting_025degree_daily_20250808_best_model.pth with validation loss: 0.0001258
2025-08-08 07:15:23,246 - INFO - Epoch 256/1000 | Train Loss: 0.0001554 | Val Loss: 0.0001299 | LR: 0.000482
2025-08-08 07:17:19,006 - INFO - Epoch 257/1000 | Train Loss: 0.0001579 | Val Loss: 0.0001291 | LR: 0.000479
2025-08-08 07:19:14,646 - INFO - Epoch 258/1000 | Train Loss: 0.0001592 | Val Loss: 0.0001266 | LR: 0.000475
2025-08-08 07:21:10,537 - INFO - Epoch 259/1000 | Train Loss: 0.0001544 | Val Loss: 0.0001267 | LR: 0.000472
2025-08-08 07:23:06,320 - INFO - Epoch 260/1000 | Train Loss: 0.0001511 | Val Loss: 0.0001263 | LR: 0.000469
2025-08-08 07:25:01,981 - INFO - Epoch 261/1000 | Train Loss: 0.0001556 | Val Loss: 0.0001247 | LR: 0.000466
2025-08-08 07:25:02,710 - INFO - New best model saved to /jizhicfs/Prometheus/Triton4Earth_V2/Scenario_3_Ocean_stream/regional_gulf_forcasting_0.125degree_daily/checkpoints/regional_gulf_forcasting_025degree_daily_20250808_best_model.pth with validation loss: 0.0001247
2025-08-08 07:26:58,404 - INFO - Epoch 262/1000 | Train Loss: 0.0001585 | Val Loss: 0.0001258 | LR: 0.000463
2025-08-08 07:28:54,079 - INFO - Epoch 263/1000 | Train Loss: 0.0001537 | Val Loss: 0.0001231 | LR: 0.000460
2025-08-08 07:28:54,811 - INFO - New best model saved to /jizhicfs/Prometheus/Triton4Earth_V2/Scenario_3_Ocean_stream/regional_gulf_forcasting_0.125degree_daily/checkpoints/regional_gulf_forcasting_025degree_daily_20250808_best_model.pth with validation loss: 0.0001231
2025-08-08 07:30:50,467 - INFO - Epoch 264/1000 | Train Loss: 0.0001536 | Val Loss: 0.0001245 | LR: 0.000457
2025-08-08 07:32:46,575 - INFO - Epoch 265/1000 | Train Loss: 0.0001553 | Val Loss: 0.0001215 | LR: 0.000453
2025-08-08 07:32:47,306 - INFO - New best model saved to /jizhicfs/Prometheus/Triton4Earth_V2/Scenario_3_Ocean_stream/regional_gulf_forcasting_0.125degree_daily/checkpoints/regional_gulf_forcasting_025degree_daily_20250808_best_model.pth with validation loss: 0.0001215
2025-08-08 07:34:42,916 - INFO - Epoch 266/1000 | Train Loss: 0.0001509 | Val Loss: 0.0001256 | LR: 0.000450
2025-08-08 07:36:38,747 - INFO - Epoch 267/1000 | Train Loss: 0.0001509 | Val Loss: 0.0001237 | LR: 0.000447
2025-08-08 07:38:34,834 - INFO - Epoch 268/1000 | Train Loss: 0.0001557 | Val Loss: 0.0001238 | LR: 0.000444
2025-08-08 07:40:30,959 - INFO - Epoch 269/1000 | Train Loss: 0.0001599 | Val Loss: 0.0001233 | LR: 0.000441
2025-08-08 07:42:26,652 - INFO - Epoch 270/1000 | Train Loss: 0.0001509 | Val Loss: 0.0001212 | LR: 0.000438
2025-08-08 07:42:27,394 - INFO - New best model saved to /jizhicfs/Prometheus/Triton4Earth_V2/Scenario_3_Ocean_stream/regional_gulf_forcasting_0.125degree_daily/checkpoints/regional_gulf_forcasting_025degree_daily_20250808_best_model.pth with validation loss: 0.0001212
2025-08-08 07:44:23,233 - INFO - Epoch 271/1000 | Train Loss: 0.0001508 | Val Loss: 0.0001222 | LR: 0.000435
2025-08-08 07:46:18,964 - INFO - Epoch 272/1000 | Train Loss: 0.0001500 | Val Loss: 0.0001203 | LR: 0.000432
2025-08-08 07:46:19,683 - INFO - New best model saved to /jizhicfs/Prometheus/Triton4Earth_V2/Scenario_3_Ocean_stream/regional_gulf_forcasting_0.125degree_daily/checkpoints/regional_gulf_forcasting_025degree_daily_20250808_best_model.pth with validation loss: 0.0001203
2025-08-08 07:48:15,710 - INFO - Epoch 273/1000 | Train Loss: 0.0001533 | Val Loss: 0.0001243 | LR: 0.000429
2025-08-08 07:50:11,627 - INFO - Epoch 274/1000 | Train Loss: 0.0001482 | Val Loss: 0.0001217 | LR: 0.000425
2025-08-08 07:52:07,316 - INFO - Epoch 275/1000 | Train Loss: 0.0001451 | Val Loss: 0.0001223 | LR: 0.000422
2025-08-08 07:54:03,036 - INFO - Epoch 276/1000 | Train Loss: 0.0001479 | Val Loss: 0.0001208 | LR: 0.000419
2025-08-08 07:55:58,808 - INFO - Epoch 277/1000 | Train Loss: 0.0001521 | Val Loss: 0.0001212 | LR: 0.000416
2025-08-08 07:57:54,557 - INFO - Epoch 278/1000 | Train Loss: 0.0001514 | Val Loss: 0.0001207 | LR: 0.000413
2025-08-08 07:59:50,386 - INFO - Epoch 279/1000 | Train Loss: 0.0001467 | Val Loss: 0.0001191 | LR: 0.000410
2025-08-08 07:59:51,115 - INFO - New best model saved to /jizhicfs/Prometheus/Triton4Earth_V2/Scenario_3_Ocean_stream/regional_gulf_forcasting_0.125degree_daily/checkpoints/regional_gulf_forcasting_025degree_daily_20250808_best_model.pth with validation loss: 0.0001191
2025-08-08 08:01:46,817 - INFO - Epoch 280/1000 | Train Loss: 0.0001472 | Val Loss: 0.0001189 | LR: 0.000407
2025-08-08 08:01:47,521 - INFO - New best model saved to /jizhicfs/Prometheus/Triton4Earth_V2/Scenario_3_Ocean_stream/regional_gulf_forcasting_0.125degree_daily/checkpoints/regional_gulf_forcasting_025degree_daily_20250808_best_model.pth with validation loss: 0.0001189
2025-08-08 08:03:43,200 - INFO - Epoch 281/1000 | Train Loss: 0.0001492 | Val Loss: 0.0001196 | LR: 0.000404
2025-08-08 08:05:38,972 - INFO - Epoch 282/1000 | Train Loss: 0.0001491 | Val Loss: 0.0001222 | LR: 0.000401
2025-08-08 08:07:34,810 - INFO - Epoch 283/1000 | Train Loss: 0.0001481 | Val Loss: 0.0001200 | LR: 0.000398
2025-08-08 08:09:30,616 - INFO - Epoch 284/1000 | Train Loss: 0.0001485 | Val Loss: 0.0001181 | LR: 0.000395
2025-08-08 08:09:31,338 - INFO - New best model saved to /jizhicfs/Prometheus/Triton4Earth_V2/Scenario_3_Ocean_stream/regional_gulf_forcasting_0.125degree_daily/checkpoints/regional_gulf_forcasting_025degree_daily_20250808_best_model.pth with validation loss: 0.0001181
2025-08-08 08:11:27,088 - INFO - Epoch 285/1000 | Train Loss: 0.0001450 | Val Loss: 0.0001176 | LR: 0.000392
2025-08-08 08:11:27,821 - INFO - New best model saved to /jizhicfs/Prometheus/Triton4Earth_V2/Scenario_3_Ocean_stream/regional_gulf_forcasting_0.125degree_daily/checkpoints/regional_gulf_forcasting_025degree_daily_20250808_best_model.pth with validation loss: 0.0001176
2025-08-08 08:13:23,611 - INFO - Epoch 286/1000 | Train Loss: 0.0001462 | Val Loss: 0.0001181 | LR: 0.000388
2025-08-08 08:15:19,313 - INFO - Epoch 287/1000 | Train Loss: 0.0001482 | Val Loss: 0.0001171 | LR: 0.000385
2025-08-08 08:15:20,042 - INFO - New best model saved to /jizhicfs/Prometheus/Triton4Earth_V2/Scenario_3_Ocean_stream/regional_gulf_forcasting_0.125degree_daily/checkpoints/regional_gulf_forcasting_025degree_daily_20250808_best_model.pth with validation loss: 0.0001171
2025-08-08 08:17:15,777 - INFO - Epoch 288/1000 | Train Loss: 0.0001424 | Val Loss: 0.0001190 | LR: 0.000382
2025-08-08 08:19:11,612 - INFO - Epoch 289/1000 | Train Loss: 0.0001439 | Val Loss: 0.0001166 | LR: 0.000379
2025-08-08 08:19:12,341 - INFO - New best model saved to /jizhicfs/Prometheus/Triton4Earth_V2/Scenario_3_Ocean_stream/regional_gulf_forcasting_0.125degree_daily/checkpoints/regional_gulf_forcasting_025degree_daily_20250808_best_model.pth with validation loss: 0.0001166
2025-08-08 08:21:08,024 - INFO - Epoch 290/1000 | Train Loss: 0.0001491 | Val Loss: 0.0001177 | LR: 0.000376
2025-08-08 08:23:03,978 - INFO - Epoch 291/1000 | Train Loss: 0.0001497 | Val Loss: 0.0001273 | LR: 0.000373
2025-08-08 08:24:59,689 - INFO - Epoch 292/1000 | Train Loss: 0.0001482 | Val Loss: 0.0001157 | LR: 0.000370
2025-08-08 08:25:00,423 - INFO - New best model saved to /jizhicfs/Prometheus/Triton4Earth_V2/Scenario_3_Ocean_stream/regional_gulf_forcasting_0.125degree_daily/checkpoints/regional_gulf_forcasting_025degree_daily_20250808_best_model.pth with validation loss: 0.0001157
2025-08-08 08:26:56,288 - INFO - Epoch 293/1000 | Train Loss: 0.0001467 | Val Loss: 0.0001172 | LR: 0.000367
2025-08-08 08:28:52,022 - INFO - Epoch 294/1000 | Train Loss: 0.0001539 | Val Loss: 0.0001162 | LR: 0.000364
2025-08-08 08:30:47,791 - INFO - Epoch 295/1000 | Train Loss: 0.0001454 | Val Loss: 0.0001169 | LR: 0.000361
2025-08-08 08:32:43,626 - INFO - Epoch 296/1000 | Train Loss: 0.0001459 | Val Loss: 0.0001159 | LR: 0.000358
2025-08-08 08:34:39,385 - INFO - Epoch 297/1000 | Train Loss: 0.0001484 | Val Loss: 0.0001158 | LR: 0.000355
2025-08-08 08:36:35,181 - INFO - Epoch 298/1000 | Train Loss: 0.0001431 | Val Loss: 0.0001148 | LR: 0.000352
2025-08-08 08:36:35,916 - INFO - New best model saved to /jizhicfs/Prometheus/Triton4Earth_V2/Scenario_3_Ocean_stream/regional_gulf_forcasting_0.125degree_daily/checkpoints/regional_gulf_forcasting_025degree_daily_20250808_best_model.pth with validation loss: 0.0001148
2025-08-08 08:38:31,506 - INFO - Epoch 299/1000 | Train Loss: 0.0001479 | Val Loss: 0.0001150 | LR: 0.000349
2025-08-08 08:40:27,211 - INFO - Epoch 300/1000 | Train Loss: 0.0001435 | Val Loss: 0.0001189 | LR: 0.000346
2025-08-08 08:40:27,915 - INFO - Saved periodic checkpoint at epoch 300 to /jizhicfs/Prometheus/Triton4Earth_V2/Scenario_3_Ocean_stream/regional_gulf_forcasting_0.125degree_daily/checkpoints/regional_gulf_forcasting_025degree_daily_20250808_epoch_300.pth
2025-08-08 08:42:23,546 - INFO - Epoch 301/1000 | Train Loss: 0.0001432 | Val Loss: 0.0001151 | LR: 0.000343
2025-08-08 08:44:19,302 - INFO - Epoch 302/1000 | Train Loss: 0.0001468 | Val Loss: 0.0001143 | LR: 0.000340
2025-08-08 08:44:20,036 - INFO - New best model saved to /jizhicfs/Prometheus/Triton4Earth_V2/Scenario_3_Ocean_stream/regional_gulf_forcasting_0.125degree_daily/checkpoints/regional_gulf_forcasting_025degree_daily_20250808_best_model.pth with validation loss: 0.0001143
2025-08-08 08:46:15,726 - INFO - Epoch 303/1000 | Train Loss: 0.0001459 | Val Loss: 0.0001143 | LR: 0.000337
2025-08-08 08:46:16,442 - INFO - New best model saved to /jizhicfs/Prometheus/Triton4Earth_V2/Scenario_3_Ocean_stream/regional_gulf_forcasting_0.125degree_daily/checkpoints/regional_gulf_forcasting_025degree_daily_20250808_best_model.pth with validation loss: 0.0001143
2025-08-08 08:48:12,050 - INFO - Epoch 304/1000 | Train Loss: 0.0001477 | Val Loss: 0.0001145 | LR: 0.000334
2025-08-08 08:50:07,759 - INFO - Epoch 305/1000 | Train Loss: 0.0001468 | Val Loss: 0.0001152 | LR: 0.000331
2025-08-08 08:52:03,768 - INFO - Epoch 306/1000 | Train Loss: 0.0001443 | Val Loss: 0.0001136 | LR: 0.000328
2025-08-08 08:52:04,528 - INFO - New best model saved to /jizhicfs/Prometheus/Triton4Earth_V2/Scenario_3_Ocean_stream/regional_gulf_forcasting_0.125degree_daily/checkpoints/regional_gulf_forcasting_025degree_daily_20250808_best_model.pth with validation loss: 0.0001136
2025-08-08 08:54:00,202 - INFO - Epoch 307/1000 | Train Loss: 0.0001455 | Val Loss: 0.0001149 | LR: 0.000325
2025-08-08 08:55:55,873 - INFO - Epoch 308/1000 | Train Loss: 0.0001452 | Val Loss: 0.0001151 | LR: 0.000322
2025-08-08 08:57:51,748 - INFO - Epoch 309/1000 | Train Loss: 0.0001429 | Val Loss: 0.0001115 | LR: 0.000320
2025-08-08 08:57:52,477 - INFO - New best model saved to /jizhicfs/Prometheus/Triton4Earth_V2/Scenario_3_Ocean_stream/regional_gulf_forcasting_0.125degree_daily/checkpoints/regional_gulf_forcasting_025degree_daily_20250808_best_model.pth with validation loss: 0.0001115
2025-08-08 08:59:48,558 - INFO - Epoch 310/1000 | Train Loss: 0.0001430 | Val Loss: 0.0001124 | LR: 0.000317
2025-08-08 09:01:44,291 - INFO - Epoch 311/1000 | Train Loss: 0.0001393 | Val Loss: 0.0001115 | LR: 0.000314
2025-08-08 09:03:40,035 - INFO - Epoch 312/1000 | Train Loss: 0.0001393 | Val Loss: 0.0001119 | LR: 0.000311
2025-08-08 09:05:35,740 - INFO - Epoch 313/1000 | Train Loss: 0.0001403 | Val Loss: 0.0001119 | LR: 0.000308
2025-08-08 09:07:31,496 - INFO - Epoch 314/1000 | Train Loss: 0.0001429 | Val Loss: 0.0001124 | LR: 0.000305
2025-08-08 09:09:27,245 - INFO - Epoch 315/1000 | Train Loss: 0.0001363 | Val Loss: 0.0001113 | LR: 0.000302
2025-08-08 09:09:27,963 - INFO - New best model saved to /jizhicfs/Prometheus/Triton4Earth_V2/Scenario_3_Ocean_stream/regional_gulf_forcasting_0.125degree_daily/checkpoints/regional_gulf_forcasting_025degree_daily_20250808_best_model.pth with validation loss: 0.0001113
2025-08-08 09:11:23,854 - INFO - Epoch 316/1000 | Train Loss: 0.0001447 | Val Loss: 0.0001183 | LR: 0.000299
2025-08-08 09:13:19,559 - INFO - Epoch 317/1000 | Train Loss: 0.0001474 | Val Loss: 0.0001152 | LR: 0.000296
2025-08-08 09:15:15,264 - INFO - Epoch 318/1000 | Train Loss: 0.0001410 | Val Loss: 0.0001113 | LR: 0.000294
2025-08-08 09:17:11,105 - INFO - Epoch 319/1000 | Train Loss: 0.0001440 | Val Loss: 0.0001142 | LR: 0.000291
2025-08-08 09:19:07,062 - INFO - Epoch 320/1000 | Train Loss: 0.0001424 | Val Loss: 0.0001111 | LR: 0.000288
2025-08-08 09:19:07,799 - INFO - New best model saved to /jizhicfs/Prometheus/Triton4Earth_V2/Scenario_3_Ocean_stream/regional_gulf_forcasting_0.125degree_daily/checkpoints/regional_gulf_forcasting_025degree_daily_20250808_best_model.pth with validation loss: 0.0001111
2025-08-08 09:21:03,425 - INFO - Epoch 321/1000 | Train Loss: 0.0001381 | Val Loss: 0.0001107 | LR: 0.000285
2025-08-08 09:21:04,156 - INFO - New best model saved to /jizhicfs/Prometheus/Triton4Earth_V2/Scenario_3_Ocean_stream/regional_gulf_forcasting_0.125degree_daily/checkpoints/regional_gulf_forcasting_025degree_daily_20250808_best_model.pth with validation loss: 0.0001107
2025-08-08 09:23:00,122 - INFO - Epoch 322/1000 | Train Loss: 0.0001373 | Val Loss: 0.0001119 | LR: 0.000282
2025-08-08 09:24:56,015 - INFO - Epoch 323/1000 | Train Loss: 0.0001415 | Val Loss: 0.0001101 | LR: 0.000279
2025-08-08 09:24:56,752 - INFO - New best model saved to /jizhicfs/Prometheus/Triton4Earth_V2/Scenario_3_Ocean_stream/regional_gulf_forcasting_0.125degree_daily/checkpoints/regional_gulf_forcasting_025degree_daily_20250808_best_model.pth with validation loss: 0.0001101
2025-08-08 09:26:52,412 - INFO - Epoch 324/1000 | Train Loss: 0.0001428 | Val Loss: 0.0001096 | LR: 0.000277
2025-08-08 09:26:53,120 - INFO - New best model saved to /jizhicfs/Prometheus/Triton4Earth_V2/Scenario_3_Ocean_stream/regional_gulf_forcasting_0.125degree_daily/checkpoints/regional_gulf_forcasting_025degree_daily_20250808_best_model.pth with validation loss: 0.0001096
2025-08-08 09:28:48,721 - INFO - Epoch 325/1000 | Train Loss: 0.0001399 | Val Loss: 0.0001099 | LR: 0.000274
2025-08-08 09:30:44,508 - INFO - Epoch 326/1000 | Train Loss: 0.0001396 | Val Loss: 0.0001099 | LR: 0.000271
2025-08-08 09:32:40,365 - INFO - Epoch 327/1000 | Train Loss: 0.0001375 | Val Loss: 0.0001096 | LR: 0.000268
2025-08-08 09:34:36,467 - INFO - Epoch 328/1000 | Train Loss: 0.0001421 | Val Loss: 0.0001101 | LR: 0.000265
2025-08-08 09:36:32,278 - INFO - Epoch 329/1000 | Train Loss: 0.0001363 | Val Loss: 0.0001079 | LR: 0.000263
2025-08-08 09:36:33,014 - INFO - New best model saved to /jizhicfs/Prometheus/Triton4Earth_V2/Scenario_3_Ocean_stream/regional_gulf_forcasting_0.125degree_daily/checkpoints/regional_gulf_forcasting_025degree_daily_20250808_best_model.pth with validation loss: 0.0001079
2025-08-08 09:38:28,761 - INFO - Epoch 330/1000 | Train Loss: 0.0001395 | Val Loss: 0.0001089 | LR: 0.000260
2025-08-08 09:40:24,423 - INFO - Epoch 331/1000 | Train Loss: 0.0001416 | Val Loss: 0.0001098 | LR: 0.000257
2025-08-08 09:42:20,323 - INFO - Epoch 332/1000 | Train Loss: 0.0001400 | Val Loss: 0.0001082 | LR: 0.000254
2025-08-08 09:44:16,377 - INFO - Epoch 333/1000 | Train Loss: 0.0001378 | Val Loss: 0.0001087 | LR: 0.000252
2025-08-08 09:46:12,174 - INFO - Epoch 334/1000 | Train Loss: 0.0001394 | Val Loss: 0.0001094 | LR: 0.000249
2025-08-08 09:48:07,976 - INFO - Epoch 335/1000 | Train Loss: 0.0001375 | Val Loss: 0.0001073 | LR: 0.000246
2025-08-08 09:48:08,745 - INFO - New best model saved to /jizhicfs/Prometheus/Triton4Earth_V2/Scenario_3_Ocean_stream/regional_gulf_forcasting_0.125degree_daily/checkpoints/regional_gulf_forcasting_025degree_daily_20250808_best_model.pth with validation loss: 0.0001073
2025-08-08 09:50:04,360 - INFO - Epoch 336/1000 | Train Loss: 0.0001386 | Val Loss: 0.0001075 | LR: 0.000244
2025-08-08 09:52:00,020 - INFO - Epoch 337/1000 | Train Loss: 0.0001408 | Val Loss: 0.0001089 | LR: 0.000241
2025-08-08 09:53:56,118 - INFO - Epoch 338/1000 | Train Loss: 0.0001399 | Val Loss: 0.0001083 | LR: 0.000238
2025-08-08 09:55:52,162 - INFO - Epoch 339/1000 | Train Loss: 0.0001374 | Val Loss: 0.0001078 | LR: 0.000236
2025-08-08 09:57:47,803 - INFO - Epoch 340/1000 | Train Loss: 0.0001373 | Val Loss: 0.0001078 | LR: 0.000233
2025-08-08 09:59:43,699 - INFO - Epoch 341/1000 | Train Loss: 0.0001345 | Val Loss: 0.0001076 | LR: 0.000230
2025-08-08 10:01:39,401 - INFO - Epoch 342/1000 | Train Loss: 0.0001383 | Val Loss: 0.0001056 | LR: 0.000228
2025-08-08 10:01:40,139 - INFO - New best model saved to /jizhicfs/Prometheus/Triton4Earth_V2/Scenario_3_Ocean_stream/regional_gulf_forcasting_0.125degree_daily/checkpoints/regional_gulf_forcasting_025degree_daily_20250808_best_model.pth with validation loss: 0.0001056
2025-08-08 10:03:35,981 - INFO - Epoch 343/1000 | Train Loss: 0.0001388 | Val Loss: 0.0001080 | LR: 0.000225
2025-08-08 10:05:31,625 - INFO - Epoch 344/1000 | Train Loss: 0.0001338 | Val Loss: 0.0001065 | LR: 0.000222
2025-08-08 10:07:27,699 - INFO - Epoch 345/1000 | Train Loss: 0.0001376 | Val Loss: 0.0001064 | LR: 0.000220
2025-08-08 10:09:23,557 - INFO - Epoch 346/1000 | Train Loss: 0.0001368 | Val Loss: 0.0001066 | LR: 0.000217
2025-08-08 10:11:19,301 - INFO - Epoch 347/1000 | Train Loss: 0.0001372 | Val Loss: 0.0001053 | LR: 0.000215
2025-08-08 10:11:20,035 - INFO - New best model saved to /jizhicfs/Prometheus/Triton4Earth_V2/Scenario_3_Ocean_stream/regional_gulf_forcasting_0.125degree_daily/checkpoints/regional_gulf_forcasting_025degree_daily_20250808_best_model.pth with validation loss: 0.0001053
2025-08-08 10:13:15,811 - INFO - Epoch 348/1000 | Train Loss: 0.0001378 | Val Loss: 0.0001070 | LR: 0.000212
2025-08-08 10:15:11,572 - INFO - Epoch 349/1000 | Train Loss: 0.0001360 | Val Loss: 0.0001054 | LR: 0.000209
2025-08-08 10:17:07,275 - INFO - Epoch 350/1000 | Train Loss: 0.0001370 | Val Loss: 0.0001048 | LR: 0.000207
2025-08-08 10:17:07,997 - INFO - New best model saved to /jizhicfs/Prometheus/Triton4Earth_V2/Scenario_3_Ocean_stream/regional_gulf_forcasting_0.125degree_daily/checkpoints/regional_gulf_forcasting_025degree_daily_20250808_best_model.pth with validation loss: 0.0001048
2025-08-08 10:19:04,007 - INFO - Epoch 351/1000 | Train Loss: 0.0001388 | Val Loss: 0.0001063 | LR: 0.000204
2025-08-08 10:20:59,793 - INFO - Epoch 352/1000 | Train Loss: 0.0001349 | Val Loss: 0.0001054 | LR: 0.000202
2025-08-08 10:22:55,559 - INFO - Epoch 353/1000 | Train Loss: 0.0001376 | Val Loss: 0.0001051 | LR: 0.000199
2025-08-08 10:24:51,622 - INFO - Epoch 354/1000 | Train Loss: 0.0001349 | Val Loss: 0.0001054 | LR: 0.000197
2025-08-08 10:26:47,324 - INFO - Epoch 355/1000 | Train Loss: 0.0001381 | Val Loss: 0.0001054 | LR: 0.000194
2025-08-08 10:28:42,971 - INFO - Epoch 356/1000 | Train Loss: 0.0001370 | Val Loss: 0.0001043 | LR: 0.000192
2025-08-08 10:28:43,684 - INFO - New best model saved to /jizhicfs/Prometheus/Triton4Earth_V2/Scenario_3_Ocean_stream/regional_gulf_forcasting_0.125degree_daily/checkpoints/regional_gulf_forcasting_025degree_daily_20250808_best_model.pth with validation loss: 0.0001043
2025-08-08 10:30:39,433 - INFO - Epoch 357/1000 | Train Loss: 0.0001354 | Val Loss: 0.0001054 | LR: 0.000189
2025-08-08 10:32:35,071 - INFO - Epoch 358/1000 | Train Loss: 0.0001335 | Val Loss: 0.0001044 | LR: 0.000187
2025-08-08 10:34:30,748 - INFO - Epoch 359/1000 | Train Loss: 0.0001327 | Val Loss: 0.0001046 | LR: 0.000185
2025-08-08 10:36:26,777 - INFO - Epoch 360/1000 | Train Loss: 0.0001349 | Val Loss: 0.0001042 | LR: 0.000182
2025-08-08 10:36:27,481 - INFO - New best model saved to /jizhicfs/Prometheus/Triton4Earth_V2/Scenario_3_Ocean_stream/regional_gulf_forcasting_0.125degree_daily/checkpoints/regional_gulf_forcasting_025degree_daily_20250808_best_model.pth with validation loss: 0.0001042
2025-08-08 10:38:23,322 - INFO - Epoch 361/1000 | Train Loss: 0.0001339 | Val Loss: 0.0001039 | LR: 0.000180
2025-08-08 10:38:24,050 - INFO - New best model saved to /jizhicfs/Prometheus/Triton4Earth_V2/Scenario_3_Ocean_stream/regional_gulf_forcasting_0.125degree_daily/checkpoints/regional_gulf_forcasting_025degree_daily_20250808_best_model.pth with validation loss: 0.0001039
2025-08-08 10:40:19,642 - INFO - Epoch 362/1000 | Train Loss: 0.0001328 | Val Loss: 0.0001041 | LR: 0.000177
2025-08-08 10:42:15,435 - INFO - Epoch 363/1000 | Train Loss: 0.0001352 | Val Loss: 0.0001043 | LR: 0.000175
2025-08-08 10:44:11,478 - INFO - Epoch 364/1000 | Train Loss: 0.0001368 | Val Loss: 0.0001034 | LR: 0.000173
2025-08-08 10:44:12,175 - INFO - New best model saved to /jizhicfs/Prometheus/Triton4Earth_V2/Scenario_3_Ocean_stream/regional_gulf_forcasting_0.125degree_daily/checkpoints/regional_gulf_forcasting_025degree_daily_20250808_best_model.pth with validation loss: 0.0001034
2025-08-08 10:46:07,977 - INFO - Epoch 365/1000 | Train Loss: 0.0001367 | Val Loss: 0.0001047 | LR: 0.000170
2025-08-08 10:48:03,785 - INFO - Epoch 366/1000 | Train Loss: 0.0001303 | Val Loss: 0.0001033 | LR: 0.000168
2025-08-08 10:48:04,495 - INFO - New best model saved to /jizhicfs/Prometheus/Triton4Earth_V2/Scenario_3_Ocean_stream/regional_gulf_forcasting_0.125degree_daily/checkpoints/regional_gulf_forcasting_025degree_daily_20250808_best_model.pth with validation loss: 0.0001033
2025-08-08 10:50:00,179 - INFO - Epoch 367/1000 | Train Loss: 0.0001360 | Val Loss: 0.0001040 | LR: 0.000165
2025-08-08 10:51:56,234 - INFO - Epoch 368/1000 | Train Loss: 0.0001333 | Val Loss: 0.0001034 | LR: 0.000163
2025-08-08 10:53:52,015 - INFO - Epoch 369/1000 | Train Loss: 0.0001348 | Val Loss: 0.0001043 | LR: 0.000161
2025-08-08 10:55:47,870 - INFO - Epoch 370/1000 | Train Loss: 0.0001330 | Val Loss: 0.0001032 | LR: 0.000159
2025-08-08 10:55:48,583 - INFO - New best model saved to /jizhicfs/Prometheus/Triton4Earth_V2/Scenario_3_Ocean_stream/regional_gulf_forcasting_0.125degree_daily/checkpoints/regional_gulf_forcasting_025degree_daily_20250808_best_model.pth with validation loss: 0.0001032
2025-08-08 10:57:44,448 - INFO - Epoch 371/1000 | Train Loss: 0.0001388 | Val Loss: 0.0001036 | LR: 0.000156
2025-08-08 10:59:40,105 - INFO - Epoch 372/1000 | Train Loss: 0.0001347 | Val Loss: 0.0001027 | LR: 0.000154
2025-08-08 10:59:40,817 - INFO - New best model saved to /jizhicfs/Prometheus/Triton4Earth_V2/Scenario_3_Ocean_stream/regional_gulf_forcasting_0.125degree_daily/checkpoints/regional_gulf_forcasting_025degree_daily_20250808_best_model.pth with validation loss: 0.0001027
2025-08-08 11:01:36,694 - INFO - Epoch 373/1000 | Train Loss: 0.0001328 | Val Loss: 0.0001026 | LR: 0.000152
2025-08-08 11:01:37,416 - INFO - New best model saved to /jizhicfs/Prometheus/Triton4Earth_V2/Scenario_3_Ocean_stream/regional_gulf_forcasting_0.125degree_daily/checkpoints/regional_gulf_forcasting_025degree_daily_20250808_best_model.pth with validation loss: 0.0001026
2025-08-08 11:03:33,628 - INFO - Epoch 374/1000 | Train Loss: 0.0001321 | Val Loss: 0.0001022 | LR: 0.000150
2025-08-08 11:03:34,365 - INFO - New best model saved to /jizhicfs/Prometheus/Triton4Earth_V2/Scenario_3_Ocean_stream/regional_gulf_forcasting_0.125degree_daily/checkpoints/regional_gulf_forcasting_025degree_daily_20250808_best_model.pth with validation loss: 0.0001022
2025-08-08 11:05:30,236 - INFO - Epoch 375/1000 | Train Loss: 0.0001341 | Val Loss: 0.0001028 | LR: 0.000147
2025-08-08 11:07:25,922 - INFO - Epoch 376/1000 | Train Loss: 0.0001313 | Val Loss: 0.0001023 | LR: 0.000145
2025-08-08 11:09:21,564 - INFO - Epoch 377/1000 | Train Loss: 0.0001346 | Val Loss: 0.0001029 | LR: 0.000143
2025-08-08 11:11:17,352 - INFO - Epoch 378/1000 | Train Loss: 0.0001370 | Val Loss: 0.0001031 | LR: 0.000141
2025-08-08 11:13:13,202 - INFO - Epoch 379/1000 | Train Loss: 0.0001349 | Val Loss: 0.0001017 | LR: 0.000139
2025-08-08 11:13:13,943 - INFO - New best model saved to /jizhicfs/Prometheus/Triton4Earth_V2/Scenario_3_Ocean_stream/regional_gulf_forcasting_0.125degree_daily/checkpoints/regional_gulf_forcasting_025degree_daily_20250808_best_model.pth with validation loss: 0.0001017
2025-08-08 11:15:09,528 - INFO - Epoch 380/1000 | Train Loss: 0.0001308 | Val Loss: 0.0001008 | LR: 0.000136
2025-08-08 11:15:10,263 - INFO - New best model saved to /jizhicfs/Prometheus/Triton4Earth_V2/Scenario_3_Ocean_stream/regional_gulf_forcasting_0.125degree_daily/checkpoints/regional_gulf_forcasting_025degree_daily_20250808_best_model.pth with validation loss: 0.0001008
2025-08-08 11:17:06,061 - INFO - Epoch 381/1000 | Train Loss: 0.0001318 | Val Loss: 0.0001022 | LR: 0.000134
2025-08-08 11:19:01,715 - INFO - Epoch 382/1000 | Train Loss: 0.0001334 | Val Loss: 0.0001013 | LR: 0.000132
2025-08-08 11:20:57,487 - INFO - Epoch 383/1000 | Train Loss: 0.0001319 | Val Loss: 0.0001020 | LR: 0.000130
2025-08-08 11:22:53,273 - INFO - Epoch 384/1000 | Train Loss: 0.0001299 | Val Loss: 0.0001009 | LR: 0.000128
2025-08-08 11:24:49,155 - INFO - Epoch 385/1000 | Train Loss: 0.0001334 | Val Loss: 0.0001013 | LR: 0.000126
2025-08-08 11:26:45,135 - INFO - Epoch 386/1000 | Train Loss: 0.0001325 | Val Loss: 0.0001010 | LR: 0.000124
2025-08-08 11:28:41,031 - INFO - Epoch 387/1000 | Train Loss: 0.0001333 | Val Loss: 0.0001016 | LR: 0.000122
2025-08-08 11:30:36,846 - INFO - Epoch 388/1000 | Train Loss: 0.0001319 | Val Loss: 0.0001018 | LR: 0.000120
2025-08-08 11:32:32,617 - INFO - Epoch 389/1000 | Train Loss: 0.0001336 | Val Loss: 0.0001008 | LR: 0.000118
2025-08-08 11:34:28,598 - INFO - Epoch 390/1000 | Train Loss: 0.0001323 | Val Loss: 0.0001006 | LR: 0.000116
2025-08-08 11:34:29,370 - INFO - New best model saved to /jizhicfs/Prometheus/Triton4Earth_V2/Scenario_3_Ocean_stream/regional_gulf_forcasting_0.125degree_daily/checkpoints/regional_gulf_forcasting_025degree_daily_20250808_best_model.pth with validation loss: 0.0001006
2025-08-08 11:36:25,093 - INFO - Epoch 391/1000 | Train Loss: 0.0001314 | Val Loss: 0.0001007 | LR: 0.000114
2025-08-08 11:38:20,882 - INFO - Epoch 392/1000 | Train Loss: 0.0001304 | Val Loss: 0.0001009 | LR: 0.000112
2025-08-08 11:40:16,595 - INFO - Epoch 393/1000 | Train Loss: 0.0001319 | Val Loss: 0.0001004 | LR: 0.000110
2025-08-08 11:40:17,331 - INFO - New best model saved to /jizhicfs/Prometheus/Triton4Earth_V2/Scenario_3_Ocean_stream/regional_gulf_forcasting_0.125degree_daily/checkpoints/regional_gulf_forcasting_025degree_daily_20250808_best_model.pth with validation loss: 0.0001004
2025-08-08 11:42:13,190 - INFO - Epoch 394/1000 | Train Loss: 0.0001290 | Val Loss: 0.0001012 | LR: 0.000108
2025-08-08 11:44:08,935 - INFO - Epoch 395/1000 | Train Loss: 0.0001310 | Val Loss: 0.0001007 | LR: 0.000106
2025-08-08 11:46:04,588 - INFO - Epoch 396/1000 | Train Loss: 0.0001330 | Val Loss: 0.0001011 | LR: 0.000104
2025-08-08 11:48:00,216 - INFO - Epoch 397/1000 | Train Loss: 0.0001283 | Val Loss: 0.0001003 | LR: 0.000102
2025-08-08 11:48:00,923 - INFO - New best model saved to /jizhicfs/Prometheus/Triton4Earth_V2/Scenario_3_Ocean_stream/regional_gulf_forcasting_0.125degree_daily/checkpoints/regional_gulf_forcasting_025degree_daily_20250808_best_model.pth with validation loss: 0.0001003
2025-08-08 11:49:56,670 - INFO - Epoch 398/1000 | Train Loss: 0.0001317 | Val Loss: 0.0001002 | LR: 0.000100
2025-08-08 11:49:57,387 - INFO - New best model saved to /jizhicfs/Prometheus/Triton4Earth_V2/Scenario_3_Ocean_stream/regional_gulf_forcasting_0.125degree_daily/checkpoints/regional_gulf_forcasting_025degree_daily_20250808_best_model.pth with validation loss: 0.0001002
2025-08-08 11:51:53,095 - INFO - Epoch 399/1000 | Train Loss: 0.0001344 | Val Loss: 0.0001000 | LR: 0.000098
2025-08-08 11:51:53,809 - INFO - New best model saved to /jizhicfs/Prometheus/Triton4Earth_V2/Scenario_3_Ocean_stream/regional_gulf_forcasting_0.125degree_daily/checkpoints/regional_gulf_forcasting_025degree_daily_20250808_best_model.pth with validation loss: 0.0001000
2025-08-08 11:53:49,444 - INFO - Epoch 400/1000 | Train Loss: 0.0001316 | Val Loss: 0.0000999 | LR: 0.000096
2025-08-08 11:53:50,164 - INFO - New best model saved to /jizhicfs/Prometheus/Triton4Earth_V2/Scenario_3_Ocean_stream/regional_gulf_forcasting_0.125degree_daily/checkpoints/regional_gulf_forcasting_025degree_daily_20250808_best_model.pth with validation loss: 0.0000999
2025-08-08 11:53:50,787 - INFO - Saved periodic checkpoint at epoch 400 to /jizhicfs/Prometheus/Triton4Earth_V2/Scenario_3_Ocean_stream/regional_gulf_forcasting_0.125degree_daily/checkpoints/regional_gulf_forcasting_025degree_daily_20250808_epoch_400.pth
2025-08-08 11:55:46,436 - INFO - Epoch 401/1000 | Train Loss: 0.0001268 | Val Loss: 0.0000994 | LR: 0.000095
2025-08-08 11:55:47,166 - INFO - New best model saved to /jizhicfs/Prometheus/Triton4Earth_V2/Scenario_3_Ocean_stream/regional_gulf_forcasting_0.125degree_daily/checkpoints/regional_gulf_forcasting_025degree_daily_20250808_best_model.pth with validation loss: 0.0000994
2025-08-08 11:57:42,888 - INFO - Epoch 402/1000 | Train Loss: 0.0001282 | Val Loss: 0.0000996 | LR: 0.000093
2025-08-08 11:59:38,695 - INFO - Epoch 403/1000 | Train Loss: 0.0001293 | Val Loss: 0.0000995 | LR: 0.000091
2025-08-08 12:01:34,453 - INFO - Epoch 404/1000 | Train Loss: 0.0001342 | Val Loss: 0.0000992 | LR: 0.000089
2025-08-08 12:01:35,152 - INFO - New best model saved to /jizhicfs/Prometheus/Triton4Earth_V2/Scenario_3_Ocean_stream/regional_gulf_forcasting_0.125degree_daily/checkpoints/regional_gulf_forcasting_025degree_daily_20250808_best_model.pth with validation loss: 0.0000992
2025-08-08 12:03:31,300 - INFO - Epoch 405/1000 | Train Loss: 0.0001310 | Val Loss: 0.0000996 | LR: 0.000087
2025-08-08 12:05:26,975 - INFO - Epoch 406/1000 | Train Loss: 0.0001286 | Val Loss: 0.0000992 | LR: 0.000086
2025-08-08 12:07:22,856 - INFO - Epoch 407/1000 | Train Loss: 0.0001281 | Val Loss: 0.0000992 | LR: 0.000084
2025-08-08 12:07:23,576 - INFO - New best model saved to /jizhicfs/Prometheus/Triton4Earth_V2/Scenario_3_Ocean_stream/regional_gulf_forcasting_0.125degree_daily/checkpoints/regional_gulf_forcasting_025degree_daily_20250808_best_model.pth with validation loss: 0.0000992
2025-08-08 12:09:19,245 - INFO - Epoch 408/1000 | Train Loss: 0.0001266 | Val Loss: 0.0000990 | LR: 0.000082
2025-08-08 12:09:19,990 - INFO - New best model saved to /jizhicfs/Prometheus/Triton4Earth_V2/Scenario_3_Ocean_stream/regional_gulf_forcasting_0.125degree_daily/checkpoints/regional_gulf_forcasting_025degree_daily_20250808_best_model.pth with validation loss: 0.0000990
2025-08-08 12:11:15,671 - INFO - Epoch 409/1000 | Train Loss: 0.0001306 | Val Loss: 0.0000989 | LR: 0.000080
2025-08-08 12:11:16,395 - INFO - New best model saved to /jizhicfs/Prometheus/Triton4Earth_V2/Scenario_3_Ocean_stream/regional_gulf_forcasting_0.125degree_daily/checkpoints/regional_gulf_forcasting_025degree_daily_20250808_best_model.pth with validation loss: 0.0000989
2025-08-08 12:13:12,048 - INFO - Epoch 410/1000 | Train Loss: 0.0001285 | Val Loss: 0.0000989 | LR: 0.000079
2025-08-08 12:13:12,776 - INFO - New best model saved to /jizhicfs/Prometheus/Triton4Earth_V2/Scenario_3_Ocean_stream/regional_gulf_forcasting_0.125degree_daily/checkpoints/regional_gulf_forcasting_025degree_daily_20250808_best_model.pth with validation loss: 0.0000989
2025-08-08 12:15:08,628 - INFO - Epoch 411/1000 | Train Loss: 0.0001277 | Val Loss: 0.0000990 | LR: 0.000077
2025-08-08 12:17:04,346 - INFO - Epoch 412/1000 | Train Loss: 0.0001290 | Val Loss: 0.0000986 | LR: 0.000075
2025-08-08 12:17:05,067 - INFO - New best model saved to /jizhicfs/Prometheus/Triton4Earth_V2/Scenario_3_Ocean_stream/regional_gulf_forcasting_0.125degree_daily/checkpoints/regional_gulf_forcasting_025degree_daily_20250808_best_model.pth with validation loss: 0.0000986
2025-08-08 12:19:00,672 - INFO - Epoch 413/1000 | Train Loss: 0.0001293 | Val Loss: 0.0000992 | LR: 0.000074
2025-08-08 12:20:56,628 - INFO - Epoch 414/1000 | Train Loss: 0.0001290 | Val Loss: 0.0000983 | LR: 0.000072
2025-08-08 12:20:57,377 - INFO - New best model saved to /jizhicfs/Prometheus/Triton4Earth_V2/Scenario_3_Ocean_stream/regional_gulf_forcasting_0.125degree_daily/checkpoints/regional_gulf_forcasting_025degree_daily_20250808_best_model.pth with validation loss: 0.0000983
2025-08-08 12:22:53,021 - INFO - Epoch 415/1000 | Train Loss: 0.0001307 | Val Loss: 0.0000986 | LR: 0.000071
2025-08-08 12:24:48,795 - INFO - Epoch 416/1000 | Train Loss: 0.0001252 | Val Loss: 0.0000987 | LR: 0.000069
2025-08-08 12:26:44,657 - INFO - Epoch 417/1000 | Train Loss: 0.0001257 | Val Loss: 0.0000979 | LR: 0.000067
2025-08-08 12:26:45,365 - INFO - New best model saved to /jizhicfs/Prometheus/Triton4Earth_V2/Scenario_3_Ocean_stream/regional_gulf_forcasting_0.125degree_daily/checkpoints/regional_gulf_forcasting_025degree_daily_20250808_best_model.pth with validation loss: 0.0000979
2025-08-08 12:28:41,023 - INFO - Epoch 418/1000 | Train Loss: 0.0001300 | Val Loss: 0.0000986 | LR: 0.000066
2025-08-08 12:30:36,776 - INFO - Epoch 419/1000 | Train Loss: 0.0001295 | Val Loss: 0.0000982 | LR: 0.000064
2025-08-08 12:32:32,890 - INFO - Epoch 420/1000 | Train Loss: 0.0001304 | Val Loss: 0.0000982 | LR: 0.000063
2025-08-08 12:34:28,685 - INFO - Epoch 421/1000 | Train Loss: 0.0001277 | Val Loss: 0.0000978 | LR: 0.000061
2025-08-08 12:34:29,410 - INFO - New best model saved to /jizhicfs/Prometheus/Triton4Earth_V2/Scenario_3_Ocean_stream/regional_gulf_forcasting_0.125degree_daily/checkpoints/regional_gulf_forcasting_025degree_daily_20250808_best_model.pth with validation loss: 0.0000978
2025-08-08 12:36:25,069 - INFO - Epoch 422/1000 | Train Loss: 0.0001288 | Val Loss: 0.0000985 | LR: 0.000060
2025-08-08 12:38:20,832 - INFO - Epoch 423/1000 | Train Loss: 0.0001271 | Val Loss: 0.0000977 | LR: 0.000058
2025-08-08 12:38:21,549 - INFO - New best model saved to /jizhicfs/Prometheus/Triton4Earth_V2/Scenario_3_Ocean_stream/regional_gulf_forcasting_0.125degree_daily/checkpoints/regional_gulf_forcasting_025degree_daily_20250808_best_model.pth with validation loss: 0.0000977
2025-08-08 12:40:17,411 - INFO - Epoch 424/1000 | Train Loss: 0.0001299 | Val Loss: 0.0000985 | LR: 0.000057
2025-08-08 12:42:13,162 - INFO - Epoch 425/1000 | Train Loss: 0.0001356 | Val Loss: 0.0000983 | LR: 0.000055
2025-08-08 12:44:08,666 - INFO - Epoch 426/1000 | Train Loss: 0.0001249 | Val Loss: 0.0000973 | LR: 0.000054
2025-08-08 12:44:09,387 - INFO - New best model saved to /jizhicfs/Prometheus/Triton4Earth_V2/Scenario_3_Ocean_stream/regional_gulf_forcasting_0.125degree_daily/checkpoints/regional_gulf_forcasting_025degree_daily_20250808_best_model.pth with validation loss: 0.0000973
2025-08-08 12:46:05,070 - INFO - Epoch 427/1000 | Train Loss: 0.0001269 | Val Loss: 0.0000980 | LR: 0.000053
2025-08-08 12:48:00,772 - INFO - Epoch 428/1000 | Train Loss: 0.0001253 | Val Loss: 0.0000981 | LR: 0.000051
2025-08-08 12:49:56,551 - INFO - Epoch 429/1000 | Train Loss: 0.0001290 | Val Loss: 0.0000973 | LR: 0.000050
2025-08-08 12:51:52,371 - INFO - Epoch 430/1000 | Train Loss: 0.0001285 | Val Loss: 0.0000973 | LR: 0.000049
2025-08-08 12:51:53,100 - INFO - New best model saved to /jizhicfs/Prometheus/Triton4Earth_V2/Scenario_3_Ocean_stream/regional_gulf_forcasting_0.125degree_daily/checkpoints/regional_gulf_forcasting_025degree_daily_20250808_best_model.pth with validation loss: 0.0000973
2025-08-08 12:53:48,801 - INFO - Epoch 431/1000 | Train Loss: 0.0001290 | Val Loss: 0.0000976 | LR: 0.000047
2025-08-08 12:55:44,446 - INFO - Epoch 432/1000 | Train Loss: 0.0001281 | Val Loss: 0.0000971 | LR: 0.000046
2025-08-08 12:55:45,173 - INFO - New best model saved to /jizhicfs/Prometheus/Triton4Earth_V2/Scenario_3_Ocean_stream/regional_gulf_forcasting_0.125degree_daily/checkpoints/regional_gulf_forcasting_025degree_daily_20250808_best_model.pth with validation loss: 0.0000971
2025-08-08 12:57:40,806 - INFO - Epoch 433/1000 | Train Loss: 0.0001289 | Val Loss: 0.0000977 | LR: 0.000045
2025-08-08 12:59:37,161 - INFO - Epoch 434/1000 | Train Loss: 0.0001293 | Val Loss: 0.0000974 | LR: 0.000043
2025-08-08 13:01:32,969 - INFO - Epoch 435/1000 | Train Loss: 0.0001303 | Val Loss: 0.0000974 | LR: 0.000042
2025-08-08 13:03:28,740 - INFO - Epoch 436/1000 | Train Loss: 0.0001264 | Val Loss: 0.0000974 | LR: 0.000041
2025-08-08 13:05:24,505 - INFO - Epoch 437/1000 | Train Loss: 0.0001300 | Val Loss: 0.0000972 | LR: 0.000040
2025-08-08 13:07:20,282 - INFO - Epoch 438/1000 | Train Loss: 0.0001253 | Val Loss: 0.0000970 | LR: 0.000038
2025-08-08 13:07:20,983 - INFO - New best model saved to /jizhicfs/Prometheus/Triton4Earth_V2/Scenario_3_Ocean_stream/regional_gulf_forcasting_0.125degree_daily/checkpoints/regional_gulf_forcasting_025degree_daily_20250808_best_model.pth with validation loss: 0.0000970
2025-08-08 13:09:16,648 - INFO - Epoch 439/1000 | Train Loss: 0.0001261 | Val Loss: 0.0000970 | LR: 0.000037
2025-08-08 13:11:12,598 - INFO - Epoch 440/1000 | Train Loss: 0.0001288 | Val Loss: 0.0000971 | LR: 0.000036
2025-08-08 13:13:08,290 - INFO - Epoch 441/1000 | Train Loss: 0.0001307 | Val Loss: 0.0000970 | LR: 0.000035
2025-08-08 13:13:09,024 - INFO - New best model saved to /jizhicfs/Prometheus/Triton4Earth_V2/Scenario_3_Ocean_stream/regional_gulf_forcasting_0.125degree_daily/checkpoints/regional_gulf_forcasting_025degree_daily_20250808_best_model.pth with validation loss: 0.0000970
2025-08-08 13:15:05,122 - INFO - Epoch 442/1000 | Train Loss: 0.0001270 | Val Loss: 0.0000970 | LR: 0.000034
2025-08-08 13:17:00,785 - INFO - Epoch 443/1000 | Train Loss: 0.0001302 | Val Loss: 0.0000968 | LR: 0.000033
2025-08-08 13:17:01,517 - INFO - New best model saved to /jizhicfs/Prometheus/Triton4Earth_V2/Scenario_3_Ocean_stream/regional_gulf_forcasting_0.125degree_daily/checkpoints/regional_gulf_forcasting_025degree_daily_20250808_best_model.pth with validation loss: 0.0000968
2025-08-08 13:18:57,193 - INFO - Epoch 444/1000 | Train Loss: 0.0001266 | Val Loss: 0.0000969 | LR: 0.000032
2025-08-08 13:20:53,004 - INFO - Epoch 445/1000 | Train Loss: 0.0001301 | Val Loss: 0.0000968 | LR: 0.000031
2025-08-08 13:22:48,866 - INFO - Epoch 446/1000 | Train Loss: 0.0001280 | Val Loss: 0.0000967 | LR: 0.000029
2025-08-08 13:22:49,567 - INFO - New best model saved to /jizhicfs/Prometheus/Triton4Earth_V2/Scenario_3_Ocean_stream/regional_gulf_forcasting_0.125degree_daily/checkpoints/regional_gulf_forcasting_025degree_daily_20250808_best_model.pth with validation loss: 0.0000967
2025-08-08 13:24:45,683 - INFO - Epoch 447/1000 | Train Loss: 0.0001268 | Val Loss: 0.0000964 | LR: 0.000028
2025-08-08 13:24:46,423 - INFO - New best model saved to /jizhicfs/Prometheus/Triton4Earth_V2/Scenario_3_Ocean_stream/regional_gulf_forcasting_0.125degree_daily/checkpoints/regional_gulf_forcasting_025degree_daily_20250808_best_model.pth with validation loss: 0.0000964
2025-08-08 13:26:42,352 - INFO - Epoch 448/1000 | Train Loss: 0.0001247 | Val Loss: 0.0000965 | LR: 0.000027
2025-08-08 13:28:38,059 - INFO - Epoch 449/1000 | Train Loss: 0.0001287 | Val Loss: 0.0000968 | LR: 0.000026
2025-08-08 13:30:33,873 - INFO - Epoch 450/1000 | Train Loss: 0.0001237 | Val Loss: 0.0000964 | LR: 0.000025
2025-08-08 13:30:34,614 - INFO - New best model saved to /jizhicfs/Prometheus/Triton4Earth_V2/Scenario_3_Ocean_stream/regional_gulf_forcasting_0.125degree_daily/checkpoints/regional_gulf_forcasting_025degree_daily_20250808_best_model.pth with validation loss: 0.0000964
2025-08-08 13:32:30,211 - INFO - Epoch 451/1000 | Train Loss: 0.0001281 | Val Loss: 0.0000965 | LR: 0.000024
2025-08-08 13:34:26,180 - INFO - Epoch 452/1000 | Train Loss: 0.0001281 | Val Loss: 0.0000966 | LR: 0.000024
2025-08-08 13:36:21,909 - INFO - Epoch 453/1000 | Train Loss: 0.0001273 | Val Loss: 0.0000966 | LR: 0.000023
2025-08-08 13:38:17,659 - INFO - Epoch 454/1000 | Train Loss: 0.0001279 | Val Loss: 0.0000964 | LR: 0.000022
2025-08-08 13:38:18,414 - INFO - New best model saved to /jizhicfs/Prometheus/Triton4Earth_V2/Scenario_3_Ocean_stream/regional_gulf_forcasting_0.125degree_daily/checkpoints/regional_gulf_forcasting_025degree_daily_20250808_best_model.pth with validation loss: 0.0000964
2025-08-08 13:40:14,112 - INFO - Epoch 455/1000 | Train Loss: 0.0001298 | Val Loss: 0.0000964 | LR: 0.000021
2025-08-08 13:42:09,808 - INFO - Epoch 456/1000 | Train Loss: 0.0001246 | Val Loss: 0.0000965 | LR: 0.000020
2025-08-08 13:44:05,550 - INFO - Epoch 457/1000 | Train Loss: 0.0001262 | Val Loss: 0.0000967 | LR: 0.000019
2025-08-08 13:46:01,211 - INFO - Epoch 458/1000 | Train Loss: 0.0001272 | Val Loss: 0.0000966 | LR: 0.000018
2025-08-08 13:47:56,890 - INFO - Epoch 459/1000 | Train Loss: 0.0001296 | Val Loss: 0.0000962 | LR: 0.000017
2025-08-08 13:47:57,623 - INFO - New best model saved to /jizhicfs/Prometheus/Triton4Earth_V2/Scenario_3_Ocean_stream/regional_gulf_forcasting_0.125degree_daily/checkpoints/regional_gulf_forcasting_025degree_daily_20250808_best_model.pth with validation loss: 0.0000962
2025-08-08 13:49:53,560 - INFO - Epoch 460/1000 | Train Loss: 0.0001257 | Val Loss: 0.0000964 | LR: 0.000017
2025-08-08 13:51:49,375 - INFO - Epoch 461/1000 | Train Loss: 0.0001269 | Val Loss: 0.0000964 | LR: 0.000016
2025-08-08 13:53:45,081 - INFO - Epoch 462/1000 | Train Loss: 0.0001275 | Val Loss: 0.0000966 | LR: 0.000015
2025-08-08 13:55:41,099 - INFO - Epoch 463/1000 | Train Loss: 0.0001286 | Val Loss: 0.0000962 | LR: 0.000014
2025-08-08 13:55:41,838 - INFO - New best model saved to /jizhicfs/Prometheus/Triton4Earth_V2/Scenario_3_Ocean_stream/regional_gulf_forcasting_0.125degree_daily/checkpoints/regional_gulf_forcasting_025degree_daily_20250808_best_model.pth with validation loss: 0.0000962
2025-08-08 13:57:37,492 - INFO - Epoch 464/1000 | Train Loss: 0.0001243 | Val Loss: 0.0000963 | LR: 0.000014
2025-08-08 13:59:33,166 - INFO - Epoch 465/1000 | Train Loss: 0.0001272 | Val Loss: 0.0000963 | LR: 0.000013
2025-08-08 14:01:28,892 - INFO - Epoch 466/1000 | Train Loss: 0.0001269 | Val Loss: 0.0000961 | LR: 0.000012
2025-08-08 14:01:29,625 - INFO - New best model saved to /jizhicfs/Prometheus/Triton4Earth_V2/Scenario_3_Ocean_stream/regional_gulf_forcasting_0.125degree_daily/checkpoints/regional_gulf_forcasting_025degree_daily_20250808_best_model.pth with validation loss: 0.0000961
2025-08-08 14:03:25,507 - INFO - Epoch 467/1000 | Train Loss: 0.0001268 | Val Loss: 0.0000962 | LR: 0.000012
2025-08-08 14:05:21,249 - INFO - Epoch 468/1000 | Train Loss: 0.0001317 | Val Loss: 0.0000962 | LR: 0.000011
2025-08-08 14:07:17,072 - INFO - Epoch 469/1000 | Train Loss: 0.0001281 | Val Loss: 0.0000961 | LR: 0.000010
2025-08-08 14:09:12,808 - INFO - Epoch 470/1000 | Train Loss: 0.0001283 | Val Loss: 0.0000960 | LR: 0.000010
2025-08-08 14:09:13,529 - INFO - New best model saved to /jizhicfs/Prometheus/Triton4Earth_V2/Scenario_3_Ocean_stream/regional_gulf_forcasting_0.125degree_daily/checkpoints/regional_gulf_forcasting_025degree_daily_20250808_best_model.pth with validation loss: 0.0000960
2025-08-08 14:11:09,310 - INFO - Epoch 471/1000 | Train Loss: 0.0001244 | Val Loss: 0.0000959 | LR: 0.000009
2025-08-08 14:11:10,058 - INFO - New best model saved to /jizhicfs/Prometheus/Triton4Earth_V2/Scenario_3_Ocean_stream/regional_gulf_forcasting_0.125degree_daily/checkpoints/regional_gulf_forcasting_025degree_daily_20250808_best_model.pth with validation loss: 0.0000959
2025-08-08 14:13:05,644 - INFO - Epoch 472/1000 | Train Loss: 0.0001257 | Val Loss: 0.0000961 | LR: 0.000009
2025-08-08 14:15:01,715 - INFO - Epoch 473/1000 | Train Loss: 0.0001267 | Val Loss: 0.0000960 | LR: 0.000008
2025-08-08 14:16:57,629 - INFO - Epoch 474/1000 | Train Loss: 0.0001258 | Val Loss: 0.0000959 | LR: 0.000008
2025-08-08 14:16:58,325 - INFO - New best model saved to /jizhicfs/Prometheus/Triton4Earth_V2/Scenario_3_Ocean_stream/regional_gulf_forcasting_0.125degree_daily/checkpoints/regional_gulf_forcasting_025degree_daily_20250808_best_model.pth with validation loss: 0.0000959
2025-08-08 14:18:53,984 - INFO - Epoch 475/1000 | Train Loss: 0.0001283 | Val Loss: 0.0000961 | LR: 0.000007
2025-08-08 14:20:49,761 - INFO - Epoch 476/1000 | Train Loss: 0.0001261 | Val Loss: 0.0000960 | LR: 0.000007
2025-08-08 14:22:45,471 - INFO - Epoch 477/1000 | Train Loss: 0.0001272 | Val Loss: 0.0000957 | LR: 0.000006
2025-08-08 14:22:46,191 - INFO - New best model saved to /jizhicfs/Prometheus/Triton4Earth_V2/Scenario_3_Ocean_stream/regional_gulf_forcasting_0.125degree_daily/checkpoints/regional_gulf_forcasting_025degree_daily_20250808_best_model.pth with validation loss: 0.0000957
2025-08-08 14:24:42,353 - INFO - Epoch 478/1000 | Train Loss: 0.0001258 | Val Loss: 0.0000960 | LR: 0.000006
2025-08-08 14:26:38,133 - INFO - Epoch 479/1000 | Train Loss: 0.0001282 | Val Loss: 0.0000958 | LR: 0.000005
2025-08-08 14:28:33,894 - INFO - Epoch 480/1000 | Train Loss: 0.0001262 | Val Loss: 0.0000959 | LR: 0.000005
2025-08-08 14:30:29,711 - INFO - Epoch 481/1000 | Train Loss: 0.0001267 | Val Loss: 0.0000958 | LR: 0.000005
2025-08-08 14:32:25,511 - INFO - Epoch 482/1000 | Train Loss: 0.0001282 | Val Loss: 0.0000959 | LR: 0.000004
2025-08-08 14:34:21,308 - INFO - Epoch 483/1000 | Train Loss: 0.0001263 | Val Loss: 0.0000958 | LR: 0.000004
2025-08-08 14:36:17,074 - INFO - Epoch 484/1000 | Train Loss: 0.0001281 | Val Loss: 0.0000958 | LR: 0.000004
2025-08-08 14:38:12,817 - INFO - Epoch 485/1000 | Train Loss: 0.0001225 | Val Loss: 0.0000958 | LR: 0.000003
2025-08-08 14:40:08,632 - INFO - Epoch 486/1000 | Train Loss: 0.0001255 | Val Loss: 0.0000959 | LR: 0.000003
2025-08-08 14:42:04,281 - INFO - Epoch 487/1000 | Train Loss: 0.0001261 | Val Loss: 0.0000958 | LR: 0.000003
2025-08-08 14:44:00,050 - INFO - Epoch 488/1000 | Train Loss: 0.0001243 | Val Loss: 0.0000958 | LR: 0.000002
2025-08-08 14:45:55,920 - INFO - Epoch 489/1000 | Train Loss: 0.0001285 | Val Loss: 0.0000958 | LR: 0.000002
2025-08-08 14:47:51,720 - INFO - Epoch 490/1000 | Train Loss: 0.0001287 | Val Loss: 0.0000958 | LR: 0.000002
2025-08-08 14:49:47,486 - INFO - Epoch 491/1000 | Train Loss: 0.0001260 | Val Loss: 0.0000957 | LR: 0.000002
2025-08-08 14:49:48,224 - INFO - New best model saved to /jizhicfs/Prometheus/Triton4Earth_V2/Scenario_3_Ocean_stream/regional_gulf_forcasting_0.125degree_daily/checkpoints/regional_gulf_forcasting_025degree_daily_20250808_best_model.pth with validation loss: 0.0000957
2025-08-08 14:51:43,990 - INFO - Epoch 492/1000 | Train Loss: 0.0001276 | Val Loss: 0.0000958 | LR: 0.000002
2025-08-08 14:53:39,756 - INFO - Epoch 493/1000 | Train Loss: 0.0001271 | Val Loss: 0.0000957 | LR: 0.000001
2025-08-08 14:53:40,446 - INFO - New best model saved to /jizhicfs/Prometheus/Triton4Earth_V2/Scenario_3_Ocean_stream/regional_gulf_forcasting_0.125degree_daily/checkpoints/regional_gulf_forcasting_025degree_daily_20250808_best_model.pth with validation loss: 0.0000957
2025-08-08 14:55:36,097 - INFO - Epoch 494/1000 | Train Loss: 0.0001248 | Val Loss: 0.0000958 | LR: 0.000001
2025-08-08 14:57:32,291 - INFO - Epoch 495/1000 | Train Loss: 0.0001260 | Val Loss: 0.0000958 | LR: 0.000001
2025-08-08 14:59:28,372 - INFO - Epoch 496/1000 | Train Loss: 0.0001272 | Val Loss: 0.0000958 | LR: 0.000001
2025-08-08 15:01:24,473 - INFO - Epoch 497/1000 | Train Loss: 0.0001306 | Val Loss: 0.0000958 | LR: 0.000001
2025-08-08 15:03:20,372 - INFO - Epoch 498/1000 | Train Loss: 0.0001317 | Val Loss: 0.0000958 | LR: 0.000001
2025-08-08 15:05:16,133 - INFO - Epoch 499/1000 | Train Loss: 0.0001283 | Val Loss: 0.0000957 | LR: 0.000001
2025-08-08 15:05:16,893 - INFO - New best model saved to /jizhicfs/Prometheus/Triton4Earth_V2/Scenario_3_Ocean_stream/regional_gulf_forcasting_0.125degree_daily/checkpoints/regional_gulf_forcasting_025degree_daily_20250808_best_model.pth with validation loss: 0.0000957
2025-08-08 15:07:12,587 - INFO - Epoch 500/1000 | Train Loss: 0.0001253 | Val Loss: 0.0000958 | LR: 0.000001
2025-08-08 15:07:13,272 - INFO - Saved periodic checkpoint at epoch 500 to /jizhicfs/Prometheus/Triton4Earth_V2/Scenario_3_Ocean_stream/regional_gulf_forcasting_0.125degree_daily/checkpoints/regional_gulf_forcasting_025degree_daily_20250808_epoch_500.pth
2025-08-08 15:09:08,967 - INFO - Epoch 501/1000 | Train Loss: 0.0001257 | Val Loss: 0.0000958 | LR: 0.000001
2025-08-08 15:11:05,106 - INFO - Epoch 502/1000 | Train Loss: 0.0001286 | Val Loss: 0.0000957 | LR: 0.000001
2025-08-08 15:13:01,213 - INFO - Epoch 503/1000 | Train Loss: 0.0001271 | Val Loss: 0.0000957 | LR: 0.000001
2025-08-08 15:14:56,899 - INFO - Epoch 504/1000 | Train Loss: 0.0001253 | Val Loss: 0.0000958 | LR: 0.000001
2025-08-08 15:16:52,557 - INFO - Epoch 505/1000 | Train Loss: 0.0001250 | Val Loss: 0.0000958 | LR: 0.000001
2025-08-08 15:18:48,493 - INFO - Epoch 506/1000 | Train Loss: 0.0001264 | Val Loss: 0.0000957 | LR: 0.000001
2025-08-08 15:20:44,276 - INFO - Epoch 507/1000 | Train Loss: 0.0001262 | Val Loss: 0.0000958 | LR: 0.000001
2025-08-08 15:22:40,055 - INFO - Epoch 508/1000 | Train Loss: 0.0001263 | Val Loss: 0.0000957 | LR: 0.000002
2025-08-08 15:24:35,820 - INFO - Epoch 509/1000 | Train Loss: 0.0001231 | Val Loss: 0.0000957 | LR: 0.000002
2025-08-08 15:26:31,625 - INFO - Epoch 510/1000 | Train Loss: 0.0001276 | Val Loss: 0.0000957 | LR: 0.000002
2025-08-08 15:28:27,439 - INFO - Epoch 511/1000 | Train Loss: 0.0001277 | Val Loss: 0.0000957 | LR: 0.000002
2025-08-08 15:30:23,182 - INFO - Epoch 512/1000 | Train Loss: 0.0001296 | Val Loss: 0.0000957 | LR: 0.000002
2025-08-08 15:32:18,968 - INFO - Epoch 513/1000 | Train Loss: 0.0001277 | Val Loss: 0.0000957 | LR: 0.000003
2025-08-08 15:34:14,850 - INFO - Epoch 514/1000 | Train Loss: 0.0001274 | Val Loss: 0.0000957 | LR: 0.000003
2025-08-08 15:34:15,561 - INFO - New best model saved to /jizhicfs/Prometheus/Triton4Earth_V2/Scenario_3_Ocean_stream/regional_gulf_forcasting_0.125degree_daily/checkpoints/regional_gulf_forcasting_025degree_daily_20250808_best_model.pth with validation loss: 0.0000957
2025-08-08 15:36:11,160 - INFO - Epoch 515/1000 | Train Loss: 0.0001255 | Val Loss: 0.0000957 | LR: 0.000003
2025-08-08 15:38:06,973 - INFO - Epoch 516/1000 | Train Loss: 0.0001273 | Val Loss: 0.0000958 | LR: 0.000004
2025-08-08 15:40:02,739 - INFO - Epoch 517/1000 | Train Loss: 0.0001250 | Val Loss: 0.0000958 | LR: 0.000004
2025-08-08 15:41:58,485 - INFO - Epoch 518/1000 | Train Loss: 0.0001243 | Val Loss: 0.0000958 | LR: 0.000004
2025-08-08 15:43:54,334 - INFO - Epoch 519/1000 | Train Loss: 0.0001251 | Val Loss: 0.0000957 | LR: 0.000005
2025-08-08 15:45:50,104 - INFO - Epoch 520/1000 | Train Loss: 0.0001252 | Val Loss: 0.0000959 | LR: 0.000005
2025-08-08 15:47:45,823 - INFO - Epoch 521/1000 | Train Loss: 0.0001246 | Val Loss: 0.0000958 | LR: 0.000005
2025-08-08 15:49:41,575 - INFO - Epoch 522/1000 | Train Loss: 0.0001270 | Val Loss: 0.0000958 | LR: 0.000006
2025-08-08 15:51:37,436 - INFO - Epoch 523/1000 | Train Loss: 0.0001280 | Val Loss: 0.0000959 | LR: 0.000006
2025-08-08 15:53:33,277 - INFO - Epoch 524/1000 | Train Loss: 0.0001271 | Val Loss: 0.0000957 | LR: 0.000007
2025-08-08 15:55:29,048 - INFO - Epoch 525/1000 | Train Loss: 0.0001320 | Val Loss: 0.0000957 | LR: 0.000007
2025-08-08 15:57:24,782 - INFO - Epoch 526/1000 | Train Loss: 0.0001248 | Val Loss: 0.0000958 | LR: 0.000008
2025-08-08 15:59:20,544 - INFO - Epoch 527/1000 | Train Loss: 0.0001292 | Val Loss: 0.0000960 | LR: 0.000008
2025-08-08 16:01:16,319 - INFO - Epoch 528/1000 | Train Loss: 0.0001265 | Val Loss: 0.0000959 | LR: 0.000009
2025-08-08 16:03:12,207 - INFO - Epoch 529/1000 | Train Loss: 0.0001240 | Val Loss: 0.0000958 | LR: 0.000009
2025-08-08 16:05:07,965 - INFO - Epoch 530/1000 | Train Loss: 0.0001246 | Val Loss: 0.0000958 | LR: 0.000010
2025-08-08 16:07:03,696 - INFO - Epoch 531/1000 | Train Loss: 0.0001285 | Val Loss: 0.0000959 | LR: 0.000010
2025-08-08 16:08:59,493 - INFO - Epoch 532/1000 | Train Loss: 0.0001255 | Val Loss: 0.0000958 | LR: 0.000011
2025-08-08 16:10:55,160 - INFO - Epoch 533/1000 | Train Loss: 0.0001259 | Val Loss: 0.0000961 | LR: 0.000012
2025-08-08 16:12:51,045 - INFO - Epoch 534/1000 | Train Loss: 0.0001280 | Val Loss: 0.0000958 | LR: 0.000012
2025-08-08 16:14:46,831 - INFO - Epoch 535/1000 | Train Loss: 0.0001243 | Val Loss: 0.0000958 | LR: 0.000013
2025-08-08 16:16:42,537 - INFO - Epoch 536/1000 | Train Loss: 0.0001239 | Val Loss: 0.0000958 | LR: 0.000014
2025-08-08 16:18:38,200 - INFO - Epoch 537/1000 | Train Loss: 0.0001248 | Val Loss: 0.0000958 | LR: 0.000014
2025-08-08 16:20:33,883 - INFO - Epoch 538/1000 | Train Loss: 0.0001276 | Val Loss: 0.0000962 | LR: 0.000015
2025-08-08 16:22:29,619 - INFO - Epoch 539/1000 | Train Loss: 0.0001243 | Val Loss: 0.0000959 | LR: 0.000016
2025-08-08 16:24:25,423 - INFO - Epoch 540/1000 | Train Loss: 0.0001230 | Val Loss: 0.0000958 | LR: 0.000017
2025-08-08 16:26:21,177 - INFO - Epoch 541/1000 | Train Loss: 0.0001253 | Val Loss: 0.0000957 | LR: 0.000017
2025-08-08 16:28:17,101 - INFO - Epoch 542/1000 | Train Loss: 0.0001290 | Val Loss: 0.0000960 | LR: 0.000018
2025-08-08 16:30:12,821 - INFO - Epoch 543/1000 | Train Loss: 0.0001239 | Val Loss: 0.0000960 | LR: 0.000019
2025-08-08 16:32:08,532 - INFO - Epoch 544/1000 | Train Loss: 0.0001256 | Val Loss: 0.0000959 | LR: 0.000020
2025-08-08 16:34:04,303 - INFO - Epoch 545/1000 | Train Loss: 0.0001264 | Val Loss: 0.0000959 | LR: 0.000021
2025-08-08 16:35:59,992 - INFO - Epoch 546/1000 | Train Loss: 0.0001260 | Val Loss: 0.0000960 | LR: 0.000022
2025-08-08 16:37:55,891 - INFO - Epoch 547/1000 | Train Loss: 0.0001270 | Val Loss: 0.0000959 | LR: 0.000023
2025-08-08 16:39:51,634 - INFO - Epoch 548/1000 | Train Loss: 0.0001304 | Val Loss: 0.0000962 | LR: 0.000024
2025-08-08 16:41:47,320 - INFO - Epoch 549/1000 | Train Loss: 0.0001273 | Val Loss: 0.0000960 | LR: 0.000024
2025-08-08 16:43:42,962 - INFO - Epoch 550/1000 | Train Loss: 0.0001287 | Val Loss: 0.0000962 | LR: 0.000025
2025-08-08 16:45:38,722 - INFO - Epoch 551/1000 | Train Loss: 0.0001271 | Val Loss: 0.0000963 | LR: 0.000026
2025-08-08 16:47:34,480 - INFO - Epoch 552/1000 | Train Loss: 0.0001270 | Val Loss: 0.0000962 | LR: 0.000027
2025-08-08 16:49:30,358 - INFO - Epoch 553/1000 | Train Loss: 0.0001292 | Val Loss: 0.0000957 | LR: 0.000028
2025-08-08 16:51:26,148 - INFO - Epoch 554/1000 | Train Loss: 0.0001237 | Val Loss: 0.0000964 | LR: 0.000029
2025-08-08 16:53:21,886 - INFO - Epoch 555/1000 | Train Loss: 0.0001314 | Val Loss: 0.0000961 | LR: 0.000031
2025-08-08 16:55:17,630 - INFO - Epoch 556/1000 | Train Loss: 0.0001287 | Val Loss: 0.0000962 | LR: 0.000032
2025-08-08 16:57:13,482 - INFO - Epoch 557/1000 | Train Loss: 0.0001267 | Val Loss: 0.0000962 | LR: 0.000033
2025-08-08 16:59:09,357 - INFO - Epoch 558/1000 | Train Loss: 0.0001286 | Val Loss: 0.0000961 | LR: 0.000034
2025-08-08 17:01:05,028 - INFO - Epoch 559/1000 | Train Loss: 0.0001243 | Val Loss: 0.0000960 | LR: 0.000035
2025-08-08 17:03:00,766 - INFO - Epoch 560/1000 | Train Loss: 0.0001285 | Val Loss: 0.0000962 | LR: 0.000036
2025-08-08 17:04:56,586 - INFO - Epoch 561/1000 | Train Loss: 0.0001255 | Val Loss: 0.0000963 | LR: 0.000037
2025-08-08 17:06:52,394 - INFO - Epoch 562/1000 | Train Loss: 0.0001259 | Val Loss: 0.0000966 | LR: 0.000038
2025-08-08 17:08:48,219 - INFO - Epoch 563/1000 | Train Loss: 0.0001300 | Val Loss: 0.0000964 | LR: 0.000040
2025-08-08 17:10:43,941 - INFO - Epoch 564/1000 | Train Loss: 0.0001290 | Val Loss: 0.0000958 | LR: 0.000041
2025-08-08 17:12:39,625 - INFO - Epoch 565/1000 | Train Loss: 0.0001290 | Val Loss: 0.0000963 | LR: 0.000042
2025-08-08 17:14:35,560 - INFO - Epoch 566/1000 | Train Loss: 0.0001268 | Val Loss: 0.0000966 | LR: 0.000043
2025-08-08 17:16:31,322 - INFO - Epoch 567/1000 | Train Loss: 0.0001254 | Val Loss: 0.0000963 | LR: 0.000045
2025-08-08 17:18:27,190 - INFO - Epoch 568/1000 | Train Loss: 0.0001316 | Val Loss: 0.0000969 | LR: 0.000046
2025-08-08 17:20:22,885 - INFO - Epoch 569/1000 | Train Loss: 0.0001245 | Val Loss: 0.0000966 | LR: 0.000047
2025-08-08 17:22:18,686 - INFO - Epoch 570/1000 | Train Loss: 0.0001269 | Val Loss: 0.0000966 | LR: 0.000049
2025-08-08 17:24:14,468 - INFO - Epoch 571/1000 | Train Loss: 0.0001263 | Val Loss: 0.0000971 | LR: 0.000050
2025-08-08 17:26:10,693 - INFO - Epoch 572/1000 | Train Loss: 0.0001302 | Val Loss: 0.0000973 | LR: 0.000051
2025-08-08 17:28:06,416 - INFO - Epoch 573/1000 | Train Loss: 0.0001260 | Val Loss: 0.0000964 | LR: 0.000053
2025-08-08 17:30:02,189 - INFO - Epoch 574/1000 | Train Loss: 0.0001278 | Val Loss: 0.0000969 | LR: 0.000054
2025-08-08 17:31:57,850 - INFO - Epoch 575/1000 | Train Loss: 0.0001268 | Val Loss: 0.0000964 | LR: 0.000055
2025-08-08 17:33:53,958 - INFO - Epoch 576/1000 | Train Loss: 0.0001301 | Val Loss: 0.0000969 | LR: 0.000057
2025-08-08 17:35:49,777 - INFO - Epoch 577/1000 | Train Loss: 0.0001304 | Val Loss: 0.0000970 | LR: 0.000058
2025-08-08 17:37:45,571 - INFO - Epoch 578/1000 | Train Loss: 0.0001241 | Val Loss: 0.0000966 | LR: 0.000060
2025-08-08 17:39:41,329 - INFO - Epoch 579/1000 | Train Loss: 0.0001253 | Val Loss: 0.0000966 | LR: 0.000061
2025-08-08 17:41:37,180 - INFO - Epoch 580/1000 | Train Loss: 0.0001264 | Val Loss: 0.0000965 | LR: 0.000063
2025-08-08 17:43:32,901 - INFO - Epoch 581/1000 | Train Loss: 0.0001260 | Val Loss: 0.0000971 | LR: 0.000064
2025-08-08 17:45:28,748 - INFO - Epoch 582/1000 | Train Loss: 0.0001315 | Val Loss: 0.0000972 | LR: 0.000066
2025-08-08 17:47:24,515 - INFO - Epoch 583/1000 | Train Loss: 0.0001289 | Val Loss: 0.0000971 | LR: 0.000067
2025-08-08 17:49:20,312 - INFO - Epoch 584/1000 | Train Loss: 0.0001296 | Val Loss: 0.0000967 | LR: 0.000069
2025-08-08 17:51:16,086 - INFO - Epoch 585/1000 | Train Loss: 0.0001292 | Val Loss: 0.0000972 | LR: 0.000071
2025-08-08 17:53:11,825 - INFO - Epoch 586/1000 | Train Loss: 0.0001273 | Val Loss: 0.0000966 | LR: 0.000072
2025-08-08 17:55:08,019 - INFO - Epoch 587/1000 | Train Loss: 0.0001269 | Val Loss: 0.0000970 | LR: 0.000074
2025-08-08 17:57:03,797 - INFO - Epoch 588/1000 | Train Loss: 0.0001263 | Val Loss: 0.0000974 | LR: 0.000075
2025-08-08 17:58:59,507 - INFO - Epoch 589/1000 | Train Loss: 0.0001267 | Val Loss: 0.0000969 | LR: 0.000077
2025-08-08 18:00:55,288 - INFO - Epoch 590/1000 | Train Loss: 0.0001286 | Val Loss: 0.0000971 | LR: 0.000079
2025-08-08 18:02:51,087 - INFO - Epoch 591/1000 | Train Loss: 0.0001269 | Val Loss: 0.0000970 | LR: 0.000080
2025-08-08 18:04:46,792 - INFO - Epoch 592/1000 | Train Loss: 0.0001264 | Val Loss: 0.0000973 | LR: 0.000082
2025-08-08 18:06:42,556 - INFO - Epoch 593/1000 | Train Loss: 0.0001275 | Val Loss: 0.0000969 | LR: 0.000084
2025-08-08 18:08:38,442 - INFO - Epoch 594/1000 | Train Loss: 0.0001278 | Val Loss: 0.0000975 | LR: 0.000086
2025-08-08 18:10:34,163 - INFO - Epoch 595/1000 | Train Loss: 0.0001293 | Val Loss: 0.0000977 | LR: 0.000087
2025-08-08 18:12:29,893 - INFO - Epoch 596/1000 | Train Loss: 0.0001268 | Val Loss: 0.0000970 | LR: 0.000089
2025-08-08 18:14:26,056 - INFO - Epoch 597/1000 | Train Loss: 0.0001261 | Val Loss: 0.0000973 | LR: 0.000091
2025-08-08 18:16:21,947 - INFO - Epoch 598/1000 | Train Loss: 0.0001251 | Val Loss: 0.0000972 | LR: 0.000093
2025-08-08 18:18:18,000 - INFO - Epoch 599/1000 | Train Loss: 0.0001292 | Val Loss: 0.0000975 | LR: 0.000095
2025-08-08 18:20:13,821 - INFO - Epoch 600/1000 | Train Loss: 0.0001274 | Val Loss: 0.0000980 | LR: 0.000096
2025-08-08 18:20:14,527 - INFO - Saved periodic checkpoint at epoch 600 to /jizhicfs/Prometheus/Triton4Earth_V2/Scenario_3_Ocean_stream/regional_gulf_forcasting_0.125degree_daily/checkpoints/regional_gulf_forcasting_025degree_daily_20250808_epoch_600.pth
2025-08-08 18:22:10,280 - INFO - Epoch 601/1000 | Train Loss: 0.0001228 | Val Loss: 0.0000979 | LR: 0.000098
2025-08-08 18:24:06,097 - INFO - Epoch 602/1000 | Train Loss: 0.0001301 | Val Loss: 0.0000979 | LR: 0.000100
2025-08-08 18:26:01,790 - INFO - Epoch 603/1000 | Train Loss: 0.0001264 | Val Loss: 0.0000970 | LR: 0.000102
2025-08-08 18:27:57,935 - INFO - Epoch 604/1000 | Train Loss: 0.0001285 | Val Loss: 0.0000980 | LR: 0.000104
2025-08-08 18:29:53,648 - INFO - Epoch 605/1000 | Train Loss: 0.0001291 | Val Loss: 0.0000975 | LR: 0.000106
2025-08-08 18:31:49,387 - INFO - Epoch 606/1000 | Train Loss: 0.0001271 | Val Loss: 0.0000974 | LR: 0.000108
2025-08-08 18:33:45,143 - INFO - Epoch 607/1000 | Train Loss: 0.0001284 | Val Loss: 0.0000973 | LR: 0.000110
2025-08-08 18:35:41,074 - INFO - Epoch 608/1000 | Train Loss: 0.0001301 | Val Loss: 0.0000969 | LR: 0.000112
2025-08-08 18:37:36,800 - INFO - Epoch 609/1000 | Train Loss: 0.0001279 | Val Loss: 0.0000976 | LR: 0.000114
2025-08-08 18:39:32,612 - INFO - Epoch 610/1000 | Train Loss: 0.0001297 | Val Loss: 0.0000978 | LR: 0.000116
2025-08-08 18:41:28,309 - INFO - Epoch 611/1000 | Train Loss: 0.0001287 | Val Loss: 0.0000980 | LR: 0.000118
2025-08-08 18:43:24,315 - INFO - Epoch 612/1000 | Train Loss: 0.0001296 | Val Loss: 0.0000988 | LR: 0.000120
2025-08-08 18:45:20,016 - INFO - Epoch 613/1000 | Train Loss: 0.0001280 | Val Loss: 0.0000982 | LR: 0.000122
2025-08-08 18:47:15,740 - INFO - Epoch 614/1000 | Train Loss: 0.0001277 | Val Loss: 0.0000974 | LR: 0.000124
2025-08-08 18:49:11,564 - INFO - Epoch 615/1000 | Train Loss: 0.0001284 | Val Loss: 0.0000987 | LR: 0.000126
2025-08-08 18:51:07,301 - INFO - Epoch 616/1000 | Train Loss: 0.0001301 | Val Loss: 0.0000983 | LR: 0.000128
2025-08-08 18:53:02,966 - INFO - Epoch 617/1000 | Train Loss: 0.0001292 | Val Loss: 0.0000982 | LR: 0.000130
2025-08-08 18:54:58,825 - INFO - Epoch 618/1000 | Train Loss: 0.0001318 | Val Loss: 0.0000982 | LR: 0.000132
2025-08-08 18:56:54,591 - INFO - Epoch 619/1000 | Train Loss: 0.0001286 | Val Loss: 0.0000977 | LR: 0.000134
2025-08-08 18:58:50,448 - INFO - Epoch 620/1000 | Train Loss: 0.0001301 | Val Loss: 0.0000984 | LR: 0.000136
2025-08-08 19:00:46,210 - INFO - Epoch 621/1000 | Train Loss: 0.0001277 | Val Loss: 0.0000984 | LR: 0.000139
2025-08-08 19:02:41,970 - INFO - Epoch 622/1000 | Train Loss: 0.0001288 | Val Loss: 0.0000983 | LR: 0.000141
2025-08-08 19:04:37,836 - INFO - Epoch 623/1000 | Train Loss: 0.0001303 | Val Loss: 0.0000986 | LR: 0.000143
2025-08-08 19:06:33,587 - INFO - Epoch 624/1000 | Train Loss: 0.0001267 | Val Loss: 0.0000983 | LR: 0.000145
2025-08-08 19:08:29,336 - INFO - Epoch 625/1000 | Train Loss: 0.0001280 | Val Loss: 0.0000987 | LR: 0.000147
2025-08-08 19:10:25,163 - INFO - Epoch 626/1000 | Train Loss: 0.0001267 | Val Loss: 0.0000996 | LR: 0.000150
2025-08-08 19:12:21,020 - INFO - Epoch 627/1000 | Train Loss: 0.0001285 | Val Loss: 0.0000991 | LR: 0.000152
2025-08-08 19:14:16,771 - INFO - Epoch 628/1000 | Train Loss: 0.0001285 | Val Loss: 0.0000984 | LR: 0.000154
2025-08-08 19:16:12,575 - INFO - Epoch 629/1000 | Train Loss: 0.0001309 | Val Loss: 0.0000980 | LR: 0.000156
2025-08-08 19:18:08,454 - INFO - Epoch 630/1000 | Train Loss: 0.0001254 | Val Loss: 0.0000982 | LR: 0.000159
2025-08-08 19:20:04,129 - INFO - Epoch 631/1000 | Train Loss: 0.0001294 | Val Loss: 0.0000988 | LR: 0.000161
2025-08-08 19:21:59,815 - INFO - Epoch 632/1000 | Train Loss: 0.0001283 | Val Loss: 0.0000985 | LR: 0.000163
2025-08-08 19:23:55,660 - INFO - Epoch 633/1000 | Train Loss: 0.0001317 | Val Loss: 0.0000987 | LR: 0.000165
2025-08-08 19:25:51,410 - INFO - Epoch 634/1000 | Train Loss: 0.0001311 | Val Loss: 0.0000991 | LR: 0.000168
2025-08-08 19:27:47,110 - INFO - Epoch 635/1000 | Train Loss: 0.0001302 | Val Loss: 0.0000983 | LR: 0.000170
2025-08-08 19:29:42,961 - INFO - Epoch 636/1000 | Train Loss: 0.0001279 | Val Loss: 0.0000994 | LR: 0.000173
2025-08-08 19:31:38,774 - INFO - Epoch 637/1000 | Train Loss: 0.0001298 | Val Loss: 0.0000991 | LR: 0.000175
2025-08-08 19:33:34,530 - INFO - Epoch 638/1000 | Train Loss: 0.0001328 | Val Loss: 0.0000991 | LR: 0.000177
2025-08-08 19:35:30,252 - INFO - Epoch 639/1000 | Train Loss: 0.0001290 | Val Loss: 0.0000987 | LR: 0.000180
2025-08-08 19:37:25,928 - INFO - Epoch 640/1000 | Train Loss: 0.0001323 | Val Loss: 0.0000994 | LR: 0.000182
2025-08-08 19:39:21,651 - INFO - Epoch 641/1000 | Train Loss: 0.0001313 | Val Loss: 0.0000989 | LR: 0.000185
2025-08-08 19:41:17,367 - INFO - Epoch 642/1000 | Train Loss: 0.0001310 | Val Loss: 0.0000995 | LR: 0.000187
2025-08-08 19:43:13,156 - INFO - Epoch 643/1000 | Train Loss: 0.0001339 | Val Loss: 0.0001011 | LR: 0.000189
2025-08-08 19:45:08,916 - INFO - Epoch 644/1000 | Train Loss: 0.0001326 | Val Loss: 0.0001008 | LR: 0.000192
2025-08-08 19:47:04,621 - INFO - Epoch 645/1000 | Train Loss: 0.0001294 | Val Loss: 0.0001002 | LR: 0.000194
2025-08-08 19:49:00,494 - INFO - Epoch 646/1000 | Train Loss: 0.0001330 | Val Loss: 0.0001016 | LR: 0.000197
2025-08-08 19:50:56,222 - INFO - Epoch 647/1000 | Train Loss: 0.0001324 | Val Loss: 0.0001003 | LR: 0.000199
2025-08-08 19:52:52,033 - INFO - Epoch 648/1000 | Train Loss: 0.0001289 | Val Loss: 0.0001024 | LR: 0.000202
2025-08-08 19:54:47,856 - INFO - Epoch 649/1000 | Train Loss: 0.0001298 | Val Loss: 0.0000993 | LR: 0.000204
2025-08-08 19:56:43,557 - INFO - Epoch 650/1000 | Train Loss: 0.0001300 | Val Loss: 0.0001000 | LR: 0.000207
2025-08-08 19:58:39,368 - INFO - Epoch 651/1000 | Train Loss: 0.0001306 | Val Loss: 0.0001003 | LR: 0.000209
2025-08-08 20:00:35,277 - INFO - Epoch 652/1000 | Train Loss: 0.0001272 | Val Loss: 0.0001005 | LR: 0.000212
2025-08-08 20:02:30,930 - INFO - Epoch 653/1000 | Train Loss: 0.0001301 | Val Loss: 0.0000997 | LR: 0.000215
2025-08-08 20:04:26,741 - INFO - Epoch 654/1000 | Train Loss: 0.0001342 | Val Loss: 0.0000998 | LR: 0.000217
2025-08-08 20:06:22,530 - INFO - Epoch 655/1000 | Train Loss: 0.0001268 | Val Loss: 0.0001005 | LR: 0.000220
2025-08-08 20:08:18,347 - INFO - Epoch 656/1000 | Train Loss: 0.0001297 | Val Loss: 0.0001002 | LR: 0.000222
2025-08-08 20:10:14,037 - INFO - Epoch 657/1000 | Train Loss: 0.0001326 | Val Loss: 0.0001017 | LR: 0.000225
2025-08-08 20:12:09,818 - INFO - Epoch 658/1000 | Train Loss: 0.0001341 | Val Loss: 0.0000996 | LR: 0.000228
2025-08-08 20:14:05,656 - INFO - Epoch 659/1000 | Train Loss: 0.0001319 | Val Loss: 0.0001002 | LR: 0.000230
2025-08-08 20:16:01,378 - INFO - Epoch 660/1000 | Train Loss: 0.0001308 | Val Loss: 0.0001011 | LR: 0.000233
2025-08-08 20:17:57,089 - INFO - Epoch 661/1000 | Train Loss: 0.0001329 | Val Loss: 0.0001006 | LR: 0.000236
2025-08-08 20:19:52,983 - INFO - Epoch 662/1000 | Train Loss: 0.0001359 | Val Loss: 0.0001024 | LR: 0.000238
2025-08-08 20:21:48,744 - INFO - Epoch 663/1000 | Train Loss: 0.0001367 | Val Loss: 0.0001048 | LR: 0.000241
2025-08-08 20:23:44,558 - INFO - Epoch 664/1000 | Train Loss: 0.0001301 | Val Loss: 0.0001003 | LR: 0.000244
2025-08-08 20:25:40,457 - INFO - Epoch 665/1000 | Train Loss: 0.0001331 | Val Loss: 0.0001010 | LR: 0.000246
2025-08-08 20:27:36,191 - INFO - Epoch 666/1000 | Train Loss: 0.0001306 | Val Loss: 0.0001006 | LR: 0.000249
2025-08-08 20:29:32,029 - INFO - Epoch 667/1000 | Train Loss: 0.0001320 | Val Loss: 0.0001015 | LR: 0.000252
2025-08-08 20:31:27,723 - INFO - Epoch 668/1000 | Train Loss: 0.0001332 | Val Loss: 0.0001002 | LR: 0.000254
2025-08-08 20:33:23,494 - INFO - Epoch 669/1000 | Train Loss: 0.0001285 | Val Loss: 0.0001005 | LR: 0.000257
2025-08-08 20:35:19,294 - INFO - Epoch 670/1000 | Train Loss: 0.0001288 | Val Loss: 0.0001006 | LR: 0.000260
2025-08-08 20:37:15,192 - INFO - Epoch 671/1000 | Train Loss: 0.0001322 | Val Loss: 0.0001016 | LR: 0.000263
2025-08-08 20:39:10,916 - INFO - Epoch 672/1000 | Train Loss: 0.0001270 | Val Loss: 0.0001005 | LR: 0.000265
2025-08-08 20:41:06,762 - INFO - Epoch 673/1000 | Train Loss: 0.0001374 | Val Loss: 0.0001023 | LR: 0.000268
2025-08-08 20:43:02,430 - INFO - Epoch 674/1000 | Train Loss: 0.0001312 | Val Loss: 0.0001004 | LR: 0.000271
2025-08-08 20:44:58,179 - INFO - Epoch 675/1000 | Train Loss: 0.0001320 | Val Loss: 0.0001007 | LR: 0.000274
2025-08-08 20:46:54,073 - INFO - Epoch 676/1000 | Train Loss: 0.0001349 | Val Loss: 0.0001011 | LR: 0.000277
2025-08-08 20:48:49,744 - INFO - Epoch 677/1000 | Train Loss: 0.0001322 | Val Loss: 0.0001006 | LR: 0.000279
2025-08-08 20:50:45,627 - INFO - Epoch 678/1000 | Train Loss: 0.0001319 | Val Loss: 0.0001036 | LR: 0.000282
2025-08-08 20:52:41,416 - INFO - Epoch 679/1000 | Train Loss: 0.0001298 | Val Loss: 0.0001036 | LR: 0.000285
2025-08-08 20:54:37,487 - INFO - Epoch 680/1000 | Train Loss: 0.0001315 | Val Loss: 0.0001022 | LR: 0.000288
2025-08-08 20:56:33,261 - INFO - Epoch 681/1000 | Train Loss: 0.0001312 | Val Loss: 0.0001009 | LR: 0.000291
2025-08-08 20:58:29,047 - INFO - Epoch 682/1000 | Train Loss: 0.0001303 | Val Loss: 0.0001008 | LR: 0.000294
2025-08-08 21:00:24,873 - INFO - Epoch 683/1000 | Train Loss: 0.0001337 | Val Loss: 0.0001045 | LR: 0.000296
2025-08-08 21:02:20,637 - INFO - Epoch 684/1000 | Train Loss: 0.0002774 | Val Loss: 0.0001310 | LR: 0.000299
2025-08-08 21:04:16,342 - INFO - Epoch 685/1000 | Train Loss: 0.0001501 | Val Loss: 0.0001148 | LR: 0.000302
2025-08-08 21:06:12,189 - INFO - Epoch 686/1000 | Train Loss: 0.0001441 | Val Loss: 0.0001095 | LR: 0.000305
2025-08-08 21:08:07,959 - INFO - Epoch 687/1000 | Train Loss: 0.0001395 | Val Loss: 0.0001090 | LR: 0.000308
2025-08-08 21:10:03,626 - INFO - Epoch 688/1000 | Train Loss: 0.0001348 | Val Loss: 0.0001067 | LR: 0.000311
2025-08-08 21:11:59,348 - INFO - Epoch 689/1000 | Train Loss: 0.0001352 | Val Loss: 0.0001050 | LR: 0.000314
2025-08-08 21:13:55,192 - INFO - Epoch 690/1000 | Train Loss: 0.0001376 | Val Loss: 0.0001061 | LR: 0.000317
2025-08-08 21:15:50,992 - INFO - Epoch 691/1000 | Train Loss: 0.0001366 | Val Loss: 0.0001045 | LR: 0.000320
2025-08-08 21:17:46,986 - INFO - Epoch 692/1000 | Train Loss: 0.0001393 | Val Loss: 0.0001059 | LR: 0.000322
2025-08-08 21:19:42,682 - INFO - Epoch 693/1000 | Train Loss: 0.0001383 | Val Loss: 0.0001057 | LR: 0.000325
2025-08-08 21:21:38,358 - INFO - Epoch 694/1000 | Train Loss: 0.0001373 | Val Loss: 0.0001073 | LR: 0.000328
2025-08-08 21:23:33,985 - INFO - Epoch 695/1000 | Train Loss: 0.0001437 | Val Loss: 0.0001058 | LR: 0.000331
2025-08-08 21:25:29,725 - INFO - Epoch 696/1000 | Train Loss: 0.0001358 | Val Loss: 0.0001046 | LR: 0.000334
2025-08-08 21:27:25,471 - INFO - Epoch 697/1000 | Train Loss: 0.0001350 | Val Loss: 0.0001039 | LR: 0.000337
2025-08-08 21:29:21,169 - INFO - Epoch 698/1000 | Train Loss: 0.0001365 | Val Loss: 0.0001090 | LR: 0.000340
2025-08-08 21:31:17,002 - INFO - Epoch 699/1000 | Train Loss: 0.0001412 | Val Loss: 0.0001067 | LR: 0.000343
2025-08-08 21:33:12,829 - INFO - Epoch 700/1000 | Train Loss: 0.0001325 | Val Loss: 0.0001045 | LR: 0.000346
2025-08-08 21:33:13,534 - INFO - Saved periodic checkpoint at epoch 700 to /jizhicfs/Prometheus/Triton4Earth_V2/Scenario_3_Ocean_stream/regional_gulf_forcasting_0.125degree_daily/checkpoints/regional_gulf_forcasting_025degree_daily_20250808_epoch_700.pth
2025-08-08 21:35:09,285 - INFO - Epoch 701/1000 | Train Loss: 0.0001346 | Val Loss: 0.0001043 | LR: 0.000349
2025-08-08 21:37:05,001 - INFO - Epoch 702/1000 | Train Loss: 0.0001392 | Val Loss: 0.0001044 | LR: 0.000352
2025-08-08 21:39:00,781 - INFO - Epoch 703/1000 | Train Loss: 0.0001355 | Val Loss: 0.0001037 | LR: 0.000355
2025-08-08 21:40:56,629 - INFO - Epoch 704/1000 | Train Loss: 0.0001365 | Val Loss: 0.0001071 | LR: 0.000358
2025-08-08 21:42:52,276 - INFO - Epoch 705/1000 | Train Loss: 0.0001352 | Val Loss: 0.0001112 | LR: 0.000361
2025-08-08 21:44:48,210 - INFO - Epoch 706/1000 | Train Loss: 0.0001404 | Val Loss: 0.0001066 | LR: 0.000364
2025-08-08 21:46:43,922 - INFO - Epoch 707/1000 | Train Loss: 0.0001353 | Val Loss: 0.0001040 | LR: 0.000367
2025-08-08 21:48:39,633 - INFO - Epoch 708/1000 | Train Loss: 0.0001311 | Val Loss: 0.0001052 | LR: 0.000370
2025-08-08 21:50:35,504 - INFO - Epoch 709/1000 | Train Loss: 0.0001319 | Val Loss: 0.0001042 | LR: 0.000373
2025-08-08 21:52:31,259 - INFO - Epoch 710/1000 | Train Loss: 0.0001361 | Val Loss: 0.0001068 | LR: 0.000376
2025-08-08 21:54:27,026 - INFO - Epoch 711/1000 | Train Loss: 0.0001362 | Val Loss: 0.0001053 | LR: 0.000379
2025-08-08 21:56:22,882 - INFO - Epoch 712/1000 | Train Loss: 0.0001376 | Val Loss: 0.0001066 | LR: 0.000382
2025-08-08 21:58:18,588 - INFO - Epoch 713/1000 | Train Loss: 0.0001348 | Val Loss: 0.0001055 | LR: 0.000385
2025-08-08 22:00:14,337 - INFO - Epoch 714/1000 | Train Loss: 0.0001358 | Val Loss: 0.0001032 | LR: 0.000388
2025-08-08 22:02:10,218 - INFO - Epoch 715/1000 | Train Loss: 0.0001362 | Val Loss: 0.0001263 | LR: 0.000392
2025-08-08 22:04:05,899 - INFO - Epoch 716/1000 | Train Loss: 0.0001379 | Val Loss: 0.0001057 | LR: 0.000395
2025-08-08 22:06:01,765 - INFO - Epoch 717/1000 | Train Loss: 0.0001289 | Val Loss: 0.0001060 | LR: 0.000398
2025-08-08 22:07:57,589 - INFO - Epoch 718/1000 | Train Loss: 0.0001335 | Val Loss: 0.0001041 | LR: 0.000401
2025-08-08 22:09:53,368 - INFO - Epoch 719/1000 | Train Loss: 0.0001394 | Val Loss: 0.0001088 | LR: 0.000404
2025-08-08 22:11:49,046 - INFO - Epoch 720/1000 | Train Loss: 0.0001387 | Val Loss: 0.0001071 | LR: 0.000407
2025-08-08 22:13:45,050 - INFO - Epoch 721/1000 | Train Loss: 0.0001315 | Val Loss: 0.0001038 | LR: 0.000410
2025-08-08 22:15:40,738 - INFO - Epoch 722/1000 | Train Loss: 0.0001355 | Val Loss: 0.0001055 | LR: 0.000413
2025-08-08 22:17:36,538 - INFO - Epoch 723/1000 | Train Loss: 0.0001378 | Val Loss: 0.0001064 | LR: 0.000416
2025-08-08 22:19:32,278 - INFO - Epoch 724/1000 | Train Loss: 0.0001366 | Val Loss: 0.0001060 | LR: 0.000419
2025-08-08 22:21:28,031 - INFO - Epoch 725/1000 | Train Loss: 0.0001324 | Val Loss: 0.0001078 | LR: 0.000422
2025-08-08 22:23:23,834 - INFO - Epoch 726/1000 | Train Loss: 0.0001377 | Val Loss: 0.0001056 | LR: 0.000425
2025-08-08 22:25:19,588 - INFO - Epoch 727/1000 | Train Loss: 0.0001341 | Val Loss: 0.0001065 | LR: 0.000429
2025-08-08 22:27:15,414 - INFO - Epoch 728/1000 | Train Loss: 0.0001392 | Val Loss: 0.0001071 | LR: 0.000432
2025-08-08 22:29:11,235 - INFO - Epoch 729/1000 | Train Loss: 0.0001362 | Val Loss: 0.0001091 | LR: 0.000435
2025-08-08 22:31:06,993 - INFO - Epoch 730/1000 | Train Loss: 0.0001346 | Val Loss: 0.0001072 | LR: 0.000438
2025-08-08 22:33:02,663 - INFO - Epoch 731/1000 | Train Loss: 0.0001376 | Val Loss: 0.0001073 | LR: 0.000441
2025-08-08 22:34:58,508 - INFO - Epoch 732/1000 | Train Loss: 0.0001368 | Val Loss: 0.0001075 | LR: 0.000444
2025-08-08 22:36:54,317 - INFO - Epoch 733/1000 | Train Loss: 0.0001362 | Val Loss: 0.0001096 | LR: 0.000447
2025-08-08 22:38:50,106 - INFO - Epoch 734/1000 | Train Loss: 0.0001390 | Val Loss: 0.0001044 | LR: 0.000450
2025-08-08 22:40:45,858 - INFO - Epoch 735/1000 | Train Loss: 0.0001411 | Val Loss: 0.0001070 | LR: 0.000453
2025-08-08 22:42:41,651 - INFO - Epoch 736/1000 | Train Loss: 0.0001364 | Val Loss: 0.0001055 | LR: 0.000457
2025-08-08 22:44:37,507 - INFO - Epoch 737/1000 | Train Loss: 0.0001358 | Val Loss: 0.0001114 | LR: 0.000460
2025-08-08 22:46:33,165 - INFO - Epoch 738/1000 | Train Loss: 0.0001400 | Val Loss: 0.0001095 | LR: 0.000463
2025-08-08 22:48:29,063 - INFO - Epoch 739/1000 | Train Loss: 0.0001348 | Val Loss: 0.0001055 | LR: 0.000466
2025-08-08 22:50:24,782 - INFO - Epoch 740/1000 | Train Loss: 0.0001395 | Val Loss: 0.0001101 | LR: 0.000469
2025-08-08 22:52:20,589 - INFO - Epoch 741/1000 | Train Loss: 0.0001411 | Val Loss: 0.0001082 | LR: 0.000472
2025-08-08 22:54:16,366 - INFO - Epoch 742/1000 | Train Loss: 0.0001308 | Val Loss: 0.0001062 | LR: 0.000475
2025-08-08 22:56:12,235 - INFO - Epoch 743/1000 | Train Loss: 0.0001371 | Val Loss: 0.0001103 | LR: 0.000479
2025-08-08 22:58:08,403 - INFO - Epoch 744/1000 | Train Loss: 0.0001429 | Val Loss: 0.0001099 | LR: 0.000482
2025-08-08 23:00:04,040 - INFO - Epoch 745/1000 | Train Loss: 0.0001369 | Val Loss: 0.0001165 | LR: 0.000485
2025-08-08 23:01:59,719 - INFO - Epoch 746/1000 | Train Loss: 0.0001416 | Val Loss: 0.0001113 | LR: 0.000488
2025-08-08 23:03:55,559 - INFO - Epoch 747/1000 | Train Loss: 0.0001369 | Val Loss: 0.0001084 | LR: 0.000491
2025-08-08 23:05:51,324 - INFO - Epoch 748/1000 | Train Loss: 0.0001399 | Val Loss: 0.0001172 | LR: 0.000494
2025-08-08 23:07:47,186 - INFO - Epoch 749/1000 | Train Loss: 0.0001345 | Val Loss: 0.0001076 | LR: 0.000497
2025-08-08 23:09:42,932 - INFO - Epoch 750/1000 | Train Loss: 0.0001378 | Val Loss: 0.0001074 | LR: 0.000501
2025-08-08 23:11:39,127 - INFO - Epoch 751/1000 | Train Loss: 0.0001362 | Val Loss: 0.0001110 | LR: 0.000504
2025-08-08 23:13:34,861 - INFO - Epoch 752/1000 | Train Loss: 0.0001383 | Val Loss: 0.0001107 | LR: 0.000507
2025-08-08 23:15:30,792 - INFO - Epoch 753/1000 | Train Loss: 0.0001392 | Val Loss: 0.0001069 | LR: 0.000510
2025-08-08 23:17:26,502 - INFO - Epoch 754/1000 | Train Loss: 0.0001413 | Val Loss: 0.0001100 | LR: 0.000513
2025-08-08 23:19:22,216 - INFO - Epoch 755/1000 | Train Loss: 0.0001374 | Val Loss: 0.0001106 | LR: 0.000516
2025-08-08 23:21:18,674 - INFO - Epoch 756/1000 | Train Loss: 0.0001378 | Val Loss: 0.0001075 | LR: 0.000519
2025-08-08 23:23:14,450 - INFO - Epoch 757/1000 | Train Loss: 0.0001376 | Val Loss: 0.0001098 | LR: 0.000522
2025-08-08 23:25:10,261 - INFO - Epoch 758/1000 | Train Loss: 0.0001387 | Val Loss: 0.0001077 | LR: 0.000526
2025-08-08 23:27:06,020 - INFO - Epoch 759/1000 | Train Loss: 0.0001361 | Val Loss: 0.0001084 | LR: 0.000529
2025-08-08 23:29:01,762 - INFO - Epoch 760/1000 | Train Loss: 0.0001359 | Val Loss: 0.0001091 | LR: 0.000532
2025-08-08 23:30:57,500 - INFO - Epoch 761/1000 | Train Loss: 0.0001367 | Val Loss: 0.0001093 | LR: 0.000535
2025-08-08 23:32:53,340 - INFO - Epoch 762/1000 | Train Loss: 0.0001342 | Val Loss: 0.0001077 | LR: 0.000538
2025-08-08 23:34:49,208 - INFO - Epoch 763/1000 | Train Loss: 0.0001388 | Val Loss: 0.0001101 | LR: 0.000541
2025-08-08 23:36:44,938 - INFO - Epoch 764/1000 | Train Loss: 0.0001418 | Val Loss: 0.0001096 | LR: 0.000544
2025-08-08 23:38:40,786 - INFO - Epoch 765/1000 | Train Loss: 0.0001378 | Val Loss: 0.0001122 | LR: 0.000548
2025-08-08 23:40:36,547 - INFO - Epoch 766/1000 | Train Loss: 0.0001371 | Val Loss: 0.0001077 | LR: 0.000551
2025-08-08 23:42:32,301 - INFO - Epoch 767/1000 | Train Loss: 0.0001440 | Val Loss: 0.0001138 | LR: 0.000554
2025-08-08 23:44:28,092 - INFO - Epoch 768/1000 | Train Loss: 0.0001385 | Val Loss: 0.0001104 | LR: 0.000557
2025-08-08 23:46:23,832 - INFO - Epoch 769/1000 | Train Loss: 0.0001397 | Val Loss: 0.0001122 | LR: 0.000560
2025-08-08 23:48:19,699 - INFO - Epoch 770/1000 | Train Loss: 0.0001381 | Val Loss: 0.0001104 | LR: 0.000563
2025-08-08 23:50:15,453 - INFO - Epoch 771/1000 | Train Loss: 0.0001436 | Val Loss: 0.0001118 | LR: 0.000566
2025-08-08 23:52:11,147 - INFO - Epoch 772/1000 | Train Loss: 0.0001366 | Val Loss: 0.0001100 | LR: 0.000569
2025-08-08 23:54:06,938 - INFO - Epoch 773/1000 | Train Loss: 0.0001391 | Val Loss: 0.0001107 | LR: 0.000572
2025-08-08 23:56:02,663 - INFO - Epoch 774/1000 | Train Loss: 0.0001415 | Val Loss: 0.0001160 | LR: 0.000576
2025-08-08 23:57:58,479 - INFO - Epoch 775/1000 | Train Loss: 0.0001411 | Val Loss: 0.0001170 | LR: 0.000579
2025-08-08 23:59:54,287 - INFO - Epoch 776/1000 | Train Loss: 0.0001376 | Val Loss: 0.0001112 | LR: 0.000582
2025-08-09 00:01:50,235 - INFO - Epoch 777/1000 | Train Loss: 0.0001426 | Val Loss: 0.0001107 | LR: 0.000585
2025-08-09 00:03:45,882 - INFO - Epoch 778/1000 | Train Loss: 0.0001367 | Val Loss: 0.0001164 | LR: 0.000588
2025-08-09 00:05:41,582 - INFO - Epoch 779/1000 | Train Loss: 0.0001427 | Val Loss: 0.0001160 | LR: 0.000591
2025-08-09 00:07:37,430 - INFO - Epoch 780/1000 | Train Loss: 0.0001463 | Val Loss: 0.0001110 | LR: 0.000594
2025-08-09 00:09:33,294 - INFO - Epoch 781/1000 | Train Loss: 0.0001375 | Val Loss: 0.0001104 | LR: 0.000597
2025-08-09 00:11:28,976 - INFO - Epoch 782/1000 | Train Loss: 0.0001386 | Val Loss: 0.0001098 | LR: 0.000600
2025-08-09 00:13:24,844 - INFO - Epoch 783/1000 | Train Loss: 0.0001390 | Val Loss: 0.0001103 | LR: 0.000603
2025-08-09 00:15:20,598 - INFO - Epoch 784/1000 | Train Loss: 0.0001388 | Val Loss: 0.0001110 | LR: 0.000606
2025-08-09 00:17:16,431 - INFO - Epoch 785/1000 | Train Loss: 0.0001355 | Val Loss: 0.0001174 | LR: 0.000609
2025-08-09 00:19:12,140 - INFO - Epoch 786/1000 | Train Loss: 0.0001442 | Val Loss: 0.0001179 | LR: 0.000613
2025-08-09 00:21:07,964 - INFO - Epoch 787/1000 | Train Loss: 0.0001469 | Val Loss: 0.0001229 | LR: 0.000616
2025-08-09 00:23:03,641 - INFO - Epoch 788/1000 | Train Loss: 0.0001389 | Val Loss: 0.0001128 | LR: 0.000619
2025-08-09 00:24:59,292 - INFO - Epoch 789/1000 | Train Loss: 0.0001388 | Val Loss: 0.0001120 | LR: 0.000622
2025-08-09 00:26:54,984 - INFO - Epoch 790/1000 | Train Loss: 0.0001414 | Val Loss: 0.0001124 | LR: 0.000625
2025-08-09 00:28:50,744 - INFO - Epoch 791/1000 | Train Loss: 0.0001450 | Val Loss: 0.0001122 | LR: 0.000628
2025-08-09 00:30:46,379 - INFO - Epoch 792/1000 | Train Loss: 0.0001398 | Val Loss: 0.0001097 | LR: 0.000631
2025-08-09 00:32:42,303 - INFO - Epoch 793/1000 | Train Loss: 0.0001431 | Val Loss: 0.0001134 | LR: 0.000634
2025-08-09 00:34:38,151 - INFO - Epoch 794/1000 | Train Loss: 0.0001354 | Val Loss: 0.0001107 | LR: 0.000637
2025-08-09 00:36:33,976 - INFO - Epoch 795/1000 | Train Loss: 0.0001466 | Val Loss: 0.0001080 | LR: 0.000640
2025-08-09 00:38:29,630 - INFO - Epoch 796/1000 | Train Loss: 0.0001388 | Val Loss: 0.0001109 | LR: 0.000643
2025-08-09 00:40:25,438 - INFO - Epoch 797/1000 | Train Loss: 0.0001406 | Val Loss: 0.0001100 | LR: 0.000646
2025-08-09 00:42:21,317 - INFO - Epoch 798/1000 | Train Loss: 0.0001381 | Val Loss: 0.0001126 | LR: 0.000649
2025-08-09 00:44:17,059 - INFO - Epoch 799/1000 | Train Loss: 0.0001391 | Val Loss: 0.0001080 | LR: 0.000652
2025-08-09 00:46:13,005 - INFO - Epoch 800/1000 | Train Loss: 0.0001379 | Val Loss: 0.0001141 | LR: 0.000655
2025-08-09 00:46:13,715 - INFO - Saved periodic checkpoint at epoch 800 to /jizhicfs/Prometheus/Triton4Earth_V2/Scenario_3_Ocean_stream/regional_gulf_forcasting_0.125degree_daily/checkpoints/regional_gulf_forcasting_025degree_daily_20250808_epoch_800.pth
2025-08-09 00:48:09,439 - INFO - Epoch 801/1000 | Train Loss: 0.0001354 | Val Loss: 0.0001124 | LR: 0.000658
2025-08-09 00:50:05,182 - INFO - Epoch 802/1000 | Train Loss: 0.0001405 | Val Loss: 0.0001208 | LR: 0.000661
2025-08-09 00:52:00,890 - INFO - Epoch 803/1000 | Train Loss: 0.0001452 | Val Loss: 0.0001172 | LR: 0.000664
2025-08-09 00:53:56,924 - INFO - Epoch 804/1000 | Train Loss: 0.0001426 | Val Loss: 0.0001173 | LR: 0.000667
2025-08-09 00:55:52,636 - INFO - Epoch 805/1000 | Train Loss: 0.0001342 | Val Loss: 0.0001190 | LR: 0.000670
2025-08-09 00:57:48,425 - INFO - Epoch 806/1000 | Train Loss: 0.0001427 | Val Loss: 0.0001129 | LR: 0.000673
2025-08-09 00:59:44,272 - INFO - Epoch 807/1000 | Train Loss: 0.0001444 | Val Loss: 0.0001125 | LR: 0.000676
2025-08-09 01:01:40,045 - INFO - Epoch 808/1000 | Train Loss: 0.0001361 | Val Loss: 0.0001208 | LR: 0.000679
2025-08-09 01:03:35,910 - INFO - Epoch 809/1000 | Train Loss: 0.0001408 | Val Loss: 0.0001144 | LR: 0.000681
2025-08-09 01:05:31,610 - INFO - Epoch 810/1000 | Train Loss: 0.0001463 | Val Loss: 0.0001187 | LR: 0.000684
2025-08-09 01:07:27,287 - INFO - Epoch 811/1000 | Train Loss: 0.0001378 | Val Loss: 0.0001118 | LR: 0.000687
2025-08-09 01:09:23,149 - INFO - Epoch 812/1000 | Train Loss: 0.0001433 | Val Loss: 0.0001124 | LR: 0.000690
2025-08-09 01:11:18,942 - INFO - Epoch 813/1000 | Train Loss: 0.0001373 | Val Loss: 0.0001121 | LR: 0.000693
2025-08-09 01:13:14,774 - INFO - Epoch 814/1000 | Train Loss: 0.0001399 | Val Loss: 0.0001257 | LR: 0.000696
2025-08-09 01:15:10,567 - INFO - Epoch 815/1000 | Train Loss: 0.0001442 | Val Loss: 0.0001174 | LR: 0.000699
2025-08-09 01:17:06,747 - INFO - Epoch 816/1000 | Train Loss: 0.0001423 | Val Loss: 0.0001151 | LR: 0.000702
2025-08-09 01:19:02,473 - INFO - Epoch 817/1000 | Train Loss: 0.0001522 | Val Loss: 0.0001168 | LR: 0.000705
2025-08-09 01:20:58,173 - INFO - Epoch 818/1000 | Train Loss: 0.0001447 | Val Loss: 0.0001195 | LR: 0.000707
2025-08-09 01:22:54,011 - INFO - Epoch 819/1000 | Train Loss: 0.0001385 | Val Loss: 0.0001107 | LR: 0.000710
2025-08-09 01:24:49,754 - INFO - Epoch 820/1000 | Train Loss: 0.0001435 | Val Loss: 0.0001143 | LR: 0.000713
2025-08-09 01:26:45,534 - INFO - Epoch 821/1000 | Train Loss: 0.0001562 | Val Loss: 0.0001152 | LR: 0.000716
2025-08-09 01:28:41,434 - INFO - Epoch 822/1000 | Train Loss: 0.0001426 | Val Loss: 0.0001107 | LR: 0.000719
2025-08-09 01:30:37,166 - INFO - Epoch 823/1000 | Train Loss: 0.0001411 | Val Loss: 0.0001177 | LR: 0.000722
2025-08-09 01:32:32,943 - INFO - Epoch 824/1000 | Train Loss: 0.0001364 | Val Loss: 0.0001111 | LR: 0.000724
2025-08-09 01:34:28,739 - INFO - Epoch 825/1000 | Train Loss: 0.0001377 | Val Loss: 0.0001125 | LR: 0.000727
2025-08-09 01:36:24,514 - INFO - Epoch 826/1000 | Train Loss: 0.0001413 | Val Loss: 0.0001197 | LR: 0.000730
2025-08-09 01:38:20,262 - INFO - Epoch 827/1000 | Train Loss: 0.0001423 | Val Loss: 0.0001132 | LR: 0.000733
2025-08-09 01:40:16,132 - INFO - Epoch 828/1000 | Train Loss: 0.0001385 | Val Loss: 0.0001141 | LR: 0.000736
2025-08-09 01:42:12,154 - INFO - Epoch 829/1000 | Train Loss: 0.0001424 | Val Loss: 0.0001098 | LR: 0.000738
2025-08-09 01:44:08,024 - INFO - Epoch 830/1000 | Train Loss: 0.0001456 | Val Loss: 0.0001156 | LR: 0.000741
2025-08-09 01:46:03,701 - INFO - Epoch 831/1000 | Train Loss: 0.0001429 | Val Loss: 0.0001148 | LR: 0.000744
2025-08-09 01:47:59,420 - INFO - Epoch 832/1000 | Train Loss: 0.0001443 | Val Loss: 0.0001113 | LR: 0.000747
2025-08-09 01:49:55,336 - INFO - Epoch 833/1000 | Train Loss: 0.0001386 | Val Loss: 0.0001118 | LR: 0.000749
2025-08-09 01:51:51,148 - INFO - Epoch 834/1000 | Train Loss: 0.0001443 | Val Loss: 0.0001156 | LR: 0.000752
2025-08-09 01:53:46,775 - INFO - Epoch 835/1000 | Train Loss: 0.0001435 | Val Loss: 0.0001174 | LR: 0.000755
2025-08-09 01:55:42,632 - INFO - Epoch 836/1000 | Train Loss: 0.0001469 | Val Loss: 0.0001157 | LR: 0.000757
2025-08-09 01:57:38,438 - INFO - Epoch 837/1000 | Train Loss: 0.0001411 | Val Loss: 0.0001107 | LR: 0.000760
2025-08-09 01:59:34,510 - INFO - Epoch 838/1000 | Train Loss: 0.0001374 | Val Loss: 0.0001186 | LR: 0.000763
2025-08-09 02:01:30,326 - INFO - Epoch 839/1000 | Train Loss: 0.0001403 | Val Loss: 0.0001168 | LR: 0.000765
2025-08-09 02:03:26,157 - INFO - Epoch 840/1000 | Train Loss: 0.0001406 | Val Loss: 0.0001149 | LR: 0.000768
2025-08-09 02:05:21,914 - INFO - Epoch 841/1000 | Train Loss: 0.0001411 | Val Loss: 0.0001151 | LR: 0.000771
2025-08-09 02:07:17,723 - INFO - Epoch 842/1000 | Train Loss: 0.0001419 | Val Loss: 0.0001084 | LR: 0.000773
2025-08-09 02:09:13,495 - INFO - Epoch 843/1000 | Train Loss: 0.0001425 | Val Loss: 0.0001138 | LR: 0.000776
2025-08-09 02:11:09,186 - INFO - Epoch 844/1000 | Train Loss: 0.0001373 | Val Loss: 0.0001131 | LR: 0.000779
2025-08-09 02:13:05,017 - INFO - Epoch 845/1000 | Train Loss: 0.0001425 | Val Loss: 0.0001115 | LR: 0.000781
2025-08-09 02:15:00,963 - INFO - Epoch 846/1000 | Train Loss: 0.0001409 | Val Loss: 0.0001328 | LR: 0.000784
2025-08-09 02:16:56,955 - INFO - Epoch 847/1000 | Train Loss: 0.0001445 | Val Loss: 0.0001169 | LR: 0.000786
2025-08-09 02:18:52,621 - INFO - Epoch 848/1000 | Train Loss: 0.0001408 | Val Loss: 0.0001122 | LR: 0.000789
2025-08-09 02:20:48,398 - INFO - Epoch 849/1000 | Train Loss: 0.0001445 | Val Loss: 0.0001166 | LR: 0.000792
2025-08-09 02:22:44,216 - INFO - Epoch 850/1000 | Train Loss: 0.0001422 | Val Loss: 0.0001140 | LR: 0.000794
2025-08-09 02:24:40,020 - INFO - Epoch 851/1000 | Train Loss: 0.0001445 | Val Loss: 0.0001123 | LR: 0.000797
2025-08-09 02:26:35,872 - INFO - Epoch 852/1000 | Train Loss: 0.0001413 | Val Loss: 0.0001186 | LR: 0.000799
2025-08-09 02:28:31,684 - INFO - Epoch 853/1000 | Train Loss: 0.0001390 | Val Loss: 0.0001159 | LR: 0.000802
2025-08-09 02:30:27,374 - INFO - Epoch 854/1000 | Train Loss: 0.0014163 | Val Loss: 0.0009972 | LR: 0.000804
2025-08-09 02:32:23,153 - INFO - Epoch 855/1000 | Train Loss: 0.0005053 | Val Loss: 0.0003199 | LR: 0.000807
2025-08-09 02:34:18,840 - INFO - Epoch 856/1000 | Train Loss: 0.0002688 | Val Loss: 0.0002227 | LR: 0.000809
2025-08-09 02:36:14,511 - INFO - Epoch 857/1000 | Train Loss: 0.0002218 | Val Loss: 0.0001894 | LR: 0.000812
2025-08-09 02:38:10,328 - INFO - Epoch 858/1000 | Train Loss: 0.0002005 | Val Loss: 0.0001674 | LR: 0.000814
2025-08-09 02:40:06,029 - INFO - Epoch 859/1000 | Train Loss: 0.0001837 | Val Loss: 0.0001549 | LR: 0.000816
2025-08-09 02:42:01,640 - INFO - Epoch 860/1000 | Train Loss: 0.0001721 | Val Loss: 0.0001443 | LR: 0.000819
2025-08-09 02:43:57,551 - INFO - Epoch 861/1000 | Train Loss: 0.0001690 | Val Loss: 0.0001440 | LR: 0.000821
2025-08-09 02:45:53,296 - INFO - Epoch 862/1000 | Train Loss: 0.0001663 | Val Loss: 0.0001474 | LR: 0.000824
2025-08-09 02:47:49,092 - INFO - Epoch 863/1000 | Train Loss: 0.0001626 | Val Loss: 0.0001356 | LR: 0.000826
2025-08-09 02:49:44,957 - INFO - Epoch 864/1000 | Train Loss: 0.0001571 | Val Loss: 0.0001324 | LR: 0.000828
2025-08-09 02:51:40,683 - INFO - Epoch 865/1000 | Train Loss: 0.0001618 | Val Loss: 0.0001304 | LR: 0.000831
2025-08-09 02:53:36,501 - INFO - Epoch 866/1000 | Train Loss: 0.0001573 | Val Loss: 0.0001285 | LR: 0.000833
2025-08-09 02:55:32,283 - INFO - Epoch 867/1000 | Train Loss: 0.0001555 | Val Loss: 0.0001358 | LR: 0.000836
2025-08-09 02:57:28,015 - INFO - Epoch 868/1000 | Train Loss: 0.0001580 | Val Loss: 0.0001288 | LR: 0.000838
2025-08-09 02:59:23,850 - INFO - Epoch 869/1000 | Train Loss: 0.0001593 | Val Loss: 0.0001302 | LR: 0.000840
2025-08-09 03:01:19,659 - INFO - Epoch 870/1000 | Train Loss: 0.0001553 | Val Loss: 0.0001293 | LR: 0.000842
2025-08-09 03:03:15,443 - INFO - Epoch 871/1000 | Train Loss: 0.0001569 | Val Loss: 0.0001313 | LR: 0.000845
2025-08-09 03:05:11,228 - INFO - Epoch 872/1000 | Train Loss: 0.0001527 | Val Loss: 0.0001302 | LR: 0.000847
2025-08-09 03:07:06,966 - INFO - Epoch 873/1000 | Train Loss: 0.0001588 | Val Loss: 0.0001283 | LR: 0.000849
2025-08-09 03:09:02,809 - INFO - Epoch 874/1000 | Train Loss: 0.0001508 | Val Loss: 0.0001270 | LR: 0.000851
2025-08-09 03:10:58,535 - INFO - Epoch 875/1000 | Train Loss: 0.0001531 | Val Loss: 0.0001325 | LR: 0.000854
2025-08-09 03:12:54,293 - INFO - Epoch 876/1000 | Train Loss: 0.0001543 | Val Loss: 0.0001584 | LR: 0.000856
2025-08-09 03:14:49,974 - INFO - Epoch 877/1000 | Train Loss: 0.0001531 | Val Loss: 0.0001259 | LR: 0.000858
2025-08-09 03:16:45,891 - INFO - Epoch 878/1000 | Train Loss: 0.0001514 | Val Loss: 0.0001267 | LR: 0.000860
2025-08-09 03:18:41,645 - INFO - Epoch 879/1000 | Train Loss: 0.0001484 | Val Loss: 0.0001216 | LR: 0.000862
2025-08-09 03:20:37,449 - INFO - Epoch 880/1000 | Train Loss: 0.0001539 | Val Loss: 0.0001242 | LR: 0.000865
2025-08-09 03:22:33,575 - INFO - Epoch 881/1000 | Train Loss: 0.0001551 | Val Loss: 0.0001192 | LR: 0.000867
2025-08-09 03:24:29,260 - INFO - Epoch 882/1000 | Train Loss: 0.0001514 | Val Loss: 0.0001272 | LR: 0.000869
2025-08-09 03:26:25,233 - INFO - Epoch 883/1000 | Train Loss: 0.0001530 | Val Loss: 0.0001241 | LR: 0.000871
2025-08-09 03:28:20,893 - INFO - Epoch 884/1000 | Train Loss: 0.0003084 | Val Loss: 0.0001845 | LR: 0.000873
2025-08-09 03:30:16,594 - INFO - Epoch 885/1000 | Train Loss: 0.0001695 | Val Loss: 0.0001316 | LR: 0.000875
2025-08-09 03:32:12,543 - INFO - Epoch 886/1000 | Train Loss: 0.0001548 | Val Loss: 0.0001316 | LR: 0.000877
2025-08-09 03:34:08,276 - INFO - Epoch 887/1000 | Train Loss: 0.0001468 | Val Loss: 0.0001211 | LR: 0.000879
2025-08-09 03:36:04,254 - INFO - Epoch 888/1000 | Train Loss: 0.0001486 | Val Loss: 0.0001221 | LR: 0.000881
2025-08-09 03:38:00,170 - INFO - Epoch 889/1000 | Train Loss: 0.0001525 | Val Loss: 0.0001242 | LR: 0.000883
2025-08-09 03:39:55,951 - INFO - Epoch 890/1000 | Train Loss: 0.0001488 | Val Loss: 0.0001200 | LR: 0.000885
2025-08-09 03:41:51,716 - INFO - Epoch 891/1000 | Train Loss: 0.0001486 | Val Loss: 0.0001237 | LR: 0.000887
2025-08-09 03:43:47,460 - INFO - Epoch 892/1000 | Train Loss: 0.0001513 | Val Loss: 0.0001238 | LR: 0.000889
2025-08-09 03:45:43,302 - INFO - Epoch 893/1000 | Train Loss: 0.0001525 | Val Loss: 0.0001243 | LR: 0.000891
2025-08-09 03:47:39,021 - INFO - Epoch 894/1000 | Train Loss: 0.0001597 | Val Loss: 0.0001252 | LR: 0.000893
2025-08-09 03:49:34,903 - INFO - Epoch 895/1000 | Train Loss: 0.0001501 | Val Loss: 0.0001202 | LR: 0.000895
2025-08-09 03:51:30,637 - INFO - Epoch 896/1000 | Train Loss: 0.0001436 | Val Loss: 0.0001204 | LR: 0.000897
2025-08-09 03:53:26,430 - INFO - Epoch 897/1000 | Train Loss: 0.0001497 | Val Loss: 0.0001279 | LR: 0.000899
2025-08-09 03:55:22,256 - INFO - Epoch 898/1000 | Train Loss: 0.0001504 | Val Loss: 0.0001287 | LR: 0.000901
2025-08-09 03:57:17,972 - INFO - Epoch 899/1000 | Train Loss: 0.0001478 | Val Loss: 0.0001200 | LR: 0.000903
2025-08-09 03:59:13,824 - INFO - Epoch 900/1000 | Train Loss: 0.0001485 | Val Loss: 0.0001211 | LR: 0.000905
2025-08-09 03:59:14,578 - INFO - Saved periodic checkpoint at epoch 900 to /jizhicfs/Prometheus/Triton4Earth_V2/Scenario_3_Ocean_stream/regional_gulf_forcasting_0.125degree_daily/checkpoints/regional_gulf_forcasting_025degree_daily_20250808_epoch_900.pth
2025-08-09 04:01:10,216 - INFO - Epoch 901/1000 | Train Loss: 0.0001430 | Val Loss: 0.0001226 | LR: 0.000906
2025-08-09 04:03:06,082 - INFO - Epoch 902/1000 | Train Loss: 0.0001457 | Val Loss: 0.0001220 | LR: 0.000908
2025-08-09 04:05:01,728 - INFO - Epoch 903/1000 | Train Loss: 0.0001456 | Val Loss: 0.0001186 | LR: 0.000910
2025-08-09 04:06:57,425 - INFO - Epoch 904/1000 | Train Loss: 0.0001495 | Val Loss: 0.0001225 | LR: 0.000912
2025-08-09 04:08:53,105 - INFO - Epoch 905/1000 | Train Loss: 0.0001448 | Val Loss: 0.0001245 | LR: 0.000914
2025-08-09 04:10:48,803 - INFO - Epoch 906/1000 | Train Loss: 0.0001437 | Val Loss: 0.0001185 | LR: 0.000915
2025-08-09 04:12:44,556 - INFO - Epoch 907/1000 | Train Loss: 0.0001500 | Val Loss: 0.0001219 | LR: 0.000917
2025-08-09 04:14:40,407 - INFO - Epoch 908/1000 | Train Loss: 0.0001480 | Val Loss: 0.0001203 | LR: 0.000919
2025-08-09 04:16:36,201 - INFO - Epoch 909/1000 | Train Loss: 0.0001422 | Val Loss: 0.0001171 | LR: 0.000921
2025-08-09 04:18:31,879 - INFO - Epoch 910/1000 | Train Loss: 0.0001450 | Val Loss: 0.0001214 | LR: 0.000922
2025-08-09 04:20:27,648 - INFO - Epoch 911/1000 | Train Loss: 0.0001510 | Val Loss: 0.0001236 | LR: 0.000924
2025-08-09 04:22:23,571 - INFO - Epoch 912/1000 | Train Loss: 0.0001488 | Val Loss: 0.0001215 | LR: 0.000926
2025-08-09 04:24:19,336 - INFO - Epoch 913/1000 | Train Loss: 0.0001484 | Val Loss: 0.0001208 | LR: 0.000927
2025-08-09 04:26:15,096 - INFO - Epoch 914/1000 | Train Loss: 0.0001470 | Val Loss: 0.0001154 | LR: 0.000929
2025-08-09 04:28:10,917 - INFO - Epoch 915/1000 | Train Loss: 0.0001398 | Val Loss: 0.0001163 | LR: 0.000930
2025-08-09 04:30:06,638 - INFO - Epoch 916/1000 | Train Loss: 0.0001507 | Val Loss: 0.0001191 | LR: 0.000932
2025-08-09 04:32:02,348 - INFO - Epoch 917/1000 | Train Loss: 0.0001423 | Val Loss: 0.0001178 | LR: 0.000934
2025-08-09 04:33:58,041 - INFO - Epoch 918/1000 | Train Loss: 0.0001510 | Val Loss: 0.0001180 | LR: 0.000935
2025-08-09 04:35:53,781 - INFO - Epoch 919/1000 | Train Loss: 0.0001438 | Val Loss: 0.0001209 | LR: 0.000937
2025-08-09 04:37:49,460 - INFO - Epoch 920/1000 | Train Loss: 0.0001451 | Val Loss: 0.0001158 | LR: 0.000938
2025-08-09 04:39:45,214 - INFO - Epoch 921/1000 | Train Loss: 0.0001479 | Val Loss: 0.0001213 | LR: 0.000940
2025-08-09 04:41:41,024 - INFO - Epoch 922/1000 | Train Loss: 0.0001482 | Val Loss: 0.0001191 | LR: 0.000941
2025-08-09 04:43:36,813 - INFO - Epoch 923/1000 | Train Loss: 0.0001480 | Val Loss: 0.0001281 | LR: 0.000943
2025-08-09 04:45:32,546 - INFO - Epoch 924/1000 | Train Loss: 0.0001458 | Val Loss: 0.0001221 | LR: 0.000944
2025-08-09 04:47:28,402 - INFO - Epoch 925/1000 | Train Loss: 0.0001458 | Val Loss: 0.0001160 | LR: 0.000946
2025-08-09 04:49:24,075 - INFO - Epoch 926/1000 | Train Loss: 0.0001464 | Val Loss: 0.0001216 | LR: 0.000947
2025-08-09 04:51:19,919 - INFO - Epoch 927/1000 | Train Loss: 0.0001468 | Val Loss: 0.0001213 | LR: 0.000948
2025-08-09 04:53:15,692 - INFO - Epoch 928/1000 | Train Loss: 0.0001466 | Val Loss: 0.0001167 | LR: 0.000950
2025-08-09 04:55:11,449 - INFO - Epoch 929/1000 | Train Loss: 0.0001462 | Val Loss: 0.0001224 | LR: 0.000951
2025-08-09 04:57:07,270 - INFO - Epoch 930/1000 | Train Loss: 0.0001443 | Val Loss: 0.0001200 | LR: 0.000952
2025-08-09 04:59:03,049 - INFO - Epoch 931/1000 | Train Loss: 0.0001504 | Val Loss: 0.0001178 | LR: 0.000954
2025-08-09 05:00:58,800 - INFO - Epoch 932/1000 | Train Loss: 0.0001387 | Val Loss: 0.0001138 | LR: 0.000955
2025-08-09 05:02:54,480 - INFO - Epoch 933/1000 | Train Loss: 0.0001507 | Val Loss: 0.0001251 | LR: 0.000956
2025-08-09 05:04:50,446 - INFO - Epoch 934/1000 | Train Loss: 0.0001443 | Val Loss: 0.0001156 | LR: 0.000958
2025-08-09 05:06:46,229 - INFO - Epoch 935/1000 | Train Loss: 0.0001443 | Val Loss: 0.0001168 | LR: 0.000959
2025-08-09 05:08:42,331 - INFO - Epoch 936/1000 | Train Loss: 0.0001435 | Val Loss: 0.0001153 | LR: 0.000960
2025-08-09 05:10:38,103 - INFO - Epoch 937/1000 | Train Loss: 0.0001476 | Val Loss: 0.0001187 | LR: 0.000961
2025-08-09 05:12:33,888 - INFO - Epoch 938/1000 | Train Loss: 0.0001505 | Val Loss: 0.0001276 | LR: 0.000963
2025-08-09 05:14:29,670 - INFO - Epoch 939/1000 | Train Loss: 0.0001425 | Val Loss: 0.0001121 | LR: 0.000964
2025-08-09 05:16:25,429 - INFO - Epoch 940/1000 | Train Loss: 0.0001386 | Val Loss: 0.0001161 | LR: 0.000965
2025-08-09 05:18:21,305 - INFO - Epoch 941/1000 | Train Loss: 0.0001461 | Val Loss: 0.0001179 | LR: 0.000966
2025-08-09 05:20:16,997 - INFO - Epoch 942/1000 | Train Loss: 0.0001430 | Val Loss: 0.0001116 | LR: 0.000967
2025-08-09 05:22:12,657 - INFO - Epoch 943/1000 | Train Loss: 0.0001436 | Val Loss: 0.0001195 | LR: 0.000968
2025-08-09 05:24:08,363 - INFO - Epoch 944/1000 | Train Loss: 0.0001453 | Val Loss: 0.0001138 | LR: 0.000969
2025-08-09 05:26:04,046 - INFO - Epoch 945/1000 | Train Loss: 0.0001427 | Val Loss: 0.0001121 | LR: 0.000970
2025-08-09 05:27:59,748 - INFO - Epoch 946/1000 | Train Loss: 0.0001431 | Val Loss: 0.0001152 | LR: 0.000972
2025-08-09 05:29:55,636 - INFO - Epoch 947/1000 | Train Loss: 0.0001418 | Val Loss: 0.0001175 | LR: 0.000973
2025-08-09 05:31:51,455 - INFO - Epoch 948/1000 | Train Loss: 0.0001491 | Val Loss: 0.0001244 | LR: 0.000974
2025-08-09 05:33:47,125 - INFO - Epoch 949/1000 | Train Loss: 0.0001428 | Val Loss: 0.0001154 | LR: 0.000975
2025-08-09 05:35:42,934 - INFO - Epoch 950/1000 | Train Loss: 0.0001477 | Val Loss: 0.0001216 | LR: 0.000976
2025-08-09 05:37:38,577 - INFO - Epoch 951/1000 | Train Loss: 0.0001476 | Val Loss: 0.0001212 | LR: 0.000977
2025-08-09 05:39:34,471 - INFO - Epoch 952/1000 | Train Loss: 0.0001393 | Val Loss: 0.0001148 | LR: 0.000977
2025-08-09 05:41:30,287 - INFO - Epoch 953/1000 | Train Loss: 0.0001432 | Val Loss: 0.0001226 | LR: 0.000978
2025-08-09 05:43:26,425 - INFO - Epoch 954/1000 | Train Loss: 0.0001394 | Val Loss: 0.0001174 | LR: 0.000979
2025-08-09 05:45:22,237 - INFO - Epoch 955/1000 | Train Loss: 0.0001392 | Val Loss: 0.0001200 | LR: 0.000980
2025-08-09 05:47:18,028 - INFO - Epoch 956/1000 | Train Loss: 0.0001403 | Val Loss: 0.0001141 | LR: 0.000981
2025-08-09 05:49:13,756 - INFO - Epoch 957/1000 | Train Loss: 0.0001422 | Val Loss: 0.0001146 | LR: 0.000982
2025-08-09 05:51:09,473 - INFO - Epoch 958/1000 | Train Loss: 0.0001422 | Val Loss: 0.0001127 | LR: 0.000983
2025-08-09 05:53:05,086 - INFO - Epoch 959/1000 | Train Loss: 0.0001405 | Val Loss: 0.0001174 | LR: 0.000984
2025-08-09 05:55:00,794 - INFO - Epoch 960/1000 | Train Loss: 0.0001389 | Val Loss: 0.0001117 | LR: 0.000984
2025-08-09 05:56:56,510 - INFO - Epoch 961/1000 | Train Loss: 0.0001426 | Val Loss: 0.0001156 | LR: 0.000985
2025-08-09 05:58:52,377 - INFO - Epoch 962/1000 | Train Loss: 0.0001468 | Val Loss: 0.0001176 | LR: 0.000986
2025-08-09 06:00:48,247 - INFO - Epoch 963/1000 | Train Loss: 0.0001431 | Val Loss: 0.0001128 | LR: 0.000987
2025-08-09 06:02:43,982 - INFO - Epoch 964/1000 | Train Loss: 0.0001422 | Val Loss: 0.0001167 | LR: 0.000987
2025-08-09 06:04:39,750 - INFO - Epoch 965/1000 | Train Loss: 0.0001408 | Val Loss: 0.0001081 | LR: 0.000988
2025-08-09 06:06:35,404 - INFO - Epoch 966/1000 | Train Loss: 0.0001412 | Val Loss: 0.0001130 | LR: 0.000989
2025-08-09 06:08:31,313 - INFO - Epoch 967/1000 | Train Loss: 0.0001458 | Val Loss: 0.0001224 | LR: 0.000989
2025-08-09 06:10:27,373 - INFO - Epoch 968/1000 | Train Loss: 0.0001417 | Val Loss: 0.0001163 | LR: 0.000990
2025-08-09 06:12:23,158 - INFO - Epoch 969/1000 | Train Loss: 0.0001527 | Val Loss: 0.0001141 | LR: 0.000991
2025-08-09 06:14:18,988 - INFO - Epoch 970/1000 | Train Loss: 0.0001395 | Val Loss: 0.0001125 | LR: 0.000991
2025-08-09 06:16:14,794 - INFO - Epoch 971/1000 | Train Loss: 0.0001433 | Val Loss: 0.0001177 | LR: 0.000992
2025-08-09 06:18:10,442 - INFO - Epoch 972/1000 | Train Loss: 0.0001371 | Val Loss: 0.0001119 | LR: 0.000992
2025-08-09 06:20:06,137 - INFO - Epoch 973/1000 | Train Loss: 0.0001371 | Val Loss: 0.0001144 | LR: 0.000993
2025-08-09 06:22:01,853 - INFO - Epoch 974/1000 | Train Loss: 0.0001454 | Val Loss: 0.0001155 | LR: 0.000993
2025-08-09 06:23:57,535 - INFO - Epoch 975/1000 | Train Loss: 0.0001425 | Val Loss: 0.0001140 | LR: 0.000994
2025-08-09 06:25:53,279 - INFO - Epoch 976/1000 | Train Loss: 0.0001416 | Val Loss: 0.0001144 | LR: 0.000994
2025-08-09 06:27:49,327 - INFO - Epoch 977/1000 | Train Loss: 0.0001413 | Val Loss: 0.0001189 | LR: 0.000995
2025-08-09 06:29:45,037 - INFO - Epoch 978/1000 | Train Loss: 0.0001402 | Val Loss: 0.0001111 | LR: 0.000995
2025-08-09 06:31:40,737 - INFO - Epoch 979/1000 | Train Loss: 0.0001360 | Val Loss: 0.0001185 | LR: 0.000996
2025-08-09 06:33:36,493 - INFO - Epoch 980/1000 | Train Loss: 0.0001386 | Val Loss: 0.0001149 | LR: 0.000996
2025-08-09 06:35:32,317 - INFO - Epoch 981/1000 | Train Loss: 0.0001432 | Val Loss: 0.0001124 | LR: 0.000996
2025-08-09 06:37:28,132 - INFO - Epoch 982/1000 | Train Loss: 0.0001429 | Val Loss: 0.0001126 | LR: 0.000997
2025-08-09 06:39:23,823 - INFO - Epoch 983/1000 | Train Loss: 0.0001362 | Val Loss: 0.0001058 | LR: 0.000997
2025-08-09 06:41:19,639 - INFO - Epoch 984/1000 | Train Loss: 0.0001378 | Val Loss: 0.0001134 | LR: 0.000997
2025-08-09 06:43:15,460 - INFO - Epoch 985/1000 | Train Loss: 0.0001423 | Val Loss: 0.0001103 | LR: 0.000998
2025-08-09 06:45:11,258 - INFO - Epoch 986/1000 | Train Loss: 0.0001382 | Val Loss: 0.0001158 | LR: 0.000998
2025-08-09 06:47:06,987 - INFO - Epoch 987/1000 | Train Loss: 0.0001372 | Val Loss: 0.0001139 | LR: 0.000998
2025-08-09 06:49:02,751 - INFO - Epoch 988/1000 | Train Loss: 0.0001345 | Val Loss: 0.0001076 | LR: 0.000999
2025-08-09 06:50:58,408 - INFO - Epoch 989/1000 | Train Loss: 0.0001383 | Val Loss: 0.0001129 | LR: 0.000999
2025-08-09 06:52:54,339 - INFO - Epoch 990/1000 | Train Loss: 0.0001400 | Val Loss: 0.0001154 | LR: 0.000999
2025-08-09 06:54:50,062 - INFO - Epoch 991/1000 | Train Loss: 0.0001389 | Val Loss: 0.0001161 | LR: 0.000999
2025-08-09 06:56:45,903 - INFO - Epoch 992/1000 | Train Loss: 0.0001427 | Val Loss: 0.0001106 | LR: 0.000999
2025-08-09 06:58:41,663 - INFO - Epoch 993/1000 | Train Loss: 0.0001381 | Val Loss: 0.0001148 | LR: 0.001000
2025-08-09 07:00:37,315 - INFO - Epoch 994/1000 | Train Loss: 0.0001430 | Val Loss: 0.0001117 | LR: 0.001000
2025-08-09 07:02:33,235 - INFO - Epoch 995/1000 | Train Loss: 0.0001395 | Val Loss: 0.0001098 | LR: 0.001000
2025-08-09 07:04:29,128 - INFO - Epoch 996/1000 | Train Loss: 0.0001358 | Val Loss: 0.0001106 | LR: 0.001000
2025-08-09 07:06:24,873 - INFO - Epoch 997/1000 | Train Loss: 0.0001405 | Val Loss: 0.0001162 | LR: 0.001000
2025-08-09 07:08:20,657 - INFO - Epoch 998/1000 | Train Loss: 0.0001377 | Val Loss: 0.0001093 | LR: 0.001000
2025-08-09 07:10:16,751 - INFO - Epoch 999/1000 | Train Loss: 0.0001367 | Val Loss: 0.0001106 | LR: 0.001000
2025-08-09 07:12:12,453 - INFO - Epoch 1000/1000 | Train Loss: 0.0001449 | Val Loss: 0.0001176 | LR: 0.001000
2025-08-09 07:12:13,129 - INFO - Saved periodic checkpoint at epoch 1000 to /jizhicfs/Prometheus/Triton4Earth_V2/Scenario_3_Ocean_stream/regional_gulf_forcasting_0.125degree_daily/checkpoints/regional_gulf_forcasting_025degree_daily_20250808_epoch_1000.pth
2025-08-09 07:12:13,129 - INFO - Training finished. Starting final testing with the best model.
2025-08-09 07:12:13,519 - INFO - Successfully loaded best model checkpoint for testing.
