2025-08-07 23:12:22,826 - INFO - Starting data loading process...
2025-08-07 23:18:11,960 - INFO - Starting data loading process...
2025-08-07 23:19:38,679 - INFO - Dataset sizes: Train=11303, Validation=346, Test=670
2025-08-07 23:19:38,697 - INFO - Input shape: torch.Size([10, 2, 80, 160])
2025-08-07 23:19:38,699 - INFO - Target shape: torch.Size([10, 2, 80, 160])
2025-08-07 23:19:38,700 - INFO - ============================================================
2025-08-07 23:19:38,700 - INFO - Performing data sanity check...
2025-08-07 23:19:39,265 - INFO - 
--- Input Tensor Statistics ---
2025-08-07 23:19:39,265 - INFO - Shape: torch.Size([4, 10, 2, 80, 160])
2025-08-07 23:19:39,269 - INFO - Min: -1.9610
2025-08-07 23:19:39,270 - INFO - Max: 2.0030
2025-08-07 23:19:39,275 - INFO - Mean: 0.0005
2025-08-07 23:19:39,282 - INFO - NaN count: 0
2025-08-07 23:19:39,283 - INFO - 
--- Target Tensor Statistics ---
2025-08-07 23:19:39,283 - INFO - Shape: torch.Size([4, 10, 2, 80, 160])
2025-08-07 23:19:39,283 - INFO - Min: -1.9757
2025-08-07 23:19:39,284 - INFO - Max: 2.0268
2025-08-07 23:19:39,284 - INFO - Mean: 0.0010
2025-08-07 23:19:39,287 - INFO - NaN count: 0
2025-08-07 23:19:39,287 - INFO - ============================================================
2025-08-07 23:19:54,696 - INFO - Initializing model, criterion, and optimizer...
2025-08-07 23:19:56,137 - INFO - Starting training loop...
2025-08-07 23:21:29,847 - INFO - Epoch 1/1000 | Train Loss: 0.0751639 | Val Loss: 0.0229413 | LR: 0.001000
2025-08-07 23:21:30,516 - INFO - New best model saved to /jizhicfs/Prometheus/Triton4Earth_V2/Scenario_3_Ocean_stream/regional_agulhas_forcasting_0.125degree_daily/checkpoints/regional_agu_forcasting_025degree_daily_20250808_best_model.pth with validation loss: 0.0229413
2025-08-07 23:23:02,002 - INFO - Epoch 2/1000 | Train Loss: 0.0124926 | Val Loss: 0.0113787 | LR: 0.001000
2025-08-07 23:23:02,731 - INFO - New best model saved to /jizhicfs/Prometheus/Triton4Earth_V2/Scenario_3_Ocean_stream/regional_agulhas_forcasting_0.125degree_daily/checkpoints/regional_agu_forcasting_025degree_daily_20250808_best_model.pth with validation loss: 0.0113787
2025-08-07 23:24:34,068 - INFO - Epoch 3/1000 | Train Loss: 0.0075258 | Val Loss: 0.0081425 | LR: 0.001000
2025-08-07 23:24:34,771 - INFO - New best model saved to /jizhicfs/Prometheus/Triton4Earth_V2/Scenario_3_Ocean_stream/regional_agulhas_forcasting_0.125degree_daily/checkpoints/regional_agu_forcasting_025degree_daily_20250808_best_model.pth with validation loss: 0.0081425
2025-08-07 23:26:06,053 - INFO - Epoch 4/1000 | Train Loss: 0.0060830 | Val Loss: 0.0066896 | LR: 0.001000
2025-08-07 23:26:06,736 - INFO - New best model saved to /jizhicfs/Prometheus/Triton4Earth_V2/Scenario_3_Ocean_stream/regional_agulhas_forcasting_0.125degree_daily/checkpoints/regional_agu_forcasting_025degree_daily_20250808_best_model.pth with validation loss: 0.0066896
2025-08-07 23:27:37,995 - INFO - Epoch 5/1000 | Train Loss: 0.0050415 | Val Loss: 0.0055751 | LR: 0.001000
2025-08-07 23:27:38,670 - INFO - New best model saved to /jizhicfs/Prometheus/Triton4Earth_V2/Scenario_3_Ocean_stream/regional_agulhas_forcasting_0.125degree_daily/checkpoints/regional_agu_forcasting_025degree_daily_20250808_best_model.pth with validation loss: 0.0055751
2025-08-07 23:29:09,932 - INFO - Epoch 6/1000 | Train Loss: 0.0045057 | Val Loss: 0.0046845 | LR: 0.001000
2025-08-07 23:29:10,591 - INFO - New best model saved to /jizhicfs/Prometheus/Triton4Earth_V2/Scenario_3_Ocean_stream/regional_agulhas_forcasting_0.125degree_daily/checkpoints/regional_agu_forcasting_025degree_daily_20250808_best_model.pth with validation loss: 0.0046845
2025-08-07 23:30:41,815 - INFO - Epoch 7/1000 | Train Loss: 0.0036183 | Val Loss: 0.0039265 | LR: 0.001000
2025-08-07 23:30:42,507 - INFO - New best model saved to /jizhicfs/Prometheus/Triton4Earth_V2/Scenario_3_Ocean_stream/regional_agulhas_forcasting_0.125degree_daily/checkpoints/regional_agu_forcasting_025degree_daily_20250808_best_model.pth with validation loss: 0.0039265
2025-08-07 23:32:13,752 - INFO - Epoch 8/1000 | Train Loss: 0.0030904 | Val Loss: 0.0034498 | LR: 0.000999
2025-08-07 23:32:14,434 - INFO - New best model saved to /jizhicfs/Prometheus/Triton4Earth_V2/Scenario_3_Ocean_stream/regional_agulhas_forcasting_0.125degree_daily/checkpoints/regional_agu_forcasting_025degree_daily_20250808_best_model.pth with validation loss: 0.0034498
2025-08-07 23:33:45,629 - INFO - Epoch 9/1000 | Train Loss: 0.0026897 | Val Loss: 0.0029886 | LR: 0.000999
2025-08-07 23:33:46,340 - INFO - New best model saved to /jizhicfs/Prometheus/Triton4Earth_V2/Scenario_3_Ocean_stream/regional_agulhas_forcasting_0.125degree_daily/checkpoints/regional_agu_forcasting_025degree_daily_20250808_best_model.pth with validation loss: 0.0029886
2025-08-07 23:35:17,624 - INFO - Epoch 10/1000 | Train Loss: 0.0024060 | Val Loss: 0.0027102 | LR: 0.000999
2025-08-07 23:35:18,323 - INFO - New best model saved to /jizhicfs/Prometheus/Triton4Earth_V2/Scenario_3_Ocean_stream/regional_agulhas_forcasting_0.125degree_daily/checkpoints/regional_agu_forcasting_025degree_daily_20250808_best_model.pth with validation loss: 0.0027102
2025-08-07 23:36:49,523 - INFO - Epoch 11/1000 | Train Loss: 0.0020872 | Val Loss: 0.0023724 | LR: 0.000999
2025-08-07 23:36:50,224 - INFO - New best model saved to /jizhicfs/Prometheus/Triton4Earth_V2/Scenario_3_Ocean_stream/regional_agulhas_forcasting_0.125degree_daily/checkpoints/regional_agu_forcasting_025degree_daily_20250808_best_model.pth with validation loss: 0.0023724
2025-08-07 23:38:21,575 - INFO - Epoch 12/1000 | Train Loss: 0.0020049 | Val Loss: 0.0021884 | LR: 0.000999
2025-08-07 23:38:22,283 - INFO - New best model saved to /jizhicfs/Prometheus/Triton4Earth_V2/Scenario_3_Ocean_stream/regional_agulhas_forcasting_0.125degree_daily/checkpoints/regional_agu_forcasting_025degree_daily_20250808_best_model.pth with validation loss: 0.0021884
2025-08-07 23:39:53,748 - INFO - Epoch 13/1000 | Train Loss: 0.0018031 | Val Loss: 0.0019932 | LR: 0.000998
2025-08-07 23:39:54,423 - INFO - New best model saved to /jizhicfs/Prometheus/Triton4Earth_V2/Scenario_3_Ocean_stream/regional_agulhas_forcasting_0.125degree_daily/checkpoints/regional_agu_forcasting_025degree_daily_20250808_best_model.pth with validation loss: 0.0019932
2025-08-07 23:41:25,664 - INFO - Epoch 14/1000 | Train Loss: 0.0016458 | Val Loss: 0.0019366 | LR: 0.000998
2025-08-07 23:41:26,350 - INFO - New best model saved to /jizhicfs/Prometheus/Triton4Earth_V2/Scenario_3_Ocean_stream/regional_agulhas_forcasting_0.125degree_daily/checkpoints/regional_agu_forcasting_025degree_daily_20250808_best_model.pth with validation loss: 0.0019366
2025-08-07 23:42:57,585 - INFO - Epoch 15/1000 | Train Loss: 0.0015704 | Val Loss: 0.0017317 | LR: 0.000998
2025-08-07 23:42:58,258 - INFO - New best model saved to /jizhicfs/Prometheus/Triton4Earth_V2/Scenario_3_Ocean_stream/regional_agulhas_forcasting_0.125degree_daily/checkpoints/regional_agu_forcasting_025degree_daily_20250808_best_model.pth with validation loss: 0.0017317
2025-08-07 23:44:29,469 - INFO - Epoch 16/1000 | Train Loss: 0.0014781 | Val Loss: 0.0016901 | LR: 0.000997
2025-08-07 23:44:30,148 - INFO - New best model saved to /jizhicfs/Prometheus/Triton4Earth_V2/Scenario_3_Ocean_stream/regional_agulhas_forcasting_0.125degree_daily/checkpoints/regional_agu_forcasting_025degree_daily_20250808_best_model.pth with validation loss: 0.0016901
2025-08-07 23:46:01,344 - INFO - Epoch 17/1000 | Train Loss: 0.0013719 | Val Loss: 0.0014785 | LR: 0.000997
2025-08-07 23:46:02,073 - INFO - New best model saved to /jizhicfs/Prometheus/Triton4Earth_V2/Scenario_3_Ocean_stream/regional_agulhas_forcasting_0.125degree_daily/checkpoints/regional_agu_forcasting_025degree_daily_20250808_best_model.pth with validation loss: 0.0014785
2025-08-07 23:47:33,310 - INFO - Epoch 18/1000 | Train Loss: 0.0013258 | Val Loss: 0.0014055 | LR: 0.000997
2025-08-07 23:47:34,006 - INFO - New best model saved to /jizhicfs/Prometheus/Triton4Earth_V2/Scenario_3_Ocean_stream/regional_agulhas_forcasting_0.125degree_daily/checkpoints/regional_agu_forcasting_025degree_daily_20250808_best_model.pth with validation loss: 0.0014055
2025-08-07 23:49:05,223 - INFO - Epoch 19/1000 | Train Loss: 0.0012595 | Val Loss: 0.0013709 | LR: 0.000996
2025-08-07 23:49:05,899 - INFO - New best model saved to /jizhicfs/Prometheus/Triton4Earth_V2/Scenario_3_Ocean_stream/regional_agulhas_forcasting_0.125degree_daily/checkpoints/regional_agu_forcasting_025degree_daily_20250808_best_model.pth with validation loss: 0.0013709
2025-08-07 23:50:37,086 - INFO - Epoch 20/1000 | Train Loss: 0.0012012 | Val Loss: 0.0013352 | LR: 0.000996
2025-08-07 23:50:37,776 - INFO - New best model saved to /jizhicfs/Prometheus/Triton4Earth_V2/Scenario_3_Ocean_stream/regional_agulhas_forcasting_0.125degree_daily/checkpoints/regional_agu_forcasting_025degree_daily_20250808_best_model.pth with validation loss: 0.0013352
2025-08-07 23:52:09,019 - INFO - Epoch 21/1000 | Train Loss: 0.0011932 | Val Loss: 0.0012680 | LR: 0.000996
2025-08-07 23:52:09,710 - INFO - New best model saved to /jizhicfs/Prometheus/Triton4Earth_V2/Scenario_3_Ocean_stream/regional_agulhas_forcasting_0.125degree_daily/checkpoints/regional_agu_forcasting_025degree_daily_20250808_best_model.pth with validation loss: 0.0012680
2025-08-07 23:53:40,961 - INFO - Epoch 22/1000 | Train Loss: 0.0010880 | Val Loss: 0.0011553 | LR: 0.000995
2025-08-07 23:53:41,667 - INFO - New best model saved to /jizhicfs/Prometheus/Triton4Earth_V2/Scenario_3_Ocean_stream/regional_agulhas_forcasting_0.125degree_daily/checkpoints/regional_agu_forcasting_025degree_daily_20250808_best_model.pth with validation loss: 0.0011553
2025-08-07 23:55:12,964 - INFO - Epoch 23/1000 | Train Loss: 0.0010515 | Val Loss: 0.0011169 | LR: 0.000995
2025-08-07 23:55:13,645 - INFO - New best model saved to /jizhicfs/Prometheus/Triton4Earth_V2/Scenario_3_Ocean_stream/regional_agulhas_forcasting_0.125degree_daily/checkpoints/regional_agu_forcasting_025degree_daily_20250808_best_model.pth with validation loss: 0.0011169
2025-08-07 23:56:44,872 - INFO - Epoch 24/1000 | Train Loss: 0.0010168 | Val Loss: 0.0011417 | LR: 0.000994
2025-08-07 23:58:16,137 - INFO - Epoch 25/1000 | Train Loss: 0.0009861 | Val Loss: 0.0011125 | LR: 0.000994
2025-08-07 23:58:16,823 - INFO - New best model saved to /jizhicfs/Prometheus/Triton4Earth_V2/Scenario_3_Ocean_stream/regional_agulhas_forcasting_0.125degree_daily/checkpoints/regional_agu_forcasting_025degree_daily_20250808_best_model.pth with validation loss: 0.0011125
2025-08-07 23:59:48,090 - INFO - Epoch 26/1000 | Train Loss: 0.0009696 | Val Loss: 0.0010131 | LR: 0.000993
2025-08-07 23:59:48,795 - INFO - New best model saved to /jizhicfs/Prometheus/Triton4Earth_V2/Scenario_3_Ocean_stream/regional_agulhas_forcasting_0.125degree_daily/checkpoints/regional_agu_forcasting_025degree_daily_20250808_best_model.pth with validation loss: 0.0010131
2025-08-08 00:01:20,465 - INFO - Epoch 27/1000 | Train Loss: 0.0009389 | Val Loss: 0.0009992 | LR: 0.000993
2025-08-08 00:01:21,195 - INFO - New best model saved to /jizhicfs/Prometheus/Triton4Earth_V2/Scenario_3_Ocean_stream/regional_agulhas_forcasting_0.125degree_daily/checkpoints/regional_agu_forcasting_025degree_daily_20250808_best_model.pth with validation loss: 0.0009992
2025-08-08 00:02:52,461 - INFO - Epoch 28/1000 | Train Loss: 0.0009142 | Val Loss: 0.0009556 | LR: 0.000992
2025-08-08 00:02:53,203 - INFO - New best model saved to /jizhicfs/Prometheus/Triton4Earth_V2/Scenario_3_Ocean_stream/regional_agulhas_forcasting_0.125degree_daily/checkpoints/regional_agu_forcasting_025degree_daily_20250808_best_model.pth with validation loss: 0.0009556
2025-08-08 00:04:24,437 - INFO - Epoch 29/1000 | Train Loss: 0.0008722 | Val Loss: 0.0010808 | LR: 0.000992
2025-08-08 00:05:55,711 - INFO - Epoch 30/1000 | Train Loss: 0.0008472 | Val Loss: 0.0008463 | LR: 0.000991
2025-08-08 00:05:56,439 - INFO - New best model saved to /jizhicfs/Prometheus/Triton4Earth_V2/Scenario_3_Ocean_stream/regional_agulhas_forcasting_0.125degree_daily/checkpoints/regional_agu_forcasting_025degree_daily_20250808_best_model.pth with validation loss: 0.0008463
2025-08-08 00:07:27,732 - INFO - Epoch 31/1000 | Train Loss: 0.0008077 | Val Loss: 0.0008695 | LR: 0.000991
2025-08-08 00:08:59,004 - INFO - Epoch 32/1000 | Train Loss: 0.0008196 | Val Loss: 0.0009212 | LR: 0.000990
2025-08-08 00:10:30,487 - INFO - Epoch 33/1000 | Train Loss: 0.0007833 | Val Loss: 0.0008009 | LR: 0.000989
2025-08-08 00:10:31,186 - INFO - New best model saved to /jizhicfs/Prometheus/Triton4Earth_V2/Scenario_3_Ocean_stream/regional_agulhas_forcasting_0.125degree_daily/checkpoints/regional_agu_forcasting_025degree_daily_20250808_best_model.pth with validation loss: 0.0008009
2025-08-08 00:12:02,413 - INFO - Epoch 34/1000 | Train Loss: 0.0007794 | Val Loss: 0.0007623 | LR: 0.000989
2025-08-08 00:12:03,156 - INFO - New best model saved to /jizhicfs/Prometheus/Triton4Earth_V2/Scenario_3_Ocean_stream/regional_agulhas_forcasting_0.125degree_daily/checkpoints/regional_agu_forcasting_025degree_daily_20250808_best_model.pth with validation loss: 0.0007623
2025-08-08 00:13:34,398 - INFO - Epoch 35/1000 | Train Loss: 0.0007181 | Val Loss: 0.0007543 | LR: 0.000988
2025-08-08 00:13:35,110 - INFO - New best model saved to /jizhicfs/Prometheus/Triton4Earth_V2/Scenario_3_Ocean_stream/regional_agulhas_forcasting_0.125degree_daily/checkpoints/regional_agu_forcasting_025degree_daily_20250808_best_model.pth with validation loss: 0.0007543
2025-08-08 00:15:06,357 - INFO - Epoch 36/1000 | Train Loss: 0.0007229 | Val Loss: 0.0007317 | LR: 0.000987
2025-08-08 00:15:07,084 - INFO - New best model saved to /jizhicfs/Prometheus/Triton4Earth_V2/Scenario_3_Ocean_stream/regional_agulhas_forcasting_0.125degree_daily/checkpoints/regional_agu_forcasting_025degree_daily_20250808_best_model.pth with validation loss: 0.0007317
2025-08-08 00:16:38,371 - INFO - Epoch 37/1000 | Train Loss: 0.0007115 | Val Loss: 0.0007223 | LR: 0.000987
2025-08-08 00:16:39,074 - INFO - New best model saved to /jizhicfs/Prometheus/Triton4Earth_V2/Scenario_3_Ocean_stream/regional_agulhas_forcasting_0.125degree_daily/checkpoints/regional_agu_forcasting_025degree_daily_20250808_best_model.pth with validation loss: 0.0007223
2025-08-08 00:18:10,450 - INFO - Epoch 38/1000 | Train Loss: 0.0007315 | Val Loss: 0.0007201 | LR: 0.000986
2025-08-08 00:18:11,180 - INFO - New best model saved to /jizhicfs/Prometheus/Triton4Earth_V2/Scenario_3_Ocean_stream/regional_agulhas_forcasting_0.125degree_daily/checkpoints/regional_agu_forcasting_025degree_daily_20250808_best_model.pth with validation loss: 0.0007201
2025-08-08 00:19:42,462 - INFO - Epoch 39/1000 | Train Loss: 0.0006812 | Val Loss: 0.0006866 | LR: 0.000985
2025-08-08 00:19:43,206 - INFO - New best model saved to /jizhicfs/Prometheus/Triton4Earth_V2/Scenario_3_Ocean_stream/regional_agulhas_forcasting_0.125degree_daily/checkpoints/regional_agu_forcasting_025degree_daily_20250808_best_model.pth with validation loss: 0.0006866
2025-08-08 00:21:14,491 - INFO - Epoch 40/1000 | Train Loss: 0.0006815 | Val Loss: 0.0006724 | LR: 0.000984
2025-08-08 00:21:15,214 - INFO - New best model saved to /jizhicfs/Prometheus/Triton4Earth_V2/Scenario_3_Ocean_stream/regional_agulhas_forcasting_0.125degree_daily/checkpoints/regional_agu_forcasting_025degree_daily_20250808_best_model.pth with validation loss: 0.0006724
2025-08-08 00:22:46,457 - INFO - Epoch 41/1000 | Train Loss: 0.0006472 | Val Loss: 0.0006456 | LR: 0.000984
2025-08-08 00:22:47,189 - INFO - New best model saved to /jizhicfs/Prometheus/Triton4Earth_V2/Scenario_3_Ocean_stream/regional_agulhas_forcasting_0.125degree_daily/checkpoints/regional_agu_forcasting_025degree_daily_20250808_best_model.pth with validation loss: 0.0006456
2025-08-08 00:24:18,417 - INFO - Epoch 42/1000 | Train Loss: 0.0006401 | Val Loss: 0.0006382 | LR: 0.000983
2025-08-08 00:24:19,142 - INFO - New best model saved to /jizhicfs/Prometheus/Triton4Earth_V2/Scenario_3_Ocean_stream/regional_agulhas_forcasting_0.125degree_daily/checkpoints/regional_agu_forcasting_025degree_daily_20250808_best_model.pth with validation loss: 0.0006382
2025-08-08 00:25:50,600 - INFO - Epoch 43/1000 | Train Loss: 0.0006373 | Val Loss: 0.0006443 | LR: 0.000982
2025-08-08 00:27:21,840 - INFO - Epoch 44/1000 | Train Loss: 0.0006060 | Val Loss: 0.0006130 | LR: 0.000981
2025-08-08 00:27:22,563 - INFO - New best model saved to /jizhicfs/Prometheus/Triton4Earth_V2/Scenario_3_Ocean_stream/regional_agulhas_forcasting_0.125degree_daily/checkpoints/regional_agu_forcasting_025degree_daily_20250808_best_model.pth with validation loss: 0.0006130
2025-08-08 00:28:54,204 - INFO - Epoch 45/1000 | Train Loss: 0.0006223 | Val Loss: 0.0006261 | LR: 0.000980
2025-08-08 00:30:25,483 - INFO - Epoch 46/1000 | Train Loss: 0.0005929 | Val Loss: 0.0005818 | LR: 0.000979
2025-08-08 00:30:26,185 - INFO - New best model saved to /jizhicfs/Prometheus/Triton4Earth_V2/Scenario_3_Ocean_stream/regional_agulhas_forcasting_0.125degree_daily/checkpoints/regional_agu_forcasting_025degree_daily_20250808_best_model.pth with validation loss: 0.0005818
2025-08-08 00:31:57,445 - INFO - Epoch 47/1000 | Train Loss: 0.0005830 | Val Loss: 0.0005591 | LR: 0.000978
2025-08-08 00:31:58,172 - INFO - New best model saved to /jizhicfs/Prometheus/Triton4Earth_V2/Scenario_3_Ocean_stream/regional_agulhas_forcasting_0.125degree_daily/checkpoints/regional_agu_forcasting_025degree_daily_20250808_best_model.pth with validation loss: 0.0005591
2025-08-08 00:33:29,428 - INFO - Epoch 48/1000 | Train Loss: 0.0005821 | Val Loss: 0.0005706 | LR: 0.000977
2025-08-08 00:35:00,790 - INFO - Epoch 49/1000 | Train Loss: 0.0005817 | Val Loss: 0.0005547 | LR: 0.000977
2025-08-08 00:35:01,491 - INFO - New best model saved to /jizhicfs/Prometheus/Triton4Earth_V2/Scenario_3_Ocean_stream/regional_agulhas_forcasting_0.125degree_daily/checkpoints/regional_agu_forcasting_025degree_daily_20250808_best_model.pth with validation loss: 0.0005547
2025-08-08 00:36:32,972 - INFO - Epoch 50/1000 | Train Loss: 0.0005549 | Val Loss: 0.0005430 | LR: 0.000976
2025-08-08 00:36:33,671 - INFO - New best model saved to /jizhicfs/Prometheus/Triton4Earth_V2/Scenario_3_Ocean_stream/regional_agulhas_forcasting_0.125degree_daily/checkpoints/regional_agu_forcasting_025degree_daily_20250808_best_model.pth with validation loss: 0.0005430
2025-08-08 00:38:04,948 - INFO - Epoch 51/1000 | Train Loss: 0.0005685 | Val Loss: 0.0005696 | LR: 0.000975
2025-08-08 00:39:36,220 - INFO - Epoch 52/1000 | Train Loss: 0.0005426 | Val Loss: 0.0005641 | LR: 0.000974
2025-08-08 00:41:07,521 - INFO - Epoch 53/1000 | Train Loss: 0.0005443 | Val Loss: 0.0005185 | LR: 0.000973
2025-08-08 00:41:08,266 - INFO - New best model saved to /jizhicfs/Prometheus/Triton4Earth_V2/Scenario_3_Ocean_stream/regional_agulhas_forcasting_0.125degree_daily/checkpoints/regional_agu_forcasting_025degree_daily_20250808_best_model.pth with validation loss: 0.0005185
2025-08-08 00:42:39,551 - INFO - Epoch 54/1000 | Train Loss: 0.0005269 | Val Loss: 0.0005371 | LR: 0.000972
2025-08-08 00:44:10,832 - INFO - Epoch 55/1000 | Train Loss: 0.0005140 | Val Loss: 0.0005099 | LR: 0.000970
2025-08-08 00:44:11,547 - INFO - New best model saved to /jizhicfs/Prometheus/Triton4Earth_V2/Scenario_3_Ocean_stream/regional_agulhas_forcasting_0.125degree_daily/checkpoints/regional_agu_forcasting_025degree_daily_20250808_best_model.pth with validation loss: 0.0005099
2025-08-08 00:45:42,782 - INFO - Epoch 56/1000 | Train Loss: 0.0005256 | Val Loss: 0.0005188 | LR: 0.000969
2025-08-08 00:47:14,093 - INFO - Epoch 57/1000 | Train Loss: 0.0005207 | Val Loss: 0.0005246 | LR: 0.000968
2025-08-08 00:48:45,384 - INFO - Epoch 58/1000 | Train Loss: 0.0005231 | Val Loss: 0.0005131 | LR: 0.000967
2025-08-08 00:50:16,667 - INFO - Epoch 59/1000 | Train Loss: 0.0004826 | Val Loss: 0.0004781 | LR: 0.000966
2025-08-08 00:50:17,381 - INFO - New best model saved to /jizhicfs/Prometheus/Triton4Earth_V2/Scenario_3_Ocean_stream/regional_agulhas_forcasting_0.125degree_daily/checkpoints/regional_agu_forcasting_025degree_daily_20250808_best_model.pth with validation loss: 0.0004781
2025-08-08 00:51:48,587 - INFO - Epoch 60/1000 | Train Loss: 0.0004833 | Val Loss: 0.0004777 | LR: 0.000965
2025-08-08 00:51:49,292 - INFO - New best model saved to /jizhicfs/Prometheus/Triton4Earth_V2/Scenario_3_Ocean_stream/regional_agulhas_forcasting_0.125degree_daily/checkpoints/regional_agu_forcasting_025degree_daily_20250808_best_model.pth with validation loss: 0.0004777
2025-08-08 00:53:20,549 - INFO - Epoch 61/1000 | Train Loss: 0.0004912 | Val Loss: 0.0004684 | LR: 0.000964
2025-08-08 00:53:21,267 - INFO - New best model saved to /jizhicfs/Prometheus/Triton4Earth_V2/Scenario_3_Ocean_stream/regional_agulhas_forcasting_0.125degree_daily/checkpoints/regional_agu_forcasting_025degree_daily_20250808_best_model.pth with validation loss: 0.0004684
2025-08-08 00:54:52,503 - INFO - Epoch 62/1000 | Train Loss: 0.0004923 | Val Loss: 0.0004773 | LR: 0.000963
2025-08-08 00:56:23,984 - INFO - Epoch 63/1000 | Train Loss: 0.0004683 | Val Loss: 0.0004564 | LR: 0.000961
2025-08-08 00:56:24,679 - INFO - New best model saved to /jizhicfs/Prometheus/Triton4Earth_V2/Scenario_3_Ocean_stream/regional_agulhas_forcasting_0.125degree_daily/checkpoints/regional_agu_forcasting_025degree_daily_20250808_best_model.pth with validation loss: 0.0004564
2025-08-08 00:57:55,931 - INFO - Epoch 64/1000 | Train Loss: 0.0004795 | Val Loss: 0.0004603 | LR: 0.000960
2025-08-08 00:59:27,201 - INFO - Epoch 65/1000 | Train Loss: 0.0004695 | Val Loss: 0.0004450 | LR: 0.000959
2025-08-08 00:59:27,907 - INFO - New best model saved to /jizhicfs/Prometheus/Triton4Earth_V2/Scenario_3_Ocean_stream/regional_agulhas_forcasting_0.125degree_daily/checkpoints/regional_agu_forcasting_025degree_daily_20250808_best_model.pth with validation loss: 0.0004450
2025-08-08 01:00:59,164 - INFO - Epoch 66/1000 | Train Loss: 0.0004604 | Val Loss: 0.0004475 | LR: 0.000958
2025-08-08 01:02:30,526 - INFO - Epoch 67/1000 | Train Loss: 0.0004702 | Val Loss: 0.0004291 | LR: 0.000956
2025-08-08 01:02:31,231 - INFO - New best model saved to /jizhicfs/Prometheus/Triton4Earth_V2/Scenario_3_Ocean_stream/regional_agulhas_forcasting_0.125degree_daily/checkpoints/regional_agu_forcasting_025degree_daily_20250808_best_model.pth with validation loss: 0.0004291
2025-08-08 01:04:02,573 - INFO - Epoch 68/1000 | Train Loss: 0.0004503 | Val Loss: 0.0004279 | LR: 0.000955
2025-08-08 01:04:03,333 - INFO - New best model saved to /jizhicfs/Prometheus/Triton4Earth_V2/Scenario_3_Ocean_stream/regional_agulhas_forcasting_0.125degree_daily/checkpoints/regional_agu_forcasting_025degree_daily_20250808_best_model.pth with validation loss: 0.0004279
2025-08-08 01:05:34,569 - INFO - Epoch 69/1000 | Train Loss: 0.0004718 | Val Loss: 0.0004306 | LR: 0.000954
2025-08-08 01:07:05,830 - INFO - Epoch 70/1000 | Train Loss: 0.0004433 | Val Loss: 0.0004209 | LR: 0.000952
2025-08-08 01:07:06,520 - INFO - New best model saved to /jizhicfs/Prometheus/Triton4Earth_V2/Scenario_3_Ocean_stream/regional_agulhas_forcasting_0.125degree_daily/checkpoints/regional_agu_forcasting_025degree_daily_20250808_best_model.pth with validation loss: 0.0004209
2025-08-08 01:08:37,842 - INFO - Epoch 71/1000 | Train Loss: 0.0004271 | Val Loss: 0.0004024 | LR: 0.000951
2025-08-08 01:08:38,547 - INFO - New best model saved to /jizhicfs/Prometheus/Triton4Earth_V2/Scenario_3_Ocean_stream/regional_agulhas_forcasting_0.125degree_daily/checkpoints/regional_agu_forcasting_025degree_daily_20250808_best_model.pth with validation loss: 0.0004024
2025-08-08 01:10:10,063 - INFO - Epoch 72/1000 | Train Loss: 0.0004459 | Val Loss: 0.0004124 | LR: 0.000950
2025-08-08 01:11:41,344 - INFO - Epoch 73/1000 | Train Loss: 0.0004374 | Val Loss: 0.0004177 | LR: 0.000948
2025-08-08 01:13:12,781 - INFO - Epoch 74/1000 | Train Loss: 0.0004364 | Val Loss: 0.0004249 | LR: 0.000947
2025-08-08 01:14:44,169 - INFO - Epoch 75/1000 | Train Loss: 0.0004259 | Val Loss: 0.0004163 | LR: 0.000946
2025-08-08 01:16:15,470 - INFO - Epoch 76/1000 | Train Loss: 0.0004173 | Val Loss: 0.0003971 | LR: 0.000944
2025-08-08 01:16:16,169 - INFO - New best model saved to /jizhicfs/Prometheus/Triton4Earth_V2/Scenario_3_Ocean_stream/regional_agulhas_forcasting_0.125degree_daily/checkpoints/regional_agu_forcasting_025degree_daily_20250808_best_model.pth with validation loss: 0.0003971
2025-08-08 01:17:47,411 - INFO - Epoch 77/1000 | Train Loss: 0.0004332 | Val Loss: 0.0004142 | LR: 0.000943
2025-08-08 01:19:18,759 - INFO - Epoch 78/1000 | Train Loss: 0.0004149 | Val Loss: 0.0004128 | LR: 0.000941
2025-08-08 01:20:50,367 - INFO - Epoch 79/1000 | Train Loss: 0.0004119 | Val Loss: 0.0003755 | LR: 0.000940
2025-08-08 01:20:51,084 - INFO - New best model saved to /jizhicfs/Prometheus/Triton4Earth_V2/Scenario_3_Ocean_stream/regional_agulhas_forcasting_0.125degree_daily/checkpoints/regional_agu_forcasting_025degree_daily_20250808_best_model.pth with validation loss: 0.0003755
2025-08-08 01:22:22,307 - INFO - Epoch 80/1000 | Train Loss: 0.0004024 | Val Loss: 0.0003753 | LR: 0.000938
2025-08-08 01:22:23,023 - INFO - New best model saved to /jizhicfs/Prometheus/Triton4Earth_V2/Scenario_3_Ocean_stream/regional_agulhas_forcasting_0.125degree_daily/checkpoints/regional_agu_forcasting_025degree_daily_20250808_best_model.pth with validation loss: 0.0003753
2025-08-08 01:23:54,343 - INFO - Epoch 81/1000 | Train Loss: 0.0004176 | Val Loss: 0.0003940 | LR: 0.000937
2025-08-08 01:25:25,688 - INFO - Epoch 82/1000 | Train Loss: 0.0004153 | Val Loss: 0.0003696 | LR: 0.000935
2025-08-08 01:25:26,396 - INFO - New best model saved to /jizhicfs/Prometheus/Triton4Earth_V2/Scenario_3_Ocean_stream/regional_agulhas_forcasting_0.125degree_daily/checkpoints/regional_agu_forcasting_025degree_daily_20250808_best_model.pth with validation loss: 0.0003696
2025-08-08 01:26:57,654 - INFO - Epoch 83/1000 | Train Loss: 0.0003959 | Val Loss: 0.0003674 | LR: 0.000934
2025-08-08 01:26:58,387 - INFO - New best model saved to /jizhicfs/Prometheus/Triton4Earth_V2/Scenario_3_Ocean_stream/regional_agulhas_forcasting_0.125degree_daily/checkpoints/regional_agu_forcasting_025degree_daily_20250808_best_model.pth with validation loss: 0.0003674
2025-08-08 01:28:29,613 - INFO - Epoch 84/1000 | Train Loss: 0.0003959 | Val Loss: 0.0003728 | LR: 0.000932
2025-08-08 01:30:00,979 - INFO - Epoch 85/1000 | Train Loss: 0.0004016 | Val Loss: 0.0003655 | LR: 0.000930
2025-08-08 01:30:01,705 - INFO - New best model saved to /jizhicfs/Prometheus/Triton4Earth_V2/Scenario_3_Ocean_stream/regional_agulhas_forcasting_0.125degree_daily/checkpoints/regional_agu_forcasting_025degree_daily_20250808_best_model.pth with validation loss: 0.0003655
2025-08-08 01:31:32,981 - INFO - Epoch 86/1000 | Train Loss: 0.0004003 | Val Loss: 0.0003842 | LR: 0.000929
2025-08-08 01:33:04,548 - INFO - Epoch 87/1000 | Train Loss: 0.0004111 | Val Loss: 0.0003938 | LR: 0.000927
2025-08-08 01:34:35,887 - INFO - Epoch 88/1000 | Train Loss: 0.0003778 | Val Loss: 0.0003652 | LR: 0.000926
2025-08-08 01:34:36,588 - INFO - New best model saved to /jizhicfs/Prometheus/Triton4Earth_V2/Scenario_3_Ocean_stream/regional_agulhas_forcasting_0.125degree_daily/checkpoints/regional_agu_forcasting_025degree_daily_20250808_best_model.pth with validation loss: 0.0003652
2025-08-08 01:36:07,876 - INFO - Epoch 89/1000 | Train Loss: 0.0004059 | Val Loss: 0.0003612 | LR: 0.000924
2025-08-08 01:36:08,660 - INFO - New best model saved to /jizhicfs/Prometheus/Triton4Earth_V2/Scenario_3_Ocean_stream/regional_agulhas_forcasting_0.125degree_daily/checkpoints/regional_agu_forcasting_025degree_daily_20250808_best_model.pth with validation loss: 0.0003612
2025-08-08 01:37:39,946 - INFO - Epoch 90/1000 | Train Loss: 0.0003773 | Val Loss: 0.0003492 | LR: 0.000922
2025-08-08 01:37:40,661 - INFO - New best model saved to /jizhicfs/Prometheus/Triton4Earth_V2/Scenario_3_Ocean_stream/regional_agulhas_forcasting_0.125degree_daily/checkpoints/regional_agu_forcasting_025degree_daily_20250808_best_model.pth with validation loss: 0.0003492
2025-08-08 01:39:11,978 - INFO - Epoch 91/1000 | Train Loss: 0.0003856 | Val Loss: 0.0003432 | LR: 0.000921
2025-08-08 01:39:12,702 - INFO - New best model saved to /jizhicfs/Prometheus/Triton4Earth_V2/Scenario_3_Ocean_stream/regional_agulhas_forcasting_0.125degree_daily/checkpoints/regional_agu_forcasting_025degree_daily_20250808_best_model.pth with validation loss: 0.0003432
2025-08-08 01:40:44,270 - INFO - Epoch 92/1000 | Train Loss: 0.0003694 | Val Loss: 0.0003608 | LR: 0.000919
2025-08-08 01:42:15,568 - INFO - Epoch 93/1000 | Train Loss: 0.0003664 | Val Loss: 0.0003354 | LR: 0.000917
2025-08-08 01:42:16,305 - INFO - New best model saved to /jizhicfs/Prometheus/Triton4Earth_V2/Scenario_3_Ocean_stream/regional_agulhas_forcasting_0.125degree_daily/checkpoints/regional_agu_forcasting_025degree_daily_20250808_best_model.pth with validation loss: 0.0003354
2025-08-08 01:43:47,542 - INFO - Epoch 94/1000 | Train Loss: 0.0003688 | Val Loss: 0.0003520 | LR: 0.000915
2025-08-08 01:45:18,823 - INFO - Epoch 95/1000 | Train Loss: 0.0003733 | Val Loss: 0.0003338 | LR: 0.000914
2025-08-08 01:45:19,523 - INFO - New best model saved to /jizhicfs/Prometheus/Triton4Earth_V2/Scenario_3_Ocean_stream/regional_agulhas_forcasting_0.125degree_daily/checkpoints/regional_agu_forcasting_025degree_daily_20250808_best_model.pth with validation loss: 0.0003338
2025-08-08 01:46:50,974 - INFO - Epoch 96/1000 | Train Loss: 0.0003707 | Val Loss: 0.0003259 | LR: 0.000912
2025-08-08 01:46:51,709 - INFO - New best model saved to /jizhicfs/Prometheus/Triton4Earth_V2/Scenario_3_Ocean_stream/regional_agulhas_forcasting_0.125degree_daily/checkpoints/regional_agu_forcasting_025degree_daily_20250808_best_model.pth with validation loss: 0.0003259
2025-08-08 01:48:23,214 - INFO - Epoch 97/1000 | Train Loss: 0.0003739 | Val Loss: 0.0003401 | LR: 0.000910
2025-08-08 01:49:54,743 - INFO - Epoch 98/1000 | Train Loss: 0.0003557 | Val Loss: 0.0003216 | LR: 0.000908
2025-08-08 01:49:55,415 - INFO - New best model saved to /jizhicfs/Prometheus/Triton4Earth_V2/Scenario_3_Ocean_stream/regional_agulhas_forcasting_0.125degree_daily/checkpoints/regional_agu_forcasting_025degree_daily_20250808_best_model.pth with validation loss: 0.0003216
2025-08-08 01:51:26,734 - INFO - Epoch 99/1000 | Train Loss: 0.0003494 | Val Loss: 0.0003240 | LR: 0.000906
2025-08-08 01:52:58,104 - INFO - Epoch 100/1000 | Train Loss: 0.0003536 | Val Loss: 0.0003095 | LR: 0.000905
2025-08-08 01:52:58,812 - INFO - New best model saved to /jizhicfs/Prometheus/Triton4Earth_V2/Scenario_3_Ocean_stream/regional_agulhas_forcasting_0.125degree_daily/checkpoints/regional_agu_forcasting_025degree_daily_20250808_best_model.pth with validation loss: 0.0003095
2025-08-08 01:52:59,439 - INFO - Saved periodic checkpoint at epoch 100 to /jizhicfs/Prometheus/Triton4Earth_V2/Scenario_3_Ocean_stream/regional_agulhas_forcasting_0.125degree_daily/checkpoints/regional_agu_forcasting_025degree_daily_20250808_epoch_100.pth
2025-08-08 01:54:30,732 - INFO - Epoch 101/1000 | Train Loss: 0.0003520 | Val Loss: 0.0003189 | LR: 0.000903
2025-08-08 01:56:02,188 - INFO - Epoch 102/1000 | Train Loss: 0.0003521 | Val Loss: 0.0003497 | LR: 0.000901
2025-08-08 01:57:33,795 - INFO - Epoch 103/1000 | Train Loss: 0.0003510 | Val Loss: 0.0003183 | LR: 0.000899
2025-08-08 01:59:05,128 - INFO - Epoch 104/1000 | Train Loss: 0.0003651 | Val Loss: 0.0003221 | LR: 0.000897
2025-08-08 02:00:36,457 - INFO - Epoch 105/1000 | Train Loss: 0.0003506 | Val Loss: 0.0003163 | LR: 0.000895
2025-08-08 02:02:07,772 - INFO - Epoch 106/1000 | Train Loss: 0.0003369 | Val Loss: 0.0003009 | LR: 0.000893
2025-08-08 02:02:08,517 - INFO - New best model saved to /jizhicfs/Prometheus/Triton4Earth_V2/Scenario_3_Ocean_stream/regional_agulhas_forcasting_0.125degree_daily/checkpoints/regional_agu_forcasting_025degree_daily_20250808_best_model.pth with validation loss: 0.0003009
2025-08-08 02:03:39,864 - INFO - Epoch 107/1000 | Train Loss: 0.0003445 | Val Loss: 0.0003095 | LR: 0.000891
2025-08-08 02:05:11,204 - INFO - Epoch 108/1000 | Train Loss: 0.0003388 | Val Loss: 0.0003168 | LR: 0.000889
2025-08-08 02:06:42,540 - INFO - Epoch 109/1000 | Train Loss: 0.0003417 | Val Loss: 0.0003161 | LR: 0.000887
2025-08-08 02:08:13,884 - INFO - Epoch 110/1000 | Train Loss: 0.0003398 | Val Loss: 0.0002961 | LR: 0.000885
2025-08-08 02:08:14,599 - INFO - New best model saved to /jizhicfs/Prometheus/Triton4Earth_V2/Scenario_3_Ocean_stream/regional_agulhas_forcasting_0.125degree_daily/checkpoints/regional_agu_forcasting_025degree_daily_20250808_best_model.pth with validation loss: 0.0002961
2025-08-08 02:09:45,835 - INFO - Epoch 111/1000 | Train Loss: 0.0003466 | Val Loss: 0.0003007 | LR: 0.000883
2025-08-08 02:11:17,128 - INFO - Epoch 112/1000 | Train Loss: 0.0003361 | Val Loss: 0.0003123 | LR: 0.000881
2025-08-08 02:12:48,458 - INFO - Epoch 113/1000 | Train Loss: 0.0003409 | Val Loss: 0.0003037 | LR: 0.000879
2025-08-08 02:14:19,789 - INFO - Epoch 114/1000 | Train Loss: 0.0003384 | Val Loss: 0.0003037 | LR: 0.000877
2025-08-08 02:15:51,069 - INFO - Epoch 115/1000 | Train Loss: 0.0003280 | Val Loss: 0.0002841 | LR: 0.000875
2025-08-08 02:15:51,765 - INFO - New best model saved to /jizhicfs/Prometheus/Triton4Earth_V2/Scenario_3_Ocean_stream/regional_agulhas_forcasting_0.125degree_daily/checkpoints/regional_agu_forcasting_025degree_daily_20250808_best_model.pth with validation loss: 0.0002841
2025-08-08 02:17:23,030 - INFO - Epoch 116/1000 | Train Loss: 0.0003219 | Val Loss: 0.0002882 | LR: 0.000873
2025-08-08 02:18:54,400 - INFO - Epoch 117/1000 | Train Loss: 0.0003347 | Val Loss: 0.0002981 | LR: 0.000871
2025-08-08 02:20:25,757 - INFO - Epoch 118/1000 | Train Loss: 0.0003241 | Val Loss: 0.0002887 | LR: 0.000869
2025-08-08 02:21:57,041 - INFO - Epoch 119/1000 | Train Loss: 0.0003306 | Val Loss: 0.0002886 | LR: 0.000867
2025-08-08 02:23:28,338 - INFO - Epoch 120/1000 | Train Loss: 0.0003248 | Val Loss: 0.0003065 | LR: 0.000865
2025-08-08 02:24:59,672 - INFO - Epoch 121/1000 | Train Loss: 0.0003153 | Val Loss: 0.0002840 | LR: 0.000862
2025-08-08 02:25:00,383 - INFO - New best model saved to /jizhicfs/Prometheus/Triton4Earth_V2/Scenario_3_Ocean_stream/regional_agulhas_forcasting_0.125degree_daily/checkpoints/regional_agu_forcasting_025degree_daily_20250808_best_model.pth with validation loss: 0.0002840
2025-08-08 02:26:31,905 - INFO - Epoch 122/1000 | Train Loss: 0.0003230 | Val Loss: 0.0003005 | LR: 0.000860
2025-08-08 02:28:03,229 - INFO - Epoch 123/1000 | Train Loss: 0.0003219 | Val Loss: 0.0002768 | LR: 0.000858
2025-08-08 02:28:03,950 - INFO - New best model saved to /jizhicfs/Prometheus/Triton4Earth_V2/Scenario_3_Ocean_stream/regional_agulhas_forcasting_0.125degree_daily/checkpoints/regional_agu_forcasting_025degree_daily_20250808_best_model.pth with validation loss: 0.0002768
2025-08-08 02:29:35,380 - INFO - Epoch 124/1000 | Train Loss: 0.0003282 | Val Loss: 0.0002863 | LR: 0.000856
2025-08-08 02:31:06,958 - INFO - Epoch 125/1000 | Train Loss: 0.0003156 | Val Loss: 0.0002820 | LR: 0.000854
2025-08-08 02:32:38,241 - INFO - Epoch 126/1000 | Train Loss: 0.0003128 | Val Loss: 0.0002764 | LR: 0.000851
2025-08-08 02:32:38,983 - INFO - New best model saved to /jizhicfs/Prometheus/Triton4Earth_V2/Scenario_3_Ocean_stream/regional_agulhas_forcasting_0.125degree_daily/checkpoints/regional_agu_forcasting_025degree_daily_20250808_best_model.pth with validation loss: 0.0002764
2025-08-08 02:34:10,256 - INFO - Epoch 127/1000 | Train Loss: 0.0003254 | Val Loss: 0.0002794 | LR: 0.000849
2025-08-08 02:35:41,589 - INFO - Epoch 128/1000 | Train Loss: 0.0003048 | Val Loss: 0.0002735 | LR: 0.000847
2025-08-08 02:35:42,302 - INFO - New best model saved to /jizhicfs/Prometheus/Triton4Earth_V2/Scenario_3_Ocean_stream/regional_agulhas_forcasting_0.125degree_daily/checkpoints/regional_agu_forcasting_025degree_daily_20250808_best_model.pth with validation loss: 0.0002735
2025-08-08 02:37:13,566 - INFO - Epoch 129/1000 | Train Loss: 0.0003059 | Val Loss: 0.0002586 | LR: 0.000845
2025-08-08 02:37:14,262 - INFO - New best model saved to /jizhicfs/Prometheus/Triton4Earth_V2/Scenario_3_Ocean_stream/regional_agulhas_forcasting_0.125degree_daily/checkpoints/regional_agu_forcasting_025degree_daily_20250808_best_model.pth with validation loss: 0.0002586
2025-08-08 02:38:45,541 - INFO - Epoch 130/1000 | Train Loss: 0.0003155 | Val Loss: 0.0002821 | LR: 0.000842
2025-08-08 02:40:16,875 - INFO - Epoch 131/1000 | Train Loss: 0.0003168 | Val Loss: 0.0002770 | LR: 0.000840
2025-08-08 02:41:48,158 - INFO - Epoch 132/1000 | Train Loss: 0.0003023 | Val Loss: 0.0002609 | LR: 0.000838
2025-08-08 02:43:19,502 - INFO - Epoch 133/1000 | Train Loss: 0.0003066 | Val Loss: 0.0002647 | LR: 0.000836
2025-08-08 02:44:50,833 - INFO - Epoch 134/1000 | Train Loss: 0.0003107 | Val Loss: 0.0002633 | LR: 0.000833
2025-08-08 02:46:22,179 - INFO - Epoch 135/1000 | Train Loss: 0.0003038 | Val Loss: 0.0002536 | LR: 0.000831
2025-08-08 02:46:22,881 - INFO - New best model saved to /jizhicfs/Prometheus/Triton4Earth_V2/Scenario_3_Ocean_stream/regional_agulhas_forcasting_0.125degree_daily/checkpoints/regional_agu_forcasting_025degree_daily_20250808_best_model.pth with validation loss: 0.0002536
2025-08-08 02:47:54,306 - INFO - Epoch 136/1000 | Train Loss: 0.0002989 | Val Loss: 0.0002596 | LR: 0.000828
2025-08-08 02:49:25,651 - INFO - Epoch 137/1000 | Train Loss: 0.0002918 | Val Loss: 0.0002564 | LR: 0.000826
2025-08-08 02:50:57,060 - INFO - Epoch 138/1000 | Train Loss: 0.0002955 | Val Loss: 0.0002567 | LR: 0.000824
2025-08-08 02:52:28,406 - INFO - Epoch 139/1000 | Train Loss: 0.0002986 | Val Loss: 0.0002524 | LR: 0.000821
2025-08-08 02:52:29,125 - INFO - New best model saved to /jizhicfs/Prometheus/Triton4Earth_V2/Scenario_3_Ocean_stream/regional_agulhas_forcasting_0.125degree_daily/checkpoints/regional_agu_forcasting_025degree_daily_20250808_best_model.pth with validation loss: 0.0002524
2025-08-08 02:54:00,393 - INFO - Epoch 140/1000 | Train Loss: 0.0002947 | Val Loss: 0.0002566 | LR: 0.000819
2025-08-08 02:55:31,721 - INFO - Epoch 141/1000 | Train Loss: 0.0002895 | Val Loss: 0.0002468 | LR: 0.000816
2025-08-08 02:55:32,452 - INFO - New best model saved to /jizhicfs/Prometheus/Triton4Earth_V2/Scenario_3_Ocean_stream/regional_agulhas_forcasting_0.125degree_daily/checkpoints/regional_agu_forcasting_025degree_daily_20250808_best_model.pth with validation loss: 0.0002468
2025-08-08 02:57:03,745 - INFO - Epoch 142/1000 | Train Loss: 0.0002975 | Val Loss: 0.0002546 | LR: 0.000814
2025-08-08 02:58:35,086 - INFO - Epoch 143/1000 | Train Loss: 0.0002898 | Val Loss: 0.0002466 | LR: 0.000812
2025-08-08 02:58:35,808 - INFO - New best model saved to /jizhicfs/Prometheus/Triton4Earth_V2/Scenario_3_Ocean_stream/regional_agulhas_forcasting_0.125degree_daily/checkpoints/regional_agu_forcasting_025degree_daily_20250808_best_model.pth with validation loss: 0.0002466
2025-08-08 03:00:07,319 - INFO - Epoch 144/1000 | Train Loss: 0.0002941 | Val Loss: 0.0002434 | LR: 0.000809
2025-08-08 03:00:08,045 - INFO - New best model saved to /jizhicfs/Prometheus/Triton4Earth_V2/Scenario_3_Ocean_stream/regional_agulhas_forcasting_0.125degree_daily/checkpoints/regional_agu_forcasting_025degree_daily_20250808_best_model.pth with validation loss: 0.0002434
2025-08-08 03:01:39,327 - INFO - Epoch 145/1000 | Train Loss: 0.0002938 | Val Loss: 0.0002482 | LR: 0.000807
2025-08-08 03:03:10,684 - INFO - Epoch 146/1000 | Train Loss: 0.0002856 | Val Loss: 0.0002548 | LR: 0.000804
2025-08-08 03:04:42,190 - INFO - Epoch 147/1000 | Train Loss: 0.0002917 | Val Loss: 0.0002394 | LR: 0.000802
2025-08-08 03:04:42,906 - INFO - New best model saved to /jizhicfs/Prometheus/Triton4Earth_V2/Scenario_3_Ocean_stream/regional_agulhas_forcasting_0.125degree_daily/checkpoints/regional_agu_forcasting_025degree_daily_20250808_best_model.pth with validation loss: 0.0002394
2025-08-08 03:06:14,261 - INFO - Epoch 148/1000 | Train Loss: 0.0002816 | Val Loss: 0.0002422 | LR: 0.000799
2025-08-08 03:07:45,713 - INFO - Epoch 149/1000 | Train Loss: 0.0002869 | Val Loss: 0.0002465 | LR: 0.000797
2025-08-08 03:09:17,044 - INFO - Epoch 150/1000 | Train Loss: 0.0002854 | Val Loss: 0.0002585 | LR: 0.000794
2025-08-08 03:10:48,349 - INFO - Epoch 151/1000 | Train Loss: 0.0002952 | Val Loss: 0.0002406 | LR: 0.000792
2025-08-08 03:12:19,652 - INFO - Epoch 152/1000 | Train Loss: 0.0002799 | Val Loss: 0.0002466 | LR: 0.000789
2025-08-08 03:13:50,967 - INFO - Epoch 153/1000 | Train Loss: 0.0002823 | Val Loss: 0.0002388 | LR: 0.000786
2025-08-08 03:13:51,640 - INFO - New best model saved to /jizhicfs/Prometheus/Triton4Earth_V2/Scenario_3_Ocean_stream/regional_agulhas_forcasting_0.125degree_daily/checkpoints/regional_agu_forcasting_025degree_daily_20250808_best_model.pth with validation loss: 0.0002388
2025-08-08 03:15:22,924 - INFO - Epoch 154/1000 | Train Loss: 0.0002815 | Val Loss: 0.0002344 | LR: 0.000784
2025-08-08 03:15:23,646 - INFO - New best model saved to /jizhicfs/Prometheus/Triton4Earth_V2/Scenario_3_Ocean_stream/regional_agulhas_forcasting_0.125degree_daily/checkpoints/regional_agu_forcasting_025degree_daily_20250808_best_model.pth with validation loss: 0.0002344
2025-08-08 03:16:54,916 - INFO - Epoch 155/1000 | Train Loss: 0.0002770 | Val Loss: 0.0002463 | LR: 0.000781
2025-08-08 03:18:26,226 - INFO - Epoch 156/1000 | Train Loss: 0.0002762 | Val Loss: 0.0002360 | LR: 0.000779
2025-08-08 03:19:57,546 - INFO - Epoch 157/1000 | Train Loss: 0.0002771 | Val Loss: 0.0002338 | LR: 0.000776
2025-08-08 03:19:58,248 - INFO - New best model saved to /jizhicfs/Prometheus/Triton4Earth_V2/Scenario_3_Ocean_stream/regional_agulhas_forcasting_0.125degree_daily/checkpoints/regional_agu_forcasting_025degree_daily_20250808_best_model.pth with validation loss: 0.0002338
2025-08-08 03:21:29,553 - INFO - Epoch 158/1000 | Train Loss: 0.0002769 | Val Loss: 0.0002408 | LR: 0.000773
2025-08-08 03:23:00,894 - INFO - Epoch 159/1000 | Train Loss: 0.0002789 | Val Loss: 0.0002380 | LR: 0.000771
2025-08-08 03:24:32,244 - INFO - Epoch 160/1000 | Train Loss: 0.0002757 | Val Loss: 0.0002330 | LR: 0.000768
2025-08-08 03:24:32,958 - INFO - New best model saved to /jizhicfs/Prometheus/Triton4Earth_V2/Scenario_3_Ocean_stream/regional_agulhas_forcasting_0.125degree_daily/checkpoints/regional_agu_forcasting_025degree_daily_20250808_best_model.pth with validation loss: 0.0002330
2025-08-08 03:26:04,181 - INFO - Epoch 161/1000 | Train Loss: 0.0002771 | Val Loss: 0.0002284 | LR: 0.000765
2025-08-08 03:26:04,903 - INFO - New best model saved to /jizhicfs/Prometheus/Triton4Earth_V2/Scenario_3_Ocean_stream/regional_agulhas_forcasting_0.125degree_daily/checkpoints/regional_agu_forcasting_025degree_daily_20250808_best_model.pth with validation loss: 0.0002284
2025-08-08 03:27:36,198 - INFO - Epoch 162/1000 | Train Loss: 0.0002751 | Val Loss: 0.0002301 | LR: 0.000763
2025-08-08 03:29:07,509 - INFO - Epoch 163/1000 | Train Loss: 0.0002803 | Val Loss: 0.0002286 | LR: 0.000760
2025-08-08 03:30:38,783 - INFO - Epoch 164/1000 | Train Loss: 0.0002744 | Val Loss: 0.0002306 | LR: 0.000757
2025-08-08 03:32:10,246 - INFO - Epoch 165/1000 | Train Loss: 0.0002689 | Val Loss: 0.0002291 | LR: 0.000755
2025-08-08 03:33:41,520 - INFO - Epoch 166/1000 | Train Loss: 0.0002674 | Val Loss: 0.0002332 | LR: 0.000752
2025-08-08 03:35:12,942 - INFO - Epoch 167/1000 | Train Loss: 0.0002676 | Val Loss: 0.0002306 | LR: 0.000749
2025-08-08 03:36:44,228 - INFO - Epoch 168/1000 | Train Loss: 0.0002666 | Val Loss: 0.0002226 | LR: 0.000747
2025-08-08 03:36:44,933 - INFO - New best model saved to /jizhicfs/Prometheus/Triton4Earth_V2/Scenario_3_Ocean_stream/regional_agulhas_forcasting_0.125degree_daily/checkpoints/regional_agu_forcasting_025degree_daily_20250808_best_model.pth with validation loss: 0.0002226
2025-08-08 03:38:16,219 - INFO - Epoch 169/1000 | Train Loss: 0.0002705 | Val Loss: 0.0002385 | LR: 0.000744
2025-08-08 03:39:47,616 - INFO - Epoch 170/1000 | Train Loss: 0.0002737 | Val Loss: 0.0002231 | LR: 0.000741
2025-08-08 03:41:18,931 - INFO - Epoch 171/1000 | Train Loss: 0.0002661 | Val Loss: 0.0002238 | LR: 0.000738
2025-08-08 03:42:50,374 - INFO - Epoch 172/1000 | Train Loss: 0.0002806 | Val Loss: 0.0002201 | LR: 0.000736
2025-08-08 03:42:51,091 - INFO - New best model saved to /jizhicfs/Prometheus/Triton4Earth_V2/Scenario_3_Ocean_stream/regional_agulhas_forcasting_0.125degree_daily/checkpoints/regional_agu_forcasting_025degree_daily_20250808_best_model.pth with validation loss: 0.0002201
2025-08-08 03:44:22,373 - INFO - Epoch 173/1000 | Train Loss: 0.0002566 | Val Loss: 0.0002161 | LR: 0.000733
2025-08-08 03:44:23,099 - INFO - New best model saved to /jizhicfs/Prometheus/Triton4Earth_V2/Scenario_3_Ocean_stream/regional_agulhas_forcasting_0.125degree_daily/checkpoints/regional_agu_forcasting_025degree_daily_20250808_best_model.pth with validation loss: 0.0002161
2025-08-08 03:45:54,362 - INFO - Epoch 174/1000 | Train Loss: 0.0002631 | Val Loss: 0.0002226 | LR: 0.000730
2025-08-08 03:47:25,673 - INFO - Epoch 175/1000 | Train Loss: 0.0002655 | Val Loss: 0.0002305 | LR: 0.000727
2025-08-08 03:48:57,009 - INFO - Epoch 176/1000 | Train Loss: 0.0002589 | Val Loss: 0.0002194 | LR: 0.000724
2025-08-08 03:50:28,348 - INFO - Epoch 177/1000 | Train Loss: 0.0002620 | Val Loss: 0.0002138 | LR: 0.000722
2025-08-08 03:50:29,079 - INFO - New best model saved to /jizhicfs/Prometheus/Triton4Earth_V2/Scenario_3_Ocean_stream/regional_agulhas_forcasting_0.125degree_daily/checkpoints/regional_agu_forcasting_025degree_daily_20250808_best_model.pth with validation loss: 0.0002138
2025-08-08 03:52:00,329 - INFO - Epoch 178/1000 | Train Loss: 0.0002565 | Val Loss: 0.0002179 | LR: 0.000719
2025-08-08 03:53:31,659 - INFO - Epoch 179/1000 | Train Loss: 0.0002563 | Val Loss: 0.0002132 | LR: 0.000716
2025-08-08 03:53:32,396 - INFO - New best model saved to /jizhicfs/Prometheus/Triton4Earth_V2/Scenario_3_Ocean_stream/regional_agulhas_forcasting_0.125degree_daily/checkpoints/regional_agu_forcasting_025degree_daily_20250808_best_model.pth with validation loss: 0.0002132
2025-08-08 03:55:03,716 - INFO - Epoch 180/1000 | Train Loss: 0.0002505 | Val Loss: 0.0002099 | LR: 0.000713
2025-08-08 03:55:04,418 - INFO - New best model saved to /jizhicfs/Prometheus/Triton4Earth_V2/Scenario_3_Ocean_stream/regional_agulhas_forcasting_0.125degree_daily/checkpoints/regional_agu_forcasting_025degree_daily_20250808_best_model.pth with validation loss: 0.0002099
2025-08-08 03:56:35,733 - INFO - Epoch 181/1000 | Train Loss: 0.0002460 | Val Loss: 0.0002130 | LR: 0.000710
2025-08-08 03:58:07,112 - INFO - Epoch 182/1000 | Train Loss: 0.0002506 | Val Loss: 0.0002148 | LR: 0.000707
2025-08-08 03:59:38,631 - INFO - Epoch 183/1000 | Train Loss: 0.0002671 | Val Loss: 0.0002152 | LR: 0.000705
2025-08-08 04:01:10,139 - INFO - Epoch 184/1000 | Train Loss: 0.0002584 | Val Loss: 0.0002209 | LR: 0.000702
2025-08-08 04:02:41,477 - INFO - Epoch 185/1000 | Train Loss: 0.0002563 | Val Loss: 0.0002200 | LR: 0.000699
2025-08-08 04:04:12,799 - INFO - Epoch 186/1000 | Train Loss: 0.0002603 | Val Loss: 0.0002075 | LR: 0.000696
2025-08-08 04:04:13,532 - INFO - New best model saved to /jizhicfs/Prometheus/Triton4Earth_V2/Scenario_3_Ocean_stream/regional_agulhas_forcasting_0.125degree_daily/checkpoints/regional_agu_forcasting_025degree_daily_20250808_best_model.pth with validation loss: 0.0002075
2025-08-08 04:05:44,823 - INFO - Epoch 187/1000 | Train Loss: 0.0002512 | Val Loss: 0.0002072 | LR: 0.000693
2025-08-08 04:05:45,543 - INFO - New best model saved to /jizhicfs/Prometheus/Triton4Earth_V2/Scenario_3_Ocean_stream/regional_agulhas_forcasting_0.125degree_daily/checkpoints/regional_agu_forcasting_025degree_daily_20250808_best_model.pth with validation loss: 0.0002072
2025-08-08 04:07:16,755 - INFO - Epoch 188/1000 | Train Loss: 0.0002521 | Val Loss: 0.0002122 | LR: 0.000690
2025-08-08 04:08:48,061 - INFO - Epoch 189/1000 | Train Loss: 0.0002488 | Val Loss: 0.0002035 | LR: 0.000687
2025-08-08 04:08:48,781 - INFO - New best model saved to /jizhicfs/Prometheus/Triton4Earth_V2/Scenario_3_Ocean_stream/regional_agulhas_forcasting_0.125degree_daily/checkpoints/regional_agu_forcasting_025degree_daily_20250808_best_model.pth with validation loss: 0.0002035
2025-08-08 04:10:20,054 - INFO - Epoch 190/1000 | Train Loss: 0.0002467 | Val Loss: 0.0002069 | LR: 0.000684
2025-08-08 04:11:51,366 - INFO - Epoch 191/1000 | Train Loss: 0.0002534 | Val Loss: 0.0002064 | LR: 0.000681
2025-08-08 04:13:22,672 - INFO - Epoch 192/1000 | Train Loss: 0.0002457 | Val Loss: 0.0002085 | LR: 0.000679
2025-08-08 04:14:53,976 - INFO - Epoch 193/1000 | Train Loss: 0.0002429 | Val Loss: 0.0002130 | LR: 0.000676
2025-08-08 04:16:25,382 - INFO - Epoch 194/1000 | Train Loss: 0.0002436 | Val Loss: 0.0002026 | LR: 0.000673
2025-08-08 04:16:26,094 - INFO - New best model saved to /jizhicfs/Prometheus/Triton4Earth_V2/Scenario_3_Ocean_stream/regional_agulhas_forcasting_0.125degree_daily/checkpoints/regional_agu_forcasting_025degree_daily_20250808_best_model.pth with validation loss: 0.0002026
2025-08-08 04:17:57,338 - INFO - Epoch 195/1000 | Train Loss: 0.0002471 | Val Loss: 0.0002033 | LR: 0.000670
2025-08-08 04:19:28,661 - INFO - Epoch 196/1000 | Train Loss: 0.0002326 | Val Loss: 0.0001990 | LR: 0.000667
2025-08-08 04:19:29,376 - INFO - New best model saved to /jizhicfs/Prometheus/Triton4Earth_V2/Scenario_3_Ocean_stream/regional_agulhas_forcasting_0.125degree_daily/checkpoints/regional_agu_forcasting_025degree_daily_20250808_best_model.pth with validation loss: 0.0001990
2025-08-08 04:21:00,667 - INFO - Epoch 197/1000 | Train Loss: 0.0002487 | Val Loss: 0.0002041 | LR: 0.000664
2025-08-08 04:22:32,019 - INFO - Epoch 198/1000 | Train Loss: 0.0002450 | Val Loss: 0.0002020 | LR: 0.000661
2025-08-08 04:24:03,386 - INFO - Epoch 199/1000 | Train Loss: 0.0002433 | Val Loss: 0.0002019 | LR: 0.000658
2025-08-08 04:25:34,724 - INFO - Epoch 200/1000 | Train Loss: 0.0002381 | Val Loss: 0.0002023 | LR: 0.000655
2025-08-08 04:25:35,408 - INFO - Saved periodic checkpoint at epoch 200 to /jizhicfs/Prometheus/Triton4Earth_V2/Scenario_3_Ocean_stream/regional_agulhas_forcasting_0.125degree_daily/checkpoints/regional_agu_forcasting_025degree_daily_20250808_epoch_200.pth
2025-08-08 04:27:06,672 - INFO - Epoch 201/1000 | Train Loss: 0.0002453 | Val Loss: 0.0002007 | LR: 0.000652
2025-08-08 04:28:38,317 - INFO - Epoch 202/1000 | Train Loss: 0.0002398 | Val Loss: 0.0001981 | LR: 0.000649
2025-08-08 04:28:39,033 - INFO - New best model saved to /jizhicfs/Prometheus/Triton4Earth_V2/Scenario_3_Ocean_stream/regional_agulhas_forcasting_0.125degree_daily/checkpoints/regional_agu_forcasting_025degree_daily_20250808_best_model.pth with validation loss: 0.0001981
2025-08-08 04:30:10,330 - INFO - Epoch 203/1000 | Train Loss: 0.0002392 | Val Loss: 0.0001959 | LR: 0.000646
2025-08-08 04:30:11,039 - INFO - New best model saved to /jizhicfs/Prometheus/Triton4Earth_V2/Scenario_3_Ocean_stream/regional_agulhas_forcasting_0.125degree_daily/checkpoints/regional_agu_forcasting_025degree_daily_20250808_best_model.pth with validation loss: 0.0001959
2025-08-08 04:31:42,457 - INFO - Epoch 204/1000 | Train Loss: 0.0002369 | Val Loss: 0.0001929 | LR: 0.000643
2025-08-08 04:31:43,202 - INFO - New best model saved to /jizhicfs/Prometheus/Triton4Earth_V2/Scenario_3_Ocean_stream/regional_agulhas_forcasting_0.125degree_daily/checkpoints/regional_agu_forcasting_025degree_daily_20250808_best_model.pth with validation loss: 0.0001929
2025-08-08 04:33:14,734 - INFO - Epoch 205/1000 | Train Loss: 0.0002493 | Val Loss: 0.0001977 | LR: 0.000640
2025-08-08 04:34:46,070 - INFO - Epoch 206/1000 | Train Loss: 0.0002447 | Val Loss: 0.0001946 | LR: 0.000637
2025-08-08 04:36:17,376 - INFO - Epoch 207/1000 | Train Loss: 0.0002368 | Val Loss: 0.0002006 | LR: 0.000634
2025-08-08 04:37:48,649 - INFO - Epoch 208/1000 | Train Loss: 0.0002419 | Val Loss: 0.0001928 | LR: 0.000631
2025-08-08 04:37:49,376 - INFO - New best model saved to /jizhicfs/Prometheus/Triton4Earth_V2/Scenario_3_Ocean_stream/regional_agulhas_forcasting_0.125degree_daily/checkpoints/regional_agu_forcasting_025degree_daily_20250808_best_model.pth with validation loss: 0.0001928
2025-08-08 04:39:20,651 - INFO - Epoch 209/1000 | Train Loss: 0.0002434 | Val Loss: 0.0001966 | LR: 0.000628
2025-08-08 04:40:51,989 - INFO - Epoch 210/1000 | Train Loss: 0.0002352 | Val Loss: 0.0001927 | LR: 0.000625
2025-08-08 04:40:52,701 - INFO - New best model saved to /jizhicfs/Prometheus/Triton4Earth_V2/Scenario_3_Ocean_stream/regional_agulhas_forcasting_0.125degree_daily/checkpoints/regional_agu_forcasting_025degree_daily_20250808_best_model.pth with validation loss: 0.0001927
2025-08-08 04:42:24,153 - INFO - Epoch 211/1000 | Train Loss: 0.0002375 | Val Loss: 0.0001989 | LR: 0.000622
2025-08-08 04:43:55,460 - INFO - Epoch 212/1000 | Train Loss: 0.0002326 | Val Loss: 0.0001939 | LR: 0.000619
2025-08-08 04:45:26,790 - INFO - Epoch 213/1000 | Train Loss: 0.0002326 | Val Loss: 0.0001894 | LR: 0.000616
2025-08-08 04:45:27,502 - INFO - New best model saved to /jizhicfs/Prometheus/Triton4Earth_V2/Scenario_3_Ocean_stream/regional_agulhas_forcasting_0.125degree_daily/checkpoints/regional_agu_forcasting_025degree_daily_20250808_best_model.pth with validation loss: 0.0001894
2025-08-08 04:46:59,018 - INFO - Epoch 214/1000 | Train Loss: 0.0002270 | Val Loss: 0.0001885 | LR: 0.000613
2025-08-08 04:46:59,729 - INFO - New best model saved to /jizhicfs/Prometheus/Triton4Earth_V2/Scenario_3_Ocean_stream/regional_agulhas_forcasting_0.125degree_daily/checkpoints/regional_agu_forcasting_025degree_daily_20250808_best_model.pth with validation loss: 0.0001885
2025-08-08 04:48:31,031 - INFO - Epoch 215/1000 | Train Loss: 0.0002337 | Val Loss: 0.0001969 | LR: 0.000609
2025-08-08 04:50:02,349 - INFO - Epoch 216/1000 | Train Loss: 0.0002266 | Val Loss: 0.0001938 | LR: 0.000606
2025-08-08 04:51:33,750 - INFO - Epoch 217/1000 | Train Loss: 0.0002297 | Val Loss: 0.0001858 | LR: 0.000603
2025-08-08 04:51:34,476 - INFO - New best model saved to /jizhicfs/Prometheus/Triton4Earth_V2/Scenario_3_Ocean_stream/regional_agulhas_forcasting_0.125degree_daily/checkpoints/regional_agu_forcasting_025degree_daily_20250808_best_model.pth with validation loss: 0.0001858
2025-08-08 04:53:05,748 - INFO - Epoch 218/1000 | Train Loss: 0.0002338 | Val Loss: 0.0001863 | LR: 0.000600
2025-08-08 04:54:37,077 - INFO - Epoch 219/1000 | Train Loss: 0.0002320 | Val Loss: 0.0001922 | LR: 0.000597
2025-08-08 04:56:08,424 - INFO - Epoch 220/1000 | Train Loss: 0.0002365 | Val Loss: 0.0001864 | LR: 0.000594
2025-08-08 04:57:39,977 - INFO - Epoch 221/1000 | Train Loss: 0.0002321 | Val Loss: 0.0001947 | LR: 0.000591
2025-08-08 04:59:11,285 - INFO - Epoch 222/1000 | Train Loss: 0.0002269 | Val Loss: 0.0001897 | LR: 0.000588
2025-08-08 05:00:42,647 - INFO - Epoch 223/1000 | Train Loss: 0.0002329 | Val Loss: 0.0001921 | LR: 0.000585
2025-08-08 05:02:13,985 - INFO - Epoch 224/1000 | Train Loss: 0.0002245 | Val Loss: 0.0001844 | LR: 0.000582
2025-08-08 05:02:14,680 - INFO - New best model saved to /jizhicfs/Prometheus/Triton4Earth_V2/Scenario_3_Ocean_stream/regional_agulhas_forcasting_0.125degree_daily/checkpoints/regional_agu_forcasting_025degree_daily_20250808_best_model.pth with validation loss: 0.0001844
2025-08-08 05:03:46,136 - INFO - Epoch 225/1000 | Train Loss: 0.0002269 | Val Loss: 0.0001834 | LR: 0.000579
2025-08-08 05:03:46,860 - INFO - New best model saved to /jizhicfs/Prometheus/Triton4Earth_V2/Scenario_3_Ocean_stream/regional_agulhas_forcasting_0.125degree_daily/checkpoints/regional_agu_forcasting_025degree_daily_20250808_best_model.pth with validation loss: 0.0001834
2025-08-08 05:05:18,265 - INFO - Epoch 226/1000 | Train Loss: 0.0002314 | Val Loss: 0.0001915 | LR: 0.000576
2025-08-08 05:06:49,585 - INFO - Epoch 227/1000 | Train Loss: 0.0002289 | Val Loss: 0.0001784 | LR: 0.000572
2025-08-08 05:06:50,271 - INFO - New best model saved to /jizhicfs/Prometheus/Triton4Earth_V2/Scenario_3_Ocean_stream/regional_agulhas_forcasting_0.125degree_daily/checkpoints/regional_agu_forcasting_025degree_daily_20250808_best_model.pth with validation loss: 0.0001784
2025-08-08 05:08:21,643 - INFO - Epoch 228/1000 | Train Loss: 0.0002255 | Val Loss: 0.0001842 | LR: 0.000569
2025-08-08 05:09:52,939 - INFO - Epoch 229/1000 | Train Loss: 0.0002239 | Val Loss: 0.0001873 | LR: 0.000566
2025-08-08 05:11:24,250 - INFO - Epoch 230/1000 | Train Loss: 0.0002194 | Val Loss: 0.0001765 | LR: 0.000563
2025-08-08 05:11:24,960 - INFO - New best model saved to /jizhicfs/Prometheus/Triton4Earth_V2/Scenario_3_Ocean_stream/regional_agulhas_forcasting_0.125degree_daily/checkpoints/regional_agu_forcasting_025degree_daily_20250808_best_model.pth with validation loss: 0.0001765
2025-08-08 05:12:56,258 - INFO - Epoch 231/1000 | Train Loss: 0.0002128 | Val Loss: 0.0001769 | LR: 0.000560
2025-08-08 05:14:27,541 - INFO - Epoch 232/1000 | Train Loss: 0.0002285 | Val Loss: 0.0001849 | LR: 0.000557
2025-08-08 05:15:58,900 - INFO - Epoch 233/1000 | Train Loss: 0.0002238 | Val Loss: 0.0001814 | LR: 0.000554
2025-08-08 05:17:30,196 - INFO - Epoch 234/1000 | Train Loss: 0.0002269 | Val Loss: 0.0001807 | LR: 0.000551
2025-08-08 05:19:01,572 - INFO - Epoch 235/1000 | Train Loss: 0.0002277 | Val Loss: 0.0001839 | LR: 0.000548
2025-08-08 05:20:32,877 - INFO - Epoch 236/1000 | Train Loss: 0.0002237 | Val Loss: 0.0001825 | LR: 0.000544
2025-08-08 05:22:04,155 - INFO - Epoch 237/1000 | Train Loss: 0.0002134 | Val Loss: 0.0001748 | LR: 0.000541
2025-08-08 05:22:04,886 - INFO - New best model saved to /jizhicfs/Prometheus/Triton4Earth_V2/Scenario_3_Ocean_stream/regional_agulhas_forcasting_0.125degree_daily/checkpoints/regional_agu_forcasting_025degree_daily_20250808_best_model.pth with validation loss: 0.0001748
2025-08-08 05:23:36,110 - INFO - Epoch 238/1000 | Train Loss: 0.0002257 | Val Loss: 0.0001817 | LR: 0.000538
2025-08-08 05:25:07,487 - INFO - Epoch 239/1000 | Train Loss: 0.0002110 | Val Loss: 0.0001743 | LR: 0.000535
2025-08-08 05:25:08,224 - INFO - New best model saved to /jizhicfs/Prometheus/Triton4Earth_V2/Scenario_3_Ocean_stream/regional_agulhas_forcasting_0.125degree_daily/checkpoints/regional_agu_forcasting_025degree_daily_20250808_best_model.pth with validation loss: 0.0001743
2025-08-08 05:26:39,472 - INFO - Epoch 240/1000 | Train Loss: 0.0002236 | Val Loss: 0.0001825 | LR: 0.000532
2025-08-08 05:28:11,049 - INFO - Epoch 241/1000 | Train Loss: 0.0002193 | Val Loss: 0.0001733 | LR: 0.000529
2025-08-08 05:28:11,760 - INFO - New best model saved to /jizhicfs/Prometheus/Triton4Earth_V2/Scenario_3_Ocean_stream/regional_agulhas_forcasting_0.125degree_daily/checkpoints/regional_agu_forcasting_025degree_daily_20250808_best_model.pth with validation loss: 0.0001733
2025-08-08 05:29:43,080 - INFO - Epoch 242/1000 | Train Loss: 0.0002177 | Val Loss: 0.0001841 | LR: 0.000526
2025-08-08 05:31:14,370 - INFO - Epoch 243/1000 | Train Loss: 0.0002181 | Val Loss: 0.0001740 | LR: 0.000522
2025-08-08 05:32:45,718 - INFO - Epoch 244/1000 | Train Loss: 0.0002198 | Val Loss: 0.0001779 | LR: 0.000519
2025-08-08 05:34:17,104 - INFO - Epoch 245/1000 | Train Loss: 0.0002151 | Val Loss: 0.0001727 | LR: 0.000516
2025-08-08 05:34:17,823 - INFO - New best model saved to /jizhicfs/Prometheus/Triton4Earth_V2/Scenario_3_Ocean_stream/regional_agulhas_forcasting_0.125degree_daily/checkpoints/regional_agu_forcasting_025degree_daily_20250808_best_model.pth with validation loss: 0.0001727
2025-08-08 05:35:49,353 - INFO - Epoch 246/1000 | Train Loss: 0.0002050 | Val Loss: 0.0001709 | LR: 0.000513
2025-08-08 05:35:50,061 - INFO - New best model saved to /jizhicfs/Prometheus/Triton4Earth_V2/Scenario_3_Ocean_stream/regional_agulhas_forcasting_0.125degree_daily/checkpoints/regional_agu_forcasting_025degree_daily_20250808_best_model.pth with validation loss: 0.0001709
2025-08-08 05:37:21,362 - INFO - Epoch 247/1000 | Train Loss: 0.0002135 | Val Loss: 0.0001752 | LR: 0.000510
2025-08-08 05:38:52,751 - INFO - Epoch 248/1000 | Train Loss: 0.0002128 | Val Loss: 0.0001755 | LR: 0.000507
2025-08-08 05:40:24,238 - INFO - Epoch 249/1000 | Train Loss: 0.0002239 | Val Loss: 0.0001743 | LR: 0.000504
2025-08-08 05:41:55,556 - INFO - Epoch 250/1000 | Train Loss: 0.0002132 | Val Loss: 0.0001683 | LR: 0.000500
2025-08-08 05:41:56,279 - INFO - New best model saved to /jizhicfs/Prometheus/Triton4Earth_V2/Scenario_3_Ocean_stream/regional_agulhas_forcasting_0.125degree_daily/checkpoints/regional_agu_forcasting_025degree_daily_20250808_best_model.pth with validation loss: 0.0001683
2025-08-08 05:43:27,545 - INFO - Epoch 251/1000 | Train Loss: 0.0002119 | Val Loss: 0.0001738 | LR: 0.000497
2025-08-08 05:44:58,892 - INFO - Epoch 252/1000 | Train Loss: 0.0002134 | Val Loss: 0.0001700 | LR: 0.000494
2025-08-08 05:46:30,184 - INFO - Epoch 253/1000 | Train Loss: 0.0002081 | Val Loss: 0.0001729 | LR: 0.000491
2025-08-08 05:48:01,480 - INFO - Epoch 254/1000 | Train Loss: 0.0002125 | Val Loss: 0.0001697 | LR: 0.000488
2025-08-08 05:49:32,786 - INFO - Epoch 255/1000 | Train Loss: 0.0002197 | Val Loss: 0.0001661 | LR: 0.000485
2025-08-08 05:49:33,514 - INFO - New best model saved to /jizhicfs/Prometheus/Triton4Earth_V2/Scenario_3_Ocean_stream/regional_agulhas_forcasting_0.125degree_daily/checkpoints/regional_agu_forcasting_025degree_daily_20250808_best_model.pth with validation loss: 0.0001661
2025-08-08 05:51:04,767 - INFO - Epoch 256/1000 | Train Loss: 0.0002126 | Val Loss: 0.0001721 | LR: 0.000482
2025-08-08 05:52:36,080 - INFO - Epoch 257/1000 | Train Loss: 0.0002151 | Val Loss: 0.0001690 | LR: 0.000479
2025-08-08 05:54:07,456 - INFO - Epoch 258/1000 | Train Loss: 0.0002143 | Val Loss: 0.0001677 | LR: 0.000475
2025-08-08 05:55:38,804 - INFO - Epoch 259/1000 | Train Loss: 0.0002086 | Val Loss: 0.0001685 | LR: 0.000472
2025-08-08 05:57:10,189 - INFO - Epoch 260/1000 | Train Loss: 0.0002030 | Val Loss: 0.0001653 | LR: 0.000469
2025-08-08 05:57:10,913 - INFO - New best model saved to /jizhicfs/Prometheus/Triton4Earth_V2/Scenario_3_Ocean_stream/regional_agulhas_forcasting_0.125degree_daily/checkpoints/regional_agu_forcasting_025degree_daily_20250808_best_model.pth with validation loss: 0.0001653
2025-08-08 05:58:42,252 - INFO - Epoch 261/1000 | Train Loss: 0.0002094 | Val Loss: 0.0001648 | LR: 0.000466
2025-08-08 05:58:42,954 - INFO - New best model saved to /jizhicfs/Prometheus/Triton4Earth_V2/Scenario_3_Ocean_stream/regional_agulhas_forcasting_0.125degree_daily/checkpoints/regional_agu_forcasting_025degree_daily_20250808_best_model.pth with validation loss: 0.0001648
2025-08-08 06:00:14,248 - INFO - Epoch 262/1000 | Train Loss: 0.0002134 | Val Loss: 0.0001680 | LR: 0.000463
2025-08-08 06:01:45,572 - INFO - Epoch 263/1000 | Train Loss: 0.0002093 | Val Loss: 0.0001625 | LR: 0.000460
2025-08-08 06:01:46,293 - INFO - New best model saved to /jizhicfs/Prometheus/Triton4Earth_V2/Scenario_3_Ocean_stream/regional_agulhas_forcasting_0.125degree_daily/checkpoints/regional_agu_forcasting_025degree_daily_20250808_best_model.pth with validation loss: 0.0001625
2025-08-08 06:03:17,724 - INFO - Epoch 264/1000 | Train Loss: 0.0002076 | Val Loss: 0.0001639 | LR: 0.000457
2025-08-08 06:04:49,209 - INFO - Epoch 265/1000 | Train Loss: 0.0002087 | Val Loss: 0.0001607 | LR: 0.000453
2025-08-08 06:04:49,907 - INFO - New best model saved to /jizhicfs/Prometheus/Triton4Earth_V2/Scenario_3_Ocean_stream/regional_agulhas_forcasting_0.125degree_daily/checkpoints/regional_agu_forcasting_025degree_daily_20250808_best_model.pth with validation loss: 0.0001607
2025-08-08 06:06:21,200 - INFO - Epoch 266/1000 | Train Loss: 0.0002033 | Val Loss: 0.0001641 | LR: 0.000450
2025-08-08 06:07:52,571 - INFO - Epoch 267/1000 | Train Loss: 0.0002033 | Val Loss: 0.0001642 | LR: 0.000447
2025-08-08 06:09:23,924 - INFO - Epoch 268/1000 | Train Loss: 0.0002097 | Val Loss: 0.0001648 | LR: 0.000444
2025-08-08 06:10:55,269 - INFO - Epoch 269/1000 | Train Loss: 0.0002055 | Val Loss: 0.0001593 | LR: 0.000441
2025-08-08 06:10:55,959 - INFO - New best model saved to /jizhicfs/Prometheus/Triton4Earth_V2/Scenario_3_Ocean_stream/regional_agulhas_forcasting_0.125degree_daily/checkpoints/regional_agu_forcasting_025degree_daily_20250808_best_model.pth with validation loss: 0.0001593
2025-08-08 06:12:27,493 - INFO - Epoch 270/1000 | Train Loss: 0.0002027 | Val Loss: 0.0001598 | LR: 0.000438
2025-08-08 06:13:58,797 - INFO - Epoch 271/1000 | Train Loss: 0.0002044 | Val Loss: 0.0001601 | LR: 0.000435
2025-08-08 06:15:30,095 - INFO - Epoch 272/1000 | Train Loss: 0.0002016 | Val Loss: 0.0001585 | LR: 0.000432
2025-08-08 06:15:30,800 - INFO - New best model saved to /jizhicfs/Prometheus/Triton4Earth_V2/Scenario_3_Ocean_stream/regional_agulhas_forcasting_0.125degree_daily/checkpoints/regional_agu_forcasting_025degree_daily_20250808_best_model.pth with validation loss: 0.0001585
2025-08-08 06:17:02,083 - INFO - Epoch 273/1000 | Train Loss: 0.0002060 | Val Loss: 0.0001688 | LR: 0.000429
2025-08-08 06:18:33,426 - INFO - Epoch 274/1000 | Train Loss: 0.0001981 | Val Loss: 0.0001558 | LR: 0.000425
2025-08-08 06:18:34,127 - INFO - New best model saved to /jizhicfs/Prometheus/Triton4Earth_V2/Scenario_3_Ocean_stream/regional_agulhas_forcasting_0.125degree_daily/checkpoints/regional_agu_forcasting_025degree_daily_20250808_best_model.pth with validation loss: 0.0001558
2025-08-08 06:20:05,451 - INFO - Epoch 275/1000 | Train Loss: 0.0001941 | Val Loss: 0.0001586 | LR: 0.000422
2025-08-08 06:21:36,808 - INFO - Epoch 276/1000 | Train Loss: 0.0001980 | Val Loss: 0.0001561 | LR: 0.000419
2025-08-08 06:23:08,169 - INFO - Epoch 277/1000 | Train Loss: 0.0001995 | Val Loss: 0.0001576 | LR: 0.000416
2025-08-08 06:24:39,563 - INFO - Epoch 278/1000 | Train Loss: 0.0002025 | Val Loss: 0.0001610 | LR: 0.000413
2025-08-08 06:26:11,007 - INFO - Epoch 279/1000 | Train Loss: 0.0001962 | Val Loss: 0.0001557 | LR: 0.000410
2025-08-08 06:26:11,722 - INFO - New best model saved to /jizhicfs/Prometheus/Triton4Earth_V2/Scenario_3_Ocean_stream/regional_agulhas_forcasting_0.125degree_daily/checkpoints/regional_agu_forcasting_025degree_daily_20250808_best_model.pth with validation loss: 0.0001557
2025-08-08 06:27:43,006 - INFO - Epoch 280/1000 | Train Loss: 0.0001968 | Val Loss: 0.0001559 | LR: 0.000407
2025-08-08 06:29:14,305 - INFO - Epoch 281/1000 | Train Loss: 0.0002020 | Val Loss: 0.0001567 | LR: 0.000404
2025-08-08 06:30:45,618 - INFO - Epoch 282/1000 | Train Loss: 0.0001984 | Val Loss: 0.0001588 | LR: 0.000401
2025-08-08 06:32:16,953 - INFO - Epoch 283/1000 | Train Loss: 0.0001979 | Val Loss: 0.0001568 | LR: 0.000398
2025-08-08 06:33:48,359 - INFO - Epoch 284/1000 | Train Loss: 0.0001991 | Val Loss: 0.0001528 | LR: 0.000395
2025-08-08 06:33:49,070 - INFO - New best model saved to /jizhicfs/Prometheus/Triton4Earth_V2/Scenario_3_Ocean_stream/regional_agulhas_forcasting_0.125degree_daily/checkpoints/regional_agu_forcasting_025degree_daily_20250808_best_model.pth with validation loss: 0.0001528
2025-08-08 06:35:20,736 - INFO - Epoch 285/1000 | Train Loss: 0.0001947 | Val Loss: 0.0001530 | LR: 0.000392
2025-08-08 06:36:52,088 - INFO - Epoch 286/1000 | Train Loss: 0.0001946 | Val Loss: 0.0001525 | LR: 0.000388
2025-08-08 06:36:52,816 - INFO - New best model saved to /jizhicfs/Prometheus/Triton4Earth_V2/Scenario_3_Ocean_stream/regional_agulhas_forcasting_0.125degree_daily/checkpoints/regional_agu_forcasting_025degree_daily_20250808_best_model.pth with validation loss: 0.0001525
2025-08-08 06:38:24,098 - INFO - Epoch 287/1000 | Train Loss: 0.0001973 | Val Loss: 0.0001521 | LR: 0.000385
2025-08-08 06:38:24,823 - INFO - New best model saved to /jizhicfs/Prometheus/Triton4Earth_V2/Scenario_3_Ocean_stream/regional_agulhas_forcasting_0.125degree_daily/checkpoints/regional_agu_forcasting_025degree_daily_20250808_best_model.pth with validation loss: 0.0001521
2025-08-08 06:39:56,158 - INFO - Epoch 288/1000 | Train Loss: 0.0001895 | Val Loss: 0.0001518 | LR: 0.000382
2025-08-08 06:39:56,889 - INFO - New best model saved to /jizhicfs/Prometheus/Triton4Earth_V2/Scenario_3_Ocean_stream/regional_agulhas_forcasting_0.125degree_daily/checkpoints/regional_agu_forcasting_025degree_daily_20250808_best_model.pth with validation loss: 0.0001518
2025-08-08 06:41:28,173 - INFO - Epoch 289/1000 | Train Loss: 0.0001910 | Val Loss: 0.0001520 | LR: 0.000379
2025-08-08 06:42:59,515 - INFO - Epoch 290/1000 | Train Loss: 0.0001970 | Val Loss: 0.0001524 | LR: 0.000376
2025-08-08 06:44:30,876 - INFO - Epoch 291/1000 | Train Loss: 0.0001991 | Val Loss: 0.0001625 | LR: 0.000373
2025-08-08 06:46:02,329 - INFO - Epoch 292/1000 | Train Loss: 0.0001977 | Val Loss: 0.0001503 | LR: 0.000370
2025-08-08 06:46:03,067 - INFO - New best model saved to /jizhicfs/Prometheus/Triton4Earth_V2/Scenario_3_Ocean_stream/regional_agulhas_forcasting_0.125degree_daily/checkpoints/regional_agu_forcasting_025degree_daily_20250808_best_model.pth with validation loss: 0.0001503
2025-08-08 06:47:34,327 - INFO - Epoch 293/1000 | Train Loss: 0.0001944 | Val Loss: 0.0001506 | LR: 0.000367
2025-08-08 06:49:05,798 - INFO - Epoch 294/1000 | Train Loss: 0.0001957 | Val Loss: 0.0001512 | LR: 0.000364
2025-08-08 06:50:37,126 - INFO - Epoch 295/1000 | Train Loss: 0.0001935 | Val Loss: 0.0001538 | LR: 0.000361
2025-08-08 06:52:08,454 - INFO - Epoch 296/1000 | Train Loss: 0.0001938 | Val Loss: 0.0001486 | LR: 0.000358
2025-08-08 06:52:09,183 - INFO - New best model saved to /jizhicfs/Prometheus/Triton4Earth_V2/Scenario_3_Ocean_stream/regional_agulhas_forcasting_0.125degree_daily/checkpoints/regional_agu_forcasting_025degree_daily_20250808_best_model.pth with validation loss: 0.0001486
2025-08-08 06:53:40,558 - INFO - Epoch 297/1000 | Train Loss: 0.0001963 | Val Loss: 0.0001480 | LR: 0.000355
2025-08-08 06:53:41,280 - INFO - New best model saved to /jizhicfs/Prometheus/Triton4Earth_V2/Scenario_3_Ocean_stream/regional_agulhas_forcasting_0.125degree_daily/checkpoints/regional_agu_forcasting_025degree_daily_20250808_best_model.pth with validation loss: 0.0001480
2025-08-08 06:55:12,617 - INFO - Epoch 298/1000 | Train Loss: 0.0001899 | Val Loss: 0.0001478 | LR: 0.000352
2025-08-08 06:55:13,344 - INFO - New best model saved to /jizhicfs/Prometheus/Triton4Earth_V2/Scenario_3_Ocean_stream/regional_agulhas_forcasting_0.125degree_daily/checkpoints/regional_agu_forcasting_025degree_daily_20250808_best_model.pth with validation loss: 0.0001478
2025-08-08 06:56:44,923 - INFO - Epoch 299/1000 | Train Loss: 0.0001973 | Val Loss: 0.0001499 | LR: 0.000349
2025-08-08 06:58:16,420 - INFO - Epoch 300/1000 | Train Loss: 0.0001910 | Val Loss: 0.0001536 | LR: 0.000346
2025-08-08 06:58:17,122 - INFO - Saved periodic checkpoint at epoch 300 to /jizhicfs/Prometheus/Triton4Earth_V2/Scenario_3_Ocean_stream/regional_agulhas_forcasting_0.125degree_daily/checkpoints/regional_agu_forcasting_025degree_daily_20250808_epoch_300.pth
2025-08-08 06:59:48,440 - INFO - Epoch 301/1000 | Train Loss: 0.0001878 | Val Loss: 0.0001478 | LR: 0.000343
2025-08-08 07:01:19,744 - INFO - Epoch 302/1000 | Train Loss: 0.0001951 | Val Loss: 0.0001473 | LR: 0.000340
2025-08-08 07:01:20,476 - INFO - New best model saved to /jizhicfs/Prometheus/Triton4Earth_V2/Scenario_3_Ocean_stream/regional_agulhas_forcasting_0.125degree_daily/checkpoints/regional_agu_forcasting_025degree_daily_20250808_best_model.pth with validation loss: 0.0001473
2025-08-08 07:02:51,767 - INFO - Epoch 303/1000 | Train Loss: 0.0001930 | Val Loss: 0.0001475 | LR: 0.000337
2025-08-08 07:04:23,084 - INFO - Epoch 304/1000 | Train Loss: 0.0001942 | Val Loss: 0.0001465 | LR: 0.000334
2025-08-08 07:04:23,805 - INFO - New best model saved to /jizhicfs/Prometheus/Triton4Earth_V2/Scenario_3_Ocean_stream/regional_agulhas_forcasting_0.125degree_daily/checkpoints/regional_agu_forcasting_025degree_daily_20250808_best_model.pth with validation loss: 0.0001465
2025-08-08 07:05:55,056 - INFO - Epoch 305/1000 | Train Loss: 0.0001940 | Val Loss: 0.0001496 | LR: 0.000331
2025-08-08 07:07:26,427 - INFO - Epoch 306/1000 | Train Loss: 0.0001906 | Val Loss: 0.0001484 | LR: 0.000328
2025-08-08 07:08:57,764 - INFO - Epoch 307/1000 | Train Loss: 0.0001916 | Val Loss: 0.0001480 | LR: 0.000325
2025-08-08 07:10:29,065 - INFO - Epoch 308/1000 | Train Loss: 0.0001900 | Val Loss: 0.0001482 | LR: 0.000322
2025-08-08 07:12:00,436 - INFO - Epoch 309/1000 | Train Loss: 0.0001888 | Val Loss: 0.0001430 | LR: 0.000320
2025-08-08 07:12:01,164 - INFO - New best model saved to /jizhicfs/Prometheus/Triton4Earth_V2/Scenario_3_Ocean_stream/regional_agulhas_forcasting_0.125degree_daily/checkpoints/regional_agu_forcasting_025degree_daily_20250808_best_model.pth with validation loss: 0.0001430
2025-08-08 07:13:32,472 - INFO - Epoch 310/1000 | Train Loss: 0.0001893 | Val Loss: 0.0001461 | LR: 0.000317
2025-08-08 07:15:03,757 - INFO - Epoch 311/1000 | Train Loss: 0.0001838 | Val Loss: 0.0001434 | LR: 0.000314
2025-08-08 07:16:35,069 - INFO - Epoch 312/1000 | Train Loss: 0.0001841 | Val Loss: 0.0001447 | LR: 0.000311
2025-08-08 07:18:06,393 - INFO - Epoch 313/1000 | Train Loss: 0.0001838 | Val Loss: 0.0001419 | LR: 0.000308
2025-08-08 07:18:07,123 - INFO - New best model saved to /jizhicfs/Prometheus/Triton4Earth_V2/Scenario_3_Ocean_stream/regional_agulhas_forcasting_0.125degree_daily/checkpoints/regional_agu_forcasting_025degree_daily_20250808_best_model.pth with validation loss: 0.0001419
2025-08-08 07:19:38,733 - INFO - Epoch 314/1000 | Train Loss: 0.0001877 | Val Loss: 0.0001423 | LR: 0.000305
2025-08-08 07:21:10,235 - INFO - Epoch 315/1000 | Train Loss: 0.0001791 | Val Loss: 0.0001410 | LR: 0.000302
2025-08-08 07:21:10,957 - INFO - New best model saved to /jizhicfs/Prometheus/Triton4Earth_V2/Scenario_3_Ocean_stream/regional_agulhas_forcasting_0.125degree_daily/checkpoints/regional_agu_forcasting_025degree_daily_20250808_best_model.pth with validation loss: 0.0001410
2025-08-08 07:22:42,365 - INFO - Epoch 316/1000 | Train Loss: 0.0001906 | Val Loss: 0.0001441 | LR: 0.000299
2025-08-08 07:24:13,952 - INFO - Epoch 317/1000 | Train Loss: 0.0001939 | Val Loss: 0.0001437 | LR: 0.000296
2025-08-08 07:25:45,359 - INFO - Epoch 318/1000 | Train Loss: 0.0001840 | Val Loss: 0.0001413 | LR: 0.000294
2025-08-08 07:27:16,710 - INFO - Epoch 319/1000 | Train Loss: 0.0001878 | Val Loss: 0.0001433 | LR: 0.000291
2025-08-08 07:28:48,245 - INFO - Epoch 320/1000 | Train Loss: 0.0001875 | Val Loss: 0.0001412 | LR: 0.000288
2025-08-08 07:30:19,644 - INFO - Epoch 321/1000 | Train Loss: 0.0001808 | Val Loss: 0.0001394 | LR: 0.000285
2025-08-08 07:30:20,368 - INFO - New best model saved to /jizhicfs/Prometheus/Triton4Earth_V2/Scenario_3_Ocean_stream/regional_agulhas_forcasting_0.125degree_daily/checkpoints/regional_agu_forcasting_025degree_daily_20250808_best_model.pth with validation loss: 0.0001394
2025-08-08 07:31:51,687 - INFO - Epoch 322/1000 | Train Loss: 0.0001789 | Val Loss: 0.0001405 | LR: 0.000282
2025-08-08 07:33:23,052 - INFO - Epoch 323/1000 | Train Loss: 0.0001848 | Val Loss: 0.0001405 | LR: 0.000279
2025-08-08 07:34:54,419 - INFO - Epoch 324/1000 | Train Loss: 0.0001854 | Val Loss: 0.0001391 | LR: 0.000277
2025-08-08 07:34:55,110 - INFO - New best model saved to /jizhicfs/Prometheus/Triton4Earth_V2/Scenario_3_Ocean_stream/regional_agulhas_forcasting_0.125degree_daily/checkpoints/regional_agu_forcasting_025degree_daily_20250808_best_model.pth with validation loss: 0.0001391
2025-08-08 07:36:26,554 - INFO - Epoch 325/1000 | Train Loss: 0.0001821 | Val Loss: 0.0001409 | LR: 0.000274
2025-08-08 07:37:57,899 - INFO - Epoch 326/1000 | Train Loss: 0.0001825 | Val Loss: 0.0001417 | LR: 0.000271
2025-08-08 07:39:29,238 - INFO - Epoch 327/1000 | Train Loss: 0.0001797 | Val Loss: 0.0001391 | LR: 0.000268
2025-08-08 07:39:29,939 - INFO - New best model saved to /jizhicfs/Prometheus/Triton4Earth_V2/Scenario_3_Ocean_stream/regional_agulhas_forcasting_0.125degree_daily/checkpoints/regional_agu_forcasting_025degree_daily_20250808_best_model.pth with validation loss: 0.0001391
2025-08-08 07:41:01,242 - INFO - Epoch 328/1000 | Train Loss: 0.0001855 | Val Loss: 0.0001392 | LR: 0.000265
2025-08-08 07:42:32,566 - INFO - Epoch 329/1000 | Train Loss: 0.0001775 | Val Loss: 0.0001377 | LR: 0.000263
2025-08-08 07:42:33,278 - INFO - New best model saved to /jizhicfs/Prometheus/Triton4Earth_V2/Scenario_3_Ocean_stream/regional_agulhas_forcasting_0.125degree_daily/checkpoints/regional_agu_forcasting_025degree_daily_20250808_best_model.pth with validation loss: 0.0001377
2025-08-08 07:44:04,571 - INFO - Epoch 330/1000 | Train Loss: 0.0001812 | Val Loss: 0.0001373 | LR: 0.000260
2025-08-08 07:44:05,274 - INFO - New best model saved to /jizhicfs/Prometheus/Triton4Earth_V2/Scenario_3_Ocean_stream/regional_agulhas_forcasting_0.125degree_daily/checkpoints/regional_agu_forcasting_025degree_daily_20250808_best_model.pth with validation loss: 0.0001373
2025-08-08 07:45:36,588 - INFO - Epoch 331/1000 | Train Loss: 0.0001850 | Val Loss: 0.0001394 | LR: 0.000257
2025-08-08 07:47:07,961 - INFO - Epoch 332/1000 | Train Loss: 0.0001823 | Val Loss: 0.0001381 | LR: 0.000254
2025-08-08 07:48:39,294 - INFO - Epoch 333/1000 | Train Loss: 0.0001788 | Val Loss: 0.0001362 | LR: 0.000252
2025-08-08 07:48:39,996 - INFO - New best model saved to /jizhicfs/Prometheus/Triton4Earth_V2/Scenario_3_Ocean_stream/regional_agulhas_forcasting_0.125degree_daily/checkpoints/regional_agu_forcasting_025degree_daily_20250808_best_model.pth with validation loss: 0.0001362
2025-08-08 07:50:11,292 - INFO - Epoch 334/1000 | Train Loss: 0.0001813 | Val Loss: 0.0001375 | LR: 0.000249
2025-08-08 07:51:42,640 - INFO - Epoch 335/1000 | Train Loss: 0.0001801 | Val Loss: 0.0001346 | LR: 0.000246
2025-08-08 07:51:43,360 - INFO - New best model saved to /jizhicfs/Prometheus/Triton4Earth_V2/Scenario_3_Ocean_stream/regional_agulhas_forcasting_0.125degree_daily/checkpoints/regional_agu_forcasting_025degree_daily_20250808_best_model.pth with validation loss: 0.0001346
2025-08-08 07:53:14,636 - INFO - Epoch 336/1000 | Train Loss: 0.0001808 | Val Loss: 0.0001356 | LR: 0.000244
2025-08-08 07:54:45,973 - INFO - Epoch 337/1000 | Train Loss: 0.0001825 | Val Loss: 0.0001363 | LR: 0.000241
2025-08-08 07:56:17,359 - INFO - Epoch 338/1000 | Train Loss: 0.0001821 | Val Loss: 0.0001362 | LR: 0.000238
2025-08-08 07:57:48,696 - INFO - Epoch 339/1000 | Train Loss: 0.0001789 | Val Loss: 0.0001361 | LR: 0.000236
2025-08-08 07:59:20,028 - INFO - Epoch 340/1000 | Train Loss: 0.0001775 | Val Loss: 0.0001333 | LR: 0.000233
2025-08-08 07:59:20,732 - INFO - New best model saved to /jizhicfs/Prometheus/Triton4Earth_V2/Scenario_3_Ocean_stream/regional_agulhas_forcasting_0.125degree_daily/checkpoints/regional_agu_forcasting_025degree_daily_20250808_best_model.pth with validation loss: 0.0001333
2025-08-08 08:00:52,008 - INFO - Epoch 341/1000 | Train Loss: 0.0001746 | Val Loss: 0.0001355 | LR: 0.000230
2025-08-08 08:02:23,349 - INFO - Epoch 342/1000 | Train Loss: 0.0001792 | Val Loss: 0.0001323 | LR: 0.000228
2025-08-08 08:02:24,100 - INFO - New best model saved to /jizhicfs/Prometheus/Triton4Earth_V2/Scenario_3_Ocean_stream/regional_agulhas_forcasting_0.125degree_daily/checkpoints/regional_agu_forcasting_025degree_daily_20250808_best_model.pth with validation loss: 0.0001323
2025-08-08 08:03:55,437 - INFO - Epoch 343/1000 | Train Loss: 0.0001800 | Val Loss: 0.0001353 | LR: 0.000225
2025-08-08 08:05:26,779 - INFO - Epoch 344/1000 | Train Loss: 0.0001731 | Val Loss: 0.0001333 | LR: 0.000222
2025-08-08 08:06:58,256 - INFO - Epoch 345/1000 | Train Loss: 0.0001780 | Val Loss: 0.0001342 | LR: 0.000220
2025-08-08 08:08:29,616 - INFO - Epoch 346/1000 | Train Loss: 0.0001771 | Val Loss: 0.0001337 | LR: 0.000217
2025-08-08 08:10:00,925 - INFO - Epoch 347/1000 | Train Loss: 0.0001770 | Val Loss: 0.0001320 | LR: 0.000215
2025-08-08 08:10:01,646 - INFO - New best model saved to /jizhicfs/Prometheus/Triton4Earth_V2/Scenario_3_Ocean_stream/regional_agulhas_forcasting_0.125degree_daily/checkpoints/regional_agu_forcasting_025degree_daily_20250808_best_model.pth with validation loss: 0.0001320
2025-08-08 08:11:32,939 - INFO - Epoch 348/1000 | Train Loss: 0.0001783 | Val Loss: 0.0001341 | LR: 0.000212
2025-08-08 08:13:04,244 - INFO - Epoch 349/1000 | Train Loss: 0.0001759 | Val Loss: 0.0001306 | LR: 0.000209
2025-08-08 08:13:04,956 - INFO - New best model saved to /jizhicfs/Prometheus/Triton4Earth_V2/Scenario_3_Ocean_stream/regional_agulhas_forcasting_0.125degree_daily/checkpoints/regional_agu_forcasting_025degree_daily_20250808_best_model.pth with validation loss: 0.0001306
2025-08-08 08:14:36,337 - INFO - Epoch 350/1000 | Train Loss: 0.0001769 | Val Loss: 0.0001318 | LR: 0.000207
2025-08-08 08:16:07,853 - INFO - Epoch 351/1000 | Train Loss: 0.0001800 | Val Loss: 0.0001318 | LR: 0.000204
2025-08-08 08:17:39,240 - INFO - Epoch 352/1000 | Train Loss: 0.0001742 | Val Loss: 0.0001321 | LR: 0.000202
2025-08-08 08:19:10,568 - INFO - Epoch 353/1000 | Train Loss: 0.0001771 | Val Loss: 0.0001310 | LR: 0.000199
2025-08-08 08:20:41,976 - INFO - Epoch 354/1000 | Train Loss: 0.0001735 | Val Loss: 0.0001315 | LR: 0.000197
2025-08-08 08:22:13,307 - INFO - Epoch 355/1000 | Train Loss: 0.0001785 | Val Loss: 0.0001316 | LR: 0.000194
2025-08-08 08:23:44,615 - INFO - Epoch 356/1000 | Train Loss: 0.0001759 | Val Loss: 0.0001289 | LR: 0.000192
2025-08-08 08:23:45,316 - INFO - New best model saved to /jizhicfs/Prometheus/Triton4Earth_V2/Scenario_3_Ocean_stream/regional_agulhas_forcasting_0.125degree_daily/checkpoints/regional_agu_forcasting_025degree_daily_20250808_best_model.pth with validation loss: 0.0001289
2025-08-08 08:25:16,783 - INFO - Epoch 357/1000 | Train Loss: 0.0001739 | Val Loss: 0.0001306 | LR: 0.000189
2025-08-08 08:26:48,099 - INFO - Epoch 358/1000 | Train Loss: 0.0001713 | Val Loss: 0.0001296 | LR: 0.000187
2025-08-08 08:28:19,427 - INFO - Epoch 359/1000 | Train Loss: 0.0001706 | Val Loss: 0.0001299 | LR: 0.000185
2025-08-08 08:29:50,763 - INFO - Epoch 360/1000 | Train Loss: 0.0001727 | Val Loss: 0.0001292 | LR: 0.000182
2025-08-08 08:31:22,116 - INFO - Epoch 361/1000 | Train Loss: 0.0001712 | Val Loss: 0.0001293 | LR: 0.000180
2025-08-08 08:32:53,456 - INFO - Epoch 362/1000 | Train Loss: 0.0001704 | Val Loss: 0.0001297 | LR: 0.000177
2025-08-08 08:34:24,791 - INFO - Epoch 363/1000 | Train Loss: 0.0001740 | Val Loss: 0.0001290 | LR: 0.000175
2025-08-08 08:35:56,256 - INFO - Epoch 364/1000 | Train Loss: 0.0001746 | Val Loss: 0.0001281 | LR: 0.000173
2025-08-08 08:35:56,968 - INFO - New best model saved to /jizhicfs/Prometheus/Triton4Earth_V2/Scenario_3_Ocean_stream/regional_agulhas_forcasting_0.125degree_daily/checkpoints/regional_agu_forcasting_025degree_daily_20250808_best_model.pth with validation loss: 0.0001281
2025-08-08 08:37:28,343 - INFO - Epoch 365/1000 | Train Loss: 0.0001748 | Val Loss: 0.0001299 | LR: 0.000170
2025-08-08 08:38:59,816 - INFO - Epoch 366/1000 | Train Loss: 0.0001664 | Val Loss: 0.0001279 | LR: 0.000168
2025-08-08 08:39:00,523 - INFO - New best model saved to /jizhicfs/Prometheus/Triton4Earth_V2/Scenario_3_Ocean_stream/regional_agulhas_forcasting_0.125degree_daily/checkpoints/regional_agu_forcasting_025degree_daily_20250808_best_model.pth with validation loss: 0.0001279
2025-08-08 08:40:31,842 - INFO - Epoch 367/1000 | Train Loss: 0.0001736 | Val Loss: 0.0001285 | LR: 0.000165
2025-08-08 08:42:03,209 - INFO - Epoch 368/1000 | Train Loss: 0.0001705 | Val Loss: 0.0001273 | LR: 0.000163
2025-08-08 08:42:03,932 - INFO - New best model saved to /jizhicfs/Prometheus/Triton4Earth_V2/Scenario_3_Ocean_stream/regional_agulhas_forcasting_0.125degree_daily/checkpoints/regional_agu_forcasting_025degree_daily_20250808_best_model.pth with validation loss: 0.0001273
2025-08-08 08:43:35,233 - INFO - Epoch 369/1000 | Train Loss: 0.0001730 | Val Loss: 0.0001299 | LR: 0.000161
2025-08-08 08:45:06,610 - INFO - Epoch 370/1000 | Train Loss: 0.0001696 | Val Loss: 0.0001274 | LR: 0.000159
2025-08-08 08:46:37,962 - INFO - Epoch 371/1000 | Train Loss: 0.0001781 | Val Loss: 0.0001290 | LR: 0.000156
2025-08-08 08:48:09,316 - INFO - Epoch 372/1000 | Train Loss: 0.0001715 | Val Loss: 0.0001264 | LR: 0.000154
2025-08-08 08:48:10,043 - INFO - New best model saved to /jizhicfs/Prometheus/Triton4Earth_V2/Scenario_3_Ocean_stream/regional_agulhas_forcasting_0.125degree_daily/checkpoints/regional_agu_forcasting_025degree_daily_20250808_best_model.pth with validation loss: 0.0001264
2025-08-08 08:49:41,425 - INFO - Epoch 373/1000 | Train Loss: 0.0001700 | Val Loss: 0.0001262 | LR: 0.000152
2025-08-08 08:49:42,164 - INFO - New best model saved to /jizhicfs/Prometheus/Triton4Earth_V2/Scenario_3_Ocean_stream/regional_agulhas_forcasting_0.125degree_daily/checkpoints/regional_agu_forcasting_025degree_daily_20250808_best_model.pth with validation loss: 0.0001262
2025-08-08 08:51:13,581 - INFO - Epoch 374/1000 | Train Loss: 0.0001681 | Val Loss: 0.0001255 | LR: 0.000150
2025-08-08 08:51:14,297 - INFO - New best model saved to /jizhicfs/Prometheus/Triton4Earth_V2/Scenario_3_Ocean_stream/regional_agulhas_forcasting_0.125degree_daily/checkpoints/regional_agu_forcasting_025degree_daily_20250808_best_model.pth with validation loss: 0.0001255
2025-08-08 08:52:45,619 - INFO - Epoch 375/1000 | Train Loss: 0.0001717 | Val Loss: 0.0001274 | LR: 0.000147
2025-08-08 08:54:16,937 - INFO - Epoch 376/1000 | Train Loss: 0.0001675 | Val Loss: 0.0001261 | LR: 0.000145
2025-08-08 08:55:48,252 - INFO - Epoch 377/1000 | Train Loss: 0.0001708 | Val Loss: 0.0001261 | LR: 0.000143
2025-08-08 08:57:19,602 - INFO - Epoch 378/1000 | Train Loss: 0.0001750 | Val Loss: 0.0001266 | LR: 0.000141
2025-08-08 08:58:50,906 - INFO - Epoch 379/1000 | Train Loss: 0.0001721 | Val Loss: 0.0001259 | LR: 0.000139
2025-08-08 09:00:22,330 - INFO - Epoch 380/1000 | Train Loss: 0.0001659 | Val Loss: 0.0001239 | LR: 0.000136
2025-08-08 09:00:23,052 - INFO - New best model saved to /jizhicfs/Prometheus/Triton4Earth_V2/Scenario_3_Ocean_stream/regional_agulhas_forcasting_0.125degree_daily/checkpoints/regional_agu_forcasting_025degree_daily_20250808_best_model.pth with validation loss: 0.0001239
2025-08-08 09:01:54,335 - INFO - Epoch 381/1000 | Train Loss: 0.0001680 | Val Loss: 0.0001257 | LR: 0.000134
2025-08-08 09:03:25,731 - INFO - Epoch 382/1000 | Train Loss: 0.0001690 | Val Loss: 0.0001246 | LR: 0.000132
2025-08-08 09:04:57,255 - INFO - Epoch 383/1000 | Train Loss: 0.0001680 | Val Loss: 0.0001253 | LR: 0.000130
2025-08-08 09:06:28,649 - INFO - Epoch 384/1000 | Train Loss: 0.0001652 | Val Loss: 0.0001239 | LR: 0.000128
2025-08-08 09:06:29,350 - INFO - New best model saved to /jizhicfs/Prometheus/Triton4Earth_V2/Scenario_3_Ocean_stream/regional_agulhas_forcasting_0.125degree_daily/checkpoints/regional_agu_forcasting_025degree_daily_20250808_best_model.pth with validation loss: 0.0001239
2025-08-08 09:08:00,692 - INFO - Epoch 385/1000 | Train Loss: 0.0001689 | Val Loss: 0.0001239 | LR: 0.000126
2025-08-08 09:09:32,074 - INFO - Epoch 386/1000 | Train Loss: 0.0001686 | Val Loss: 0.0001239 | LR: 0.000124
2025-08-08 09:11:03,400 - INFO - Epoch 387/1000 | Train Loss: 0.0001687 | Val Loss: 0.0001248 | LR: 0.000122
2025-08-08 09:12:34,728 - INFO - Epoch 388/1000 | Train Loss: 0.0001666 | Val Loss: 0.0001257 | LR: 0.000120
2025-08-08 09:14:06,332 - INFO - Epoch 389/1000 | Train Loss: 0.0001684 | Val Loss: 0.0001232 | LR: 0.000118
2025-08-08 09:14:07,062 - INFO - New best model saved to /jizhicfs/Prometheus/Triton4Earth_V2/Scenario_3_Ocean_stream/regional_agulhas_forcasting_0.125degree_daily/checkpoints/regional_agu_forcasting_025degree_daily_20250808_best_model.pth with validation loss: 0.0001232
2025-08-08 09:15:38,309 - INFO - Epoch 390/1000 | Train Loss: 0.0001672 | Val Loss: 0.0001236 | LR: 0.000116
2025-08-08 09:17:09,720 - INFO - Epoch 391/1000 | Train Loss: 0.0001656 | Val Loss: 0.0001227 | LR: 0.000114
2025-08-08 09:17:10,427 - INFO - New best model saved to /jizhicfs/Prometheus/Triton4Earth_V2/Scenario_3_Ocean_stream/regional_agulhas_forcasting_0.125degree_daily/checkpoints/regional_agu_forcasting_025degree_daily_20250808_best_model.pth with validation loss: 0.0001227
2025-08-08 09:18:41,695 - INFO - Epoch 392/1000 | Train Loss: 0.0001648 | Val Loss: 0.0001227 | LR: 0.000112
2025-08-08 09:20:13,050 - INFO - Epoch 393/1000 | Train Loss: 0.0001659 | Val Loss: 0.0001224 | LR: 0.000110
2025-08-08 09:20:13,752 - INFO - New best model saved to /jizhicfs/Prometheus/Triton4Earth_V2/Scenario_3_Ocean_stream/regional_agulhas_forcasting_0.125degree_daily/checkpoints/regional_agu_forcasting_025degree_daily_20250808_best_model.pth with validation loss: 0.0001224
2025-08-08 09:21:45,029 - INFO - Epoch 394/1000 | Train Loss: 0.0001635 | Val Loss: 0.0001228 | LR: 0.000108
2025-08-08 09:23:16,412 - INFO - Epoch 395/1000 | Train Loss: 0.0001656 | Val Loss: 0.0001224 | LR: 0.000106
2025-08-08 09:23:17,125 - INFO - New best model saved to /jizhicfs/Prometheus/Triton4Earth_V2/Scenario_3_Ocean_stream/regional_agulhas_forcasting_0.125degree_daily/checkpoints/regional_agu_forcasting_025degree_daily_20250808_best_model.pth with validation loss: 0.0001224
2025-08-08 09:24:48,432 - INFO - Epoch 396/1000 | Train Loss: 0.0001678 | Val Loss: 0.0001231 | LR: 0.000104
2025-08-08 09:26:19,928 - INFO - Epoch 397/1000 | Train Loss: 0.0001618 | Val Loss: 0.0001220 | LR: 0.000102
2025-08-08 09:26:20,640 - INFO - New best model saved to /jizhicfs/Prometheus/Triton4Earth_V2/Scenario_3_Ocean_stream/regional_agulhas_forcasting_0.125degree_daily/checkpoints/regional_agu_forcasting_025degree_daily_20250808_best_model.pth with validation loss: 0.0001220
2025-08-08 09:27:51,927 - INFO - Epoch 398/1000 | Train Loss: 0.0001670 | Val Loss: 0.0001220 | LR: 0.000100
2025-08-08 09:29:23,211 - INFO - Epoch 399/1000 | Train Loss: 0.0001696 | Val Loss: 0.0001218 | LR: 0.000098
2025-08-08 09:29:23,914 - INFO - New best model saved to /jizhicfs/Prometheus/Triton4Earth_V2/Scenario_3_Ocean_stream/regional_agulhas_forcasting_0.125degree_daily/checkpoints/regional_agu_forcasting_025degree_daily_20250808_best_model.pth with validation loss: 0.0001218
2025-08-08 09:30:55,261 - INFO - Epoch 400/1000 | Train Loss: 0.0001650 | Val Loss: 0.0001213 | LR: 0.000096
2025-08-08 09:30:55,970 - INFO - New best model saved to /jizhicfs/Prometheus/Triton4Earth_V2/Scenario_3_Ocean_stream/regional_agulhas_forcasting_0.125degree_daily/checkpoints/regional_agu_forcasting_025degree_daily_20250808_best_model.pth with validation loss: 0.0001213
2025-08-08 09:30:56,603 - INFO - Saved periodic checkpoint at epoch 400 to /jizhicfs/Prometheus/Triton4Earth_V2/Scenario_3_Ocean_stream/regional_agulhas_forcasting_0.125degree_daily/checkpoints/regional_agu_forcasting_025degree_daily_20250808_epoch_400.pth
2025-08-08 09:32:27,880 - INFO - Epoch 401/1000 | Train Loss: 0.0001599 | Val Loss: 0.0001208 | LR: 0.000095
2025-08-08 09:32:28,583 - INFO - New best model saved to /jizhicfs/Prometheus/Triton4Earth_V2/Scenario_3_Ocean_stream/regional_agulhas_forcasting_0.125degree_daily/checkpoints/regional_agu_forcasting_025degree_daily_20250808_best_model.pth with validation loss: 0.0001208
2025-08-08 09:33:59,881 - INFO - Epoch 402/1000 | Train Loss: 0.0001613 | Val Loss: 0.0001207 | LR: 0.000093
2025-08-08 09:34:00,592 - INFO - New best model saved to /jizhicfs/Prometheus/Triton4Earth_V2/Scenario_3_Ocean_stream/regional_agulhas_forcasting_0.125degree_daily/checkpoints/regional_agu_forcasting_025degree_daily_20250808_best_model.pth with validation loss: 0.0001207
2025-08-08 09:35:31,912 - INFO - Epoch 403/1000 | Train Loss: 0.0001629 | Val Loss: 0.0001207 | LR: 0.000091
2025-08-08 09:35:32,634 - INFO - New best model saved to /jizhicfs/Prometheus/Triton4Earth_V2/Scenario_3_Ocean_stream/regional_agulhas_forcasting_0.125degree_daily/checkpoints/regional_agu_forcasting_025degree_daily_20250808_best_model.pth with validation loss: 0.0001207
2025-08-08 09:37:03,962 - INFO - Epoch 404/1000 | Train Loss: 0.0001687 | Val Loss: 0.0001206 | LR: 0.000089
2025-08-08 09:37:04,643 - INFO - New best model saved to /jizhicfs/Prometheus/Triton4Earth_V2/Scenario_3_Ocean_stream/regional_agulhas_forcasting_0.125degree_daily/checkpoints/regional_agu_forcasting_025degree_daily_20250808_best_model.pth with validation loss: 0.0001206
2025-08-08 09:38:36,200 - INFO - Epoch 405/1000 | Train Loss: 0.0001639 | Val Loss: 0.0001204 | LR: 0.000087
2025-08-08 09:38:36,893 - INFO - New best model saved to /jizhicfs/Prometheus/Triton4Earth_V2/Scenario_3_Ocean_stream/regional_agulhas_forcasting_0.125degree_daily/checkpoints/regional_agu_forcasting_025degree_daily_20250808_best_model.pth with validation loss: 0.0001204
2025-08-08 09:40:08,440 - INFO - Epoch 406/1000 | Train Loss: 0.0001614 | Val Loss: 0.0001204 | LR: 0.000086
2025-08-08 09:40:09,175 - INFO - New best model saved to /jizhicfs/Prometheus/Triton4Earth_V2/Scenario_3_Ocean_stream/regional_agulhas_forcasting_0.125degree_daily/checkpoints/regional_agu_forcasting_025degree_daily_20250808_best_model.pth with validation loss: 0.0001204
2025-08-08 09:41:40,567 - INFO - Epoch 407/1000 | Train Loss: 0.0001606 | Val Loss: 0.0001199 | LR: 0.000084
2025-08-08 09:41:41,275 - INFO - New best model saved to /jizhicfs/Prometheus/Triton4Earth_V2/Scenario_3_Ocean_stream/regional_agulhas_forcasting_0.125degree_daily/checkpoints/regional_agu_forcasting_025degree_daily_20250808_best_model.pth with validation loss: 0.0001199
2025-08-08 09:43:12,571 - INFO - Epoch 408/1000 | Train Loss: 0.0001584 | Val Loss: 0.0001198 | LR: 0.000082
2025-08-08 09:43:13,292 - INFO - New best model saved to /jizhicfs/Prometheus/Triton4Earth_V2/Scenario_3_Ocean_stream/regional_agulhas_forcasting_0.125degree_daily/checkpoints/regional_agu_forcasting_025degree_daily_20250808_best_model.pth with validation loss: 0.0001198
2025-08-08 09:44:44,718 - INFO - Epoch 409/1000 | Train Loss: 0.0001634 | Val Loss: 0.0001193 | LR: 0.000080
2025-08-08 09:44:45,426 - INFO - New best model saved to /jizhicfs/Prometheus/Triton4Earth_V2/Scenario_3_Ocean_stream/regional_agulhas_forcasting_0.125degree_daily/checkpoints/regional_agu_forcasting_025degree_daily_20250808_best_model.pth with validation loss: 0.0001193
2025-08-08 09:46:16,751 - INFO - Epoch 410/1000 | Train Loss: 0.0001614 | Val Loss: 0.0001194 | LR: 0.000079
2025-08-08 09:47:48,083 - INFO - Epoch 411/1000 | Train Loss: 0.0001594 | Val Loss: 0.0001190 | LR: 0.000077
2025-08-08 09:47:48,795 - INFO - New best model saved to /jizhicfs/Prometheus/Triton4Earth_V2/Scenario_3_Ocean_stream/regional_agulhas_forcasting_0.125degree_daily/checkpoints/regional_agu_forcasting_025degree_daily_20250808_best_model.pth with validation loss: 0.0001190
2025-08-08 09:49:20,079 - INFO - Epoch 412/1000 | Train Loss: 0.0001622 | Val Loss: 0.0001192 | LR: 0.000075
2025-08-08 09:50:51,521 - INFO - Epoch 413/1000 | Train Loss: 0.0001625 | Val Loss: 0.0001195 | LR: 0.000074
2025-08-08 09:52:22,855 - INFO - Epoch 414/1000 | Train Loss: 0.0001622 | Val Loss: 0.0001187 | LR: 0.000072
2025-08-08 09:52:23,558 - INFO - New best model saved to /jizhicfs/Prometheus/Triton4Earth_V2/Scenario_3_Ocean_stream/regional_agulhas_forcasting_0.125degree_daily/checkpoints/regional_agu_forcasting_025degree_daily_20250808_best_model.pth with validation loss: 0.0001187
2025-08-08 09:53:54,840 - INFO - Epoch 415/1000 | Train Loss: 0.0001650 | Val Loss: 0.0001185 | LR: 0.000071
2025-08-08 09:53:55,538 - INFO - New best model saved to /jizhicfs/Prometheus/Triton4Earth_V2/Scenario_3_Ocean_stream/regional_agulhas_forcasting_0.125degree_daily/checkpoints/regional_agu_forcasting_025degree_daily_20250808_best_model.pth with validation loss: 0.0001185
2025-08-08 09:55:26,836 - INFO - Epoch 416/1000 | Train Loss: 0.0001567 | Val Loss: 0.0001185 | LR: 0.000069
2025-08-08 09:56:58,151 - INFO - Epoch 417/1000 | Train Loss: 0.0001575 | Val Loss: 0.0001183 | LR: 0.000067
2025-08-08 09:56:58,890 - INFO - New best model saved to /jizhicfs/Prometheus/Triton4Earth_V2/Scenario_3_Ocean_stream/regional_agulhas_forcasting_0.125degree_daily/checkpoints/regional_agu_forcasting_025degree_daily_20250808_best_model.pth with validation loss: 0.0001183
2025-08-08 09:58:30,133 - INFO - Epoch 418/1000 | Train Loss: 0.0001627 | Val Loss: 0.0001186 | LR: 0.000066
2025-08-08 10:00:01,460 - INFO - Epoch 419/1000 | Train Loss: 0.0001631 | Val Loss: 0.0001180 | LR: 0.000064
2025-08-08 10:00:02,209 - INFO - New best model saved to /jizhicfs/Prometheus/Triton4Earth_V2/Scenario_3_Ocean_stream/regional_agulhas_forcasting_0.125degree_daily/checkpoints/regional_agu_forcasting_025degree_daily_20250808_best_model.pth with validation loss: 0.0001180
2025-08-08 10:01:33,503 - INFO - Epoch 420/1000 | Train Loss: 0.0001637 | Val Loss: 0.0001185 | LR: 0.000063
2025-08-08 10:03:04,861 - INFO - Epoch 421/1000 | Train Loss: 0.0001599 | Val Loss: 0.0001180 | LR: 0.000061
2025-08-08 10:04:36,127 - INFO - Epoch 422/1000 | Train Loss: 0.0001613 | Val Loss: 0.0001186 | LR: 0.000060
2025-08-08 10:06:07,449 - INFO - Epoch 423/1000 | Train Loss: 0.0001594 | Val Loss: 0.0001181 | LR: 0.000058
2025-08-08 10:07:38,925 - INFO - Epoch 424/1000 | Train Loss: 0.0001633 | Val Loss: 0.0001179 | LR: 0.000057
2025-08-08 10:07:39,638 - INFO - New best model saved to /jizhicfs/Prometheus/Triton4Earth_V2/Scenario_3_Ocean_stream/regional_agulhas_forcasting_0.125degree_daily/checkpoints/regional_agu_forcasting_025degree_daily_20250808_best_model.pth with validation loss: 0.0001179
2025-08-08 10:09:10,989 - INFO - Epoch 425/1000 | Train Loss: 0.0001689 | Val Loss: 0.0001183 | LR: 0.000055
2025-08-08 10:10:42,336 - INFO - Epoch 426/1000 | Train Loss: 0.0001562 | Val Loss: 0.0001169 | LR: 0.000054
2025-08-08 10:10:43,061 - INFO - New best model saved to /jizhicfs/Prometheus/Triton4Earth_V2/Scenario_3_Ocean_stream/regional_agulhas_forcasting_0.125degree_daily/checkpoints/regional_agu_forcasting_025degree_daily_20250808_best_model.pth with validation loss: 0.0001169
2025-08-08 10:12:14,325 - INFO - Epoch 427/1000 | Train Loss: 0.0001586 | Val Loss: 0.0001174 | LR: 0.000053
2025-08-08 10:13:45,608 - INFO - Epoch 428/1000 | Train Loss: 0.0001563 | Val Loss: 0.0001180 | LR: 0.000051
2025-08-08 10:15:16,954 - INFO - Epoch 429/1000 | Train Loss: 0.0001613 | Val Loss: 0.0001169 | LR: 0.000050
2025-08-08 10:16:48,280 - INFO - Epoch 430/1000 | Train Loss: 0.0001608 | Val Loss: 0.0001168 | LR: 0.000049
2025-08-08 10:16:49,017 - INFO - New best model saved to /jizhicfs/Prometheus/Triton4Earth_V2/Scenario_3_Ocean_stream/regional_agulhas_forcasting_0.125degree_daily/checkpoints/regional_agu_forcasting_025degree_daily_20250808_best_model.pth with validation loss: 0.0001168
2025-08-08 10:18:20,316 - INFO - Epoch 431/1000 | Train Loss: 0.0001608 | Val Loss: 0.0001167 | LR: 0.000047
2025-08-08 10:18:21,034 - INFO - New best model saved to /jizhicfs/Prometheus/Triton4Earth_V2/Scenario_3_Ocean_stream/regional_agulhas_forcasting_0.125degree_daily/checkpoints/regional_agu_forcasting_025degree_daily_20250808_best_model.pth with validation loss: 0.0001167
2025-08-08 10:19:52,301 - INFO - Epoch 432/1000 | Train Loss: 0.0001609 | Val Loss: 0.0001164 | LR: 0.000046
2025-08-08 10:19:53,028 - INFO - New best model saved to /jizhicfs/Prometheus/Triton4Earth_V2/Scenario_3_Ocean_stream/regional_agulhas_forcasting_0.125degree_daily/checkpoints/regional_agu_forcasting_025degree_daily_20250808_best_model.pth with validation loss: 0.0001164
2025-08-08 10:21:24,320 - INFO - Epoch 433/1000 | Train Loss: 0.0001609 | Val Loss: 0.0001167 | LR: 0.000045
2025-08-08 10:22:55,681 - INFO - Epoch 434/1000 | Train Loss: 0.0001601 | Val Loss: 0.0001168 | LR: 0.000043
2025-08-08 10:24:26,988 - INFO - Epoch 435/1000 | Train Loss: 0.0001625 | Val Loss: 0.0001167 | LR: 0.000042
2025-08-08 10:25:58,607 - INFO - Epoch 436/1000 | Train Loss: 0.0001579 | Val Loss: 0.0001165 | LR: 0.000041
2025-08-08 10:27:29,983 - INFO - Epoch 437/1000 | Train Loss: 0.0001629 | Val Loss: 0.0001165 | LR: 0.000040
2025-08-08 10:29:01,277 - INFO - Epoch 438/1000 | Train Loss: 0.0001562 | Val Loss: 0.0001162 | LR: 0.000038
2025-08-08 10:29:02,007 - INFO - New best model saved to /jizhicfs/Prometheus/Triton4Earth_V2/Scenario_3_Ocean_stream/regional_agulhas_forcasting_0.125degree_daily/checkpoints/regional_agu_forcasting_025degree_daily_20250808_best_model.pth with validation loss: 0.0001162
2025-08-08 10:30:33,486 - INFO - Epoch 439/1000 | Train Loss: 0.0001574 | Val Loss: 0.0001165 | LR: 0.000037
2025-08-08 10:32:04,846 - INFO - Epoch 440/1000 | Train Loss: 0.0001616 | Val Loss: 0.0001161 | LR: 0.000036
2025-08-08 10:32:05,584 - INFO - New best model saved to /jizhicfs/Prometheus/Triton4Earth_V2/Scenario_3_Ocean_stream/regional_agulhas_forcasting_0.125degree_daily/checkpoints/regional_agu_forcasting_025degree_daily_20250808_best_model.pth with validation loss: 0.0001161
2025-08-08 10:33:36,975 - INFO - Epoch 441/1000 | Train Loss: 0.0001625 | Val Loss: 0.0001160 | LR: 0.000035
2025-08-08 10:33:37,698 - INFO - New best model saved to /jizhicfs/Prometheus/Triton4Earth_V2/Scenario_3_Ocean_stream/regional_agulhas_forcasting_0.125degree_daily/checkpoints/regional_agu_forcasting_025degree_daily_20250808_best_model.pth with validation loss: 0.0001160
2025-08-08 10:35:09,083 - INFO - Epoch 442/1000 | Train Loss: 0.0001580 | Val Loss: 0.0001158 | LR: 0.000034
2025-08-08 10:35:09,809 - INFO - New best model saved to /jizhicfs/Prometheus/Triton4Earth_V2/Scenario_3_Ocean_stream/regional_agulhas_forcasting_0.125degree_daily/checkpoints/regional_agu_forcasting_025degree_daily_20250808_best_model.pth with validation loss: 0.0001158
2025-08-08 10:36:41,141 - INFO - Epoch 443/1000 | Train Loss: 0.0001629 | Val Loss: 0.0001158 | LR: 0.000033
2025-08-08 10:36:41,843 - INFO - New best model saved to /jizhicfs/Prometheus/Triton4Earth_V2/Scenario_3_Ocean_stream/regional_agulhas_forcasting_0.125degree_daily/checkpoints/regional_agu_forcasting_025degree_daily_20250808_best_model.pth with validation loss: 0.0001158
2025-08-08 10:38:13,217 - INFO - Epoch 444/1000 | Train Loss: 0.0001573 | Val Loss: 0.0001156 | LR: 0.000032
2025-08-08 10:38:13,935 - INFO - New best model saved to /jizhicfs/Prometheus/Triton4Earth_V2/Scenario_3_Ocean_stream/regional_agulhas_forcasting_0.125degree_daily/checkpoints/regional_agu_forcasting_025degree_daily_20250808_best_model.pth with validation loss: 0.0001156
2025-08-08 10:39:45,229 - INFO - Epoch 445/1000 | Train Loss: 0.0001619 | Val Loss: 0.0001155 | LR: 0.000031
2025-08-08 10:39:45,956 - INFO - New best model saved to /jizhicfs/Prometheus/Triton4Earth_V2/Scenario_3_Ocean_stream/regional_agulhas_forcasting_0.125degree_daily/checkpoints/regional_agu_forcasting_025degree_daily_20250808_best_model.pth with validation loss: 0.0001155
2025-08-08 10:41:17,469 - INFO - Epoch 446/1000 | Train Loss: 0.0001593 | Val Loss: 0.0001156 | LR: 0.000029
2025-08-08 10:42:48,891 - INFO - Epoch 447/1000 | Train Loss: 0.0001576 | Val Loss: 0.0001151 | LR: 0.000028
2025-08-08 10:42:49,596 - INFO - New best model saved to /jizhicfs/Prometheus/Triton4Earth_V2/Scenario_3_Ocean_stream/regional_agulhas_forcasting_0.125degree_daily/checkpoints/regional_agu_forcasting_025degree_daily_20250808_best_model.pth with validation loss: 0.0001151
2025-08-08 10:44:21,102 - INFO - Epoch 448/1000 | Train Loss: 0.0001546 | Val Loss: 0.0001151 | LR: 0.000027
2025-08-08 10:44:21,809 - INFO - New best model saved to /jizhicfs/Prometheus/Triton4Earth_V2/Scenario_3_Ocean_stream/regional_agulhas_forcasting_0.125degree_daily/checkpoints/regional_agu_forcasting_025degree_daily_20250808_best_model.pth with validation loss: 0.0001151
2025-08-08 10:45:53,116 - INFO - Epoch 449/1000 | Train Loss: 0.0001600 | Val Loss: 0.0001155 | LR: 0.000026
2025-08-08 10:47:24,602 - INFO - Epoch 450/1000 | Train Loss: 0.0001537 | Val Loss: 0.0001152 | LR: 0.000025
2025-08-08 10:48:55,940 - INFO - Epoch 451/1000 | Train Loss: 0.0001592 | Val Loss: 0.0001148 | LR: 0.000024
2025-08-08 10:48:56,661 - INFO - New best model saved to /jizhicfs/Prometheus/Triton4Earth_V2/Scenario_3_Ocean_stream/regional_agulhas_forcasting_0.125degree_daily/checkpoints/regional_agu_forcasting_025degree_daily_20250808_best_model.pth with validation loss: 0.0001148
2025-08-08 10:50:27,928 - INFO - Epoch 452/1000 | Train Loss: 0.0001595 | Val Loss: 0.0001151 | LR: 0.000024
2025-08-08 10:51:59,326 - INFO - Epoch 453/1000 | Train Loss: 0.0001578 | Val Loss: 0.0001151 | LR: 0.000023
2025-08-08 10:53:30,655 - INFO - Epoch 454/1000 | Train Loss: 0.0001591 | Val Loss: 0.0001147 | LR: 0.000022
2025-08-08 10:53:31,384 - INFO - New best model saved to /jizhicfs/Prometheus/Triton4Earth_V2/Scenario_3_Ocean_stream/regional_agulhas_forcasting_0.125degree_daily/checkpoints/regional_agu_forcasting_025degree_daily_20250808_best_model.pth with validation loss: 0.0001147
2025-08-08 10:55:02,718 - INFO - Epoch 455/1000 | Train Loss: 0.0001607 | Val Loss: 0.0001149 | LR: 0.000021
2025-08-08 10:56:34,163 - INFO - Epoch 456/1000 | Train Loss: 0.0001543 | Val Loss: 0.0001147 | LR: 0.000020
2025-08-08 10:58:05,605 - INFO - Epoch 457/1000 | Train Loss: 0.0001566 | Val Loss: 0.0001152 | LR: 0.000019
2025-08-08 10:59:36,966 - INFO - Epoch 458/1000 | Train Loss: 0.0001574 | Val Loss: 0.0001149 | LR: 0.000018
2025-08-08 11:01:08,355 - INFO - Epoch 459/1000 | Train Loss: 0.0001621 | Val Loss: 0.0001146 | LR: 0.000017
2025-08-08 11:01:09,075 - INFO - New best model saved to /jizhicfs/Prometheus/Triton4Earth_V2/Scenario_3_Ocean_stream/regional_agulhas_forcasting_0.125degree_daily/checkpoints/regional_agu_forcasting_025degree_daily_20250808_best_model.pth with validation loss: 0.0001146
2025-08-08 11:02:40,372 - INFO - Epoch 460/1000 | Train Loss: 0.0001556 | Val Loss: 0.0001147 | LR: 0.000017
2025-08-08 11:04:11,701 - INFO - Epoch 461/1000 | Train Loss: 0.0001576 | Val Loss: 0.0001144 | LR: 0.000016
2025-08-08 11:04:12,433 - INFO - New best model saved to /jizhicfs/Prometheus/Triton4Earth_V2/Scenario_3_Ocean_stream/regional_agulhas_forcasting_0.125degree_daily/checkpoints/regional_agu_forcasting_025degree_daily_20250808_best_model.pth with validation loss: 0.0001144
2025-08-08 11:05:43,734 - INFO - Epoch 462/1000 | Train Loss: 0.0001582 | Val Loss: 0.0001148 | LR: 0.000015
2025-08-08 11:07:15,070 - INFO - Epoch 463/1000 | Train Loss: 0.0001594 | Val Loss: 0.0001143 | LR: 0.000014
2025-08-08 11:07:15,778 - INFO - New best model saved to /jizhicfs/Prometheus/Triton4Earth_V2/Scenario_3_Ocean_stream/regional_agulhas_forcasting_0.125degree_daily/checkpoints/regional_agu_forcasting_025degree_daily_20250808_best_model.pth with validation loss: 0.0001143
2025-08-08 11:08:47,042 - INFO - Epoch 464/1000 | Train Loss: 0.0001549 | Val Loss: 0.0001144 | LR: 0.000014
2025-08-08 11:10:18,418 - INFO - Epoch 465/1000 | Train Loss: 0.0001577 | Val Loss: 0.0001144 | LR: 0.000013
2025-08-08 11:11:49,799 - INFO - Epoch 466/1000 | Train Loss: 0.0001572 | Val Loss: 0.0001142 | LR: 0.000012
2025-08-08 11:11:50,523 - INFO - New best model saved to /jizhicfs/Prometheus/Triton4Earth_V2/Scenario_3_Ocean_stream/regional_agulhas_forcasting_0.125degree_daily/checkpoints/regional_agu_forcasting_025degree_daily_20250808_best_model.pth with validation loss: 0.0001142
2025-08-08 11:13:22,138 - INFO - Epoch 467/1000 | Train Loss: 0.0001577 | Val Loss: 0.0001141 | LR: 0.000012
2025-08-08 11:13:22,858 - INFO - New best model saved to /jizhicfs/Prometheus/Triton4Earth_V2/Scenario_3_Ocean_stream/regional_agulhas_forcasting_0.125degree_daily/checkpoints/regional_agu_forcasting_025degree_daily_20250808_best_model.pth with validation loss: 0.0001141
2025-08-08 11:14:54,101 - INFO - Epoch 468/1000 | Train Loss: 0.0001629 | Val Loss: 0.0001143 | LR: 0.000011
2025-08-08 11:16:25,578 - INFO - Epoch 469/1000 | Train Loss: 0.0001595 | Val Loss: 0.0001141 | LR: 0.000010
2025-08-08 11:16:26,282 - INFO - New best model saved to /jizhicfs/Prometheus/Triton4Earth_V2/Scenario_3_Ocean_stream/regional_agulhas_forcasting_0.125degree_daily/checkpoints/regional_agu_forcasting_025degree_daily_20250808_best_model.pth with validation loss: 0.0001141
2025-08-08 11:17:57,588 - INFO - Epoch 470/1000 | Train Loss: 0.0001593 | Val Loss: 0.0001140 | LR: 0.000010
2025-08-08 11:17:58,297 - INFO - New best model saved to /jizhicfs/Prometheus/Triton4Earth_V2/Scenario_3_Ocean_stream/regional_agulhas_forcasting_0.125degree_daily/checkpoints/regional_agu_forcasting_025degree_daily_20250808_best_model.pth with validation loss: 0.0001140
2025-08-08 11:19:29,621 - INFO - Epoch 471/1000 | Train Loss: 0.0001551 | Val Loss: 0.0001139 | LR: 0.000009
2025-08-08 11:19:30,320 - INFO - New best model saved to /jizhicfs/Prometheus/Triton4Earth_V2/Scenario_3_Ocean_stream/regional_agulhas_forcasting_0.125degree_daily/checkpoints/regional_agu_forcasting_025degree_daily_20250808_best_model.pth with validation loss: 0.0001139
2025-08-08 11:21:01,673 - INFO - Epoch 472/1000 | Train Loss: 0.0001557 | Val Loss: 0.0001141 | LR: 0.000009
2025-08-08 11:22:33,039 - INFO - Epoch 473/1000 | Train Loss: 0.0001563 | Val Loss: 0.0001139 | LR: 0.000008
2025-08-08 11:24:04,393 - INFO - Epoch 474/1000 | Train Loss: 0.0001562 | Val Loss: 0.0001139 | LR: 0.000008
2025-08-08 11:25:35,727 - INFO - Epoch 475/1000 | Train Loss: 0.0001590 | Val Loss: 0.0001141 | LR: 0.000007
2025-08-08 11:27:07,019 - INFO - Epoch 476/1000 | Train Loss: 0.0001571 | Val Loss: 0.0001139 | LR: 0.000007
2025-08-08 11:28:38,364 - INFO - Epoch 477/1000 | Train Loss: 0.0001577 | Val Loss: 0.0001136 | LR: 0.000006
2025-08-08 11:28:39,068 - INFO - New best model saved to /jizhicfs/Prometheus/Triton4Earth_V2/Scenario_3_Ocean_stream/regional_agulhas_forcasting_0.125degree_daily/checkpoints/regional_agu_forcasting_025degree_daily_20250808_best_model.pth with validation loss: 0.0001136
2025-08-08 11:30:10,381 - INFO - Epoch 478/1000 | Train Loss: 0.0001561 | Val Loss: 0.0001139 | LR: 0.000006
2025-08-08 11:31:41,671 - INFO - Epoch 479/1000 | Train Loss: 0.0001588 | Val Loss: 0.0001139 | LR: 0.000005
2025-08-08 11:33:13,015 - INFO - Epoch 480/1000 | Train Loss: 0.0001563 | Val Loss: 0.0001139 | LR: 0.000005
2025-08-08 11:34:44,304 - INFO - Epoch 481/1000 | Train Loss: 0.0001564 | Val Loss: 0.0001137 | LR: 0.000005
2025-08-08 11:36:15,654 - INFO - Epoch 482/1000 | Train Loss: 0.0001591 | Val Loss: 0.0001138 | LR: 0.000004
2025-08-08 11:37:46,966 - INFO - Epoch 483/1000 | Train Loss: 0.0001571 | Val Loss: 0.0001138 | LR: 0.000004
2025-08-08 11:39:18,344 - INFO - Epoch 484/1000 | Train Loss: 0.0001576 | Val Loss: 0.0001138 | LR: 0.000004
2025-08-08 11:40:49,685 - INFO - Epoch 485/1000 | Train Loss: 0.0001515 | Val Loss: 0.0001137 | LR: 0.000003
2025-08-08 11:42:21,228 - INFO - Epoch 486/1000 | Train Loss: 0.0001550 | Val Loss: 0.0001137 | LR: 0.000003
2025-08-08 11:43:52,526 - INFO - Epoch 487/1000 | Train Loss: 0.0001564 | Val Loss: 0.0001136 | LR: 0.000003
2025-08-08 11:43:53,228 - INFO - New best model saved to /jizhicfs/Prometheus/Triton4Earth_V2/Scenario_3_Ocean_stream/regional_agulhas_forcasting_0.125degree_daily/checkpoints/regional_agu_forcasting_025degree_daily_20250808_best_model.pth with validation loss: 0.0001136
2025-08-08 11:45:24,537 - INFO - Epoch 488/1000 | Train Loss: 0.0001539 | Val Loss: 0.0001136 | LR: 0.000002
2025-08-08 11:46:55,882 - INFO - Epoch 489/1000 | Train Loss: 0.0001593 | Val Loss: 0.0001136 | LR: 0.000002
2025-08-08 11:46:56,593 - INFO - New best model saved to /jizhicfs/Prometheus/Triton4Earth_V2/Scenario_3_Ocean_stream/regional_agulhas_forcasting_0.125degree_daily/checkpoints/regional_agu_forcasting_025degree_daily_20250808_best_model.pth with validation loss: 0.0001136
2025-08-08 11:48:27,892 - INFO - Epoch 490/1000 | Train Loss: 0.0001596 | Val Loss: 0.0001136 | LR: 0.000002
2025-08-08 11:49:59,221 - INFO - Epoch 491/1000 | Train Loss: 0.0001561 | Val Loss: 0.0001136 | LR: 0.000002
2025-08-08 11:49:59,946 - INFO - New best model saved to /jizhicfs/Prometheus/Triton4Earth_V2/Scenario_3_Ocean_stream/regional_agulhas_forcasting_0.125degree_daily/checkpoints/regional_agu_forcasting_025degree_daily_20250808_best_model.pth with validation loss: 0.0001136
2025-08-08 11:51:31,275 - INFO - Epoch 492/1000 | Train Loss: 0.0001583 | Val Loss: 0.0001136 | LR: 0.000002
2025-08-08 11:51:31,983 - INFO - New best model saved to /jizhicfs/Prometheus/Triton4Earth_V2/Scenario_3_Ocean_stream/regional_agulhas_forcasting_0.125degree_daily/checkpoints/regional_agu_forcasting_025degree_daily_20250808_best_model.pth with validation loss: 0.0001136
2025-08-08 11:53:03,326 - INFO - Epoch 493/1000 | Train Loss: 0.0001571 | Val Loss: 0.0001136 | LR: 0.000001
2025-08-08 11:54:34,630 - INFO - Epoch 494/1000 | Train Loss: 0.0001545 | Val Loss: 0.0001136 | LR: 0.000001
2025-08-08 11:56:05,935 - INFO - Epoch 495/1000 | Train Loss: 0.0001558 | Val Loss: 0.0001136 | LR: 0.000001
2025-08-08 11:57:37,264 - INFO - Epoch 496/1000 | Train Loss: 0.0001576 | Val Loss: 0.0001136 | LR: 0.000001
2025-08-08 11:59:08,602 - INFO - Epoch 497/1000 | Train Loss: 0.0001624 | Val Loss: 0.0001136 | LR: 0.000001
2025-08-08 12:00:39,906 - INFO - Epoch 498/1000 | Train Loss: 0.0001635 | Val Loss: 0.0001136 | LR: 0.000001
2025-08-08 12:02:11,237 - INFO - Epoch 499/1000 | Train Loss: 0.0001591 | Val Loss: 0.0001134 | LR: 0.000001
2025-08-08 12:02:11,957 - INFO - New best model saved to /jizhicfs/Prometheus/Triton4Earth_V2/Scenario_3_Ocean_stream/regional_agulhas_forcasting_0.125degree_daily/checkpoints/regional_agu_forcasting_025degree_daily_20250808_best_model.pth with validation loss: 0.0001134
2025-08-08 12:03:43,260 - INFO - Epoch 500/1000 | Train Loss: 0.0001551 | Val Loss: 0.0001137 | LR: 0.000001
2025-08-08 12:03:43,951 - INFO - Saved periodic checkpoint at epoch 500 to /jizhicfs/Prometheus/Triton4Earth_V2/Scenario_3_Ocean_stream/regional_agulhas_forcasting_0.125degree_daily/checkpoints/regional_agu_forcasting_025degree_daily_20250808_epoch_500.pth
2025-08-08 12:05:15,222 - INFO - Epoch 501/1000 | Train Loss: 0.0001553 | Val Loss: 0.0001136 | LR: 0.000001
2025-08-08 12:06:46,545 - INFO - Epoch 502/1000 | Train Loss: 0.0001596 | Val Loss: 0.0001136 | LR: 0.000001
2025-08-08 12:08:17,891 - INFO - Epoch 503/1000 | Train Loss: 0.0001572 | Val Loss: 0.0001136 | LR: 0.000001
2025-08-08 12:09:49,231 - INFO - Epoch 504/1000 | Train Loss: 0.0001548 | Val Loss: 0.0001136 | LR: 0.000001
2025-08-08 12:11:20,622 - INFO - Epoch 505/1000 | Train Loss: 0.0001555 | Val Loss: 0.0001136 | LR: 0.000001
2025-08-08 12:12:51,990 - INFO - Epoch 506/1000 | Train Loss: 0.0001560 | Val Loss: 0.0001135 | LR: 0.000001
2025-08-08 12:14:23,488 - INFO - Epoch 507/1000 | Train Loss: 0.0001568 | Val Loss: 0.0001136 | LR: 0.000001
2025-08-08 12:15:54,819 - INFO - Epoch 508/1000 | Train Loss: 0.0001567 | Val Loss: 0.0001135 | LR: 0.000002
2025-08-08 12:17:26,170 - INFO - Epoch 509/1000 | Train Loss: 0.0001518 | Val Loss: 0.0001135 | LR: 0.000002
2025-08-08 12:18:57,550 - INFO - Epoch 510/1000 | Train Loss: 0.0001582 | Val Loss: 0.0001135 | LR: 0.000002
2025-08-08 12:20:28,909 - INFO - Epoch 511/1000 | Train Loss: 0.0001583 | Val Loss: 0.0001135 | LR: 0.000002
2025-08-08 12:22:00,274 - INFO - Epoch 512/1000 | Train Loss: 0.0001597 | Val Loss: 0.0001135 | LR: 0.000002
2025-08-08 12:23:31,648 - INFO - Epoch 513/1000 | Train Loss: 0.0001583 | Val Loss: 0.0001136 | LR: 0.000003
2025-08-08 12:25:03,187 - INFO - Epoch 514/1000 | Train Loss: 0.0001584 | Val Loss: 0.0001135 | LR: 0.000003
2025-08-08 12:26:34,543 - INFO - Epoch 515/1000 | Train Loss: 0.0001553 | Val Loss: 0.0001136 | LR: 0.000003
2025-08-08 12:28:06,036 - INFO - Epoch 516/1000 | Train Loss: 0.0001580 | Val Loss: 0.0001136 | LR: 0.000004
2025-08-08 12:29:37,385 - INFO - Epoch 517/1000 | Train Loss: 0.0001548 | Val Loss: 0.0001134 | LR: 0.000004
2025-08-08 12:29:38,113 - INFO - New best model saved to /jizhicfs/Prometheus/Triton4Earth_V2/Scenario_3_Ocean_stream/regional_agulhas_forcasting_0.125degree_daily/checkpoints/regional_agu_forcasting_025degree_daily_20250808_best_model.pth with validation loss: 0.0001134
2025-08-08 12:31:09,448 - INFO - Epoch 518/1000 | Train Loss: 0.0001540 | Val Loss: 0.0001135 | LR: 0.000004
2025-08-08 12:32:40,814 - INFO - Epoch 519/1000 | Train Loss: 0.0001548 | Val Loss: 0.0001135 | LR: 0.000005
2025-08-08 12:34:12,143 - INFO - Epoch 520/1000 | Train Loss: 0.0001549 | Val Loss: 0.0001135 | LR: 0.000005
2025-08-08 12:35:43,466 - INFO - Epoch 521/1000 | Train Loss: 0.0001545 | Val Loss: 0.0001136 | LR: 0.000005
2025-08-08 12:37:14,869 - INFO - Epoch 522/1000 | Train Loss: 0.0001577 | Val Loss: 0.0001135 | LR: 0.000006
2025-08-08 12:38:46,201 - INFO - Epoch 523/1000 | Train Loss: 0.0001575 | Val Loss: 0.0001135 | LR: 0.000006
2025-08-08 12:40:17,553 - INFO - Epoch 524/1000 | Train Loss: 0.0001578 | Val Loss: 0.0001136 | LR: 0.000007
2025-08-08 12:41:48,860 - INFO - Epoch 525/1000 | Train Loss: 0.0001644 | Val Loss: 0.0001136 | LR: 0.000007
2025-08-08 12:43:20,225 - INFO - Epoch 526/1000 | Train Loss: 0.0001542 | Val Loss: 0.0001135 | LR: 0.000008
2025-08-08 12:44:51,785 - INFO - Epoch 527/1000 | Train Loss: 0.0001592 | Val Loss: 0.0001137 | LR: 0.000008
2025-08-08 12:46:23,145 - INFO - Epoch 528/1000 | Train Loss: 0.0001562 | Val Loss: 0.0001138 | LR: 0.000009
2025-08-08 12:47:54,501 - INFO - Epoch 529/1000 | Train Loss: 0.0001526 | Val Loss: 0.0001136 | LR: 0.000009
2025-08-08 12:49:25,916 - INFO - Epoch 530/1000 | Train Loss: 0.0001540 | Val Loss: 0.0001137 | LR: 0.000010
2025-08-08 12:50:57,249 - INFO - Epoch 531/1000 | Train Loss: 0.0001587 | Val Loss: 0.0001136 | LR: 0.000010
2025-08-08 12:52:28,600 - INFO - Epoch 532/1000 | Train Loss: 0.0001552 | Val Loss: 0.0001136 | LR: 0.000011
2025-08-08 12:53:59,942 - INFO - Epoch 533/1000 | Train Loss: 0.0001560 | Val Loss: 0.0001138 | LR: 0.000012
2025-08-08 12:55:31,333 - INFO - Epoch 534/1000 | Train Loss: 0.0001588 | Val Loss: 0.0001137 | LR: 0.000012
2025-08-08 12:57:02,935 - INFO - Epoch 535/1000 | Train Loss: 0.0001538 | Val Loss: 0.0001136 | LR: 0.000013
2025-08-08 12:58:34,293 - INFO - Epoch 536/1000 | Train Loss: 0.0001540 | Val Loss: 0.0001136 | LR: 0.000014
2025-08-08 13:00:05,610 - INFO - Epoch 537/1000 | Train Loss: 0.0001547 | Val Loss: 0.0001137 | LR: 0.000014
2025-08-08 13:01:37,086 - INFO - Epoch 538/1000 | Train Loss: 0.0001582 | Val Loss: 0.0001139 | LR: 0.000015
2025-08-08 13:03:08,398 - INFO - Epoch 539/1000 | Train Loss: 0.0001543 | Val Loss: 0.0001138 | LR: 0.000016
2025-08-08 13:04:39,722 - INFO - Epoch 540/1000 | Train Loss: 0.0001530 | Val Loss: 0.0001137 | LR: 0.000017
2025-08-08 13:06:11,051 - INFO - Epoch 541/1000 | Train Loss: 0.0001546 | Val Loss: 0.0001135 | LR: 0.000017
2025-08-08 13:07:42,376 - INFO - Epoch 542/1000 | Train Loss: 0.0001606 | Val Loss: 0.0001137 | LR: 0.000018
2025-08-08 13:09:13,788 - INFO - Epoch 543/1000 | Train Loss: 0.0001532 | Val Loss: 0.0001140 | LR: 0.000019
2025-08-08 13:10:45,149 - INFO - Epoch 544/1000 | Train Loss: 0.0001555 | Val Loss: 0.0001136 | LR: 0.000020
2025-08-08 13:12:16,500 - INFO - Epoch 545/1000 | Train Loss: 0.0001564 | Val Loss: 0.0001136 | LR: 0.000021
2025-08-08 13:13:47,845 - INFO - Epoch 546/1000 | Train Loss: 0.0001562 | Val Loss: 0.0001138 | LR: 0.000022
2025-08-08 13:15:19,182 - INFO - Epoch 547/1000 | Train Loss: 0.0001577 | Val Loss: 0.0001140 | LR: 0.000023
2025-08-08 13:16:50,569 - INFO - Epoch 548/1000 | Train Loss: 0.0001620 | Val Loss: 0.0001143 | LR: 0.000024
2025-08-08 13:18:21,902 - INFO - Epoch 549/1000 | Train Loss: 0.0001584 | Val Loss: 0.0001140 | LR: 0.000024
2025-08-08 13:19:53,229 - INFO - Epoch 550/1000 | Train Loss: 0.0001598 | Val Loss: 0.0001142 | LR: 0.000025
2025-08-08 13:21:24,753 - INFO - Epoch 551/1000 | Train Loss: 0.0001570 | Val Loss: 0.0001143 | LR: 0.000026
2025-08-08 13:22:56,270 - INFO - Epoch 552/1000 | Train Loss: 0.0001575 | Val Loss: 0.0001143 | LR: 0.000027
2025-08-08 13:24:27,618 - INFO - Epoch 553/1000 | Train Loss: 0.0001600 | Val Loss: 0.0001139 | LR: 0.000028
2025-08-08 13:25:58,969 - INFO - Epoch 554/1000 | Train Loss: 0.0001532 | Val Loss: 0.0001143 | LR: 0.000029
2025-08-08 13:27:30,329 - INFO - Epoch 555/1000 | Train Loss: 0.0001632 | Val Loss: 0.0001145 | LR: 0.000031
2025-08-08 13:29:01,663 - INFO - Epoch 556/1000 | Train Loss: 0.0001597 | Val Loss: 0.0001141 | LR: 0.000032
2025-08-08 13:30:33,007 - INFO - Epoch 557/1000 | Train Loss: 0.0001572 | Val Loss: 0.0001147 | LR: 0.000033
2025-08-08 13:32:04,413 - INFO - Epoch 558/1000 | Train Loss: 0.0001591 | Val Loss: 0.0001142 | LR: 0.000034
2025-08-08 13:33:35,817 - INFO - Epoch 559/1000 | Train Loss: 0.0001542 | Val Loss: 0.0001142 | LR: 0.000035
2025-08-08 13:35:07,143 - INFO - Epoch 560/1000 | Train Loss: 0.0001582 | Val Loss: 0.0001142 | LR: 0.000036
2025-08-08 13:36:38,525 - INFO - Epoch 561/1000 | Train Loss: 0.0001553 | Val Loss: 0.0001147 | LR: 0.000037
2025-08-08 13:38:09,895 - INFO - Epoch 562/1000 | Train Loss: 0.0001556 | Val Loss: 0.0001145 | LR: 0.000038
2025-08-08 13:39:41,268 - INFO - Epoch 563/1000 | Train Loss: 0.0001609 | Val Loss: 0.0001146 | LR: 0.000040
2025-08-08 13:41:12,621 - INFO - Epoch 564/1000 | Train Loss: 0.0001598 | Val Loss: 0.0001142 | LR: 0.000041
2025-08-08 13:42:44,240 - INFO - Epoch 565/1000 | Train Loss: 0.0001597 | Val Loss: 0.0001148 | LR: 0.000042
2025-08-08 13:44:15,611 - INFO - Epoch 566/1000 | Train Loss: 0.0001579 | Val Loss: 0.0001145 | LR: 0.000043
2025-08-08 13:45:46,913 - INFO - Epoch 567/1000 | Train Loss: 0.0001543 | Val Loss: 0.0001144 | LR: 0.000045
2025-08-08 13:47:18,234 - INFO - Epoch 568/1000 | Train Loss: 0.0001636 | Val Loss: 0.0001150 | LR: 0.000046
2025-08-08 13:48:49,565 - INFO - Epoch 569/1000 | Train Loss: 0.0001535 | Val Loss: 0.0001142 | LR: 0.000047
2025-08-08 13:50:20,946 - INFO - Epoch 570/1000 | Train Loss: 0.0001573 | Val Loss: 0.0001146 | LR: 0.000049
2025-08-08 13:51:52,212 - INFO - Epoch 571/1000 | Train Loss: 0.0001556 | Val Loss: 0.0001148 | LR: 0.000050
2025-08-08 13:53:23,560 - INFO - Epoch 572/1000 | Train Loss: 0.0001612 | Val Loss: 0.0001154 | LR: 0.000051
2025-08-08 13:54:54,994 - INFO - Epoch 573/1000 | Train Loss: 0.0001567 | Val Loss: 0.0001144 | LR: 0.000053
2025-08-08 13:56:26,313 - INFO - Epoch 574/1000 | Train Loss: 0.0001589 | Val Loss: 0.0001146 | LR: 0.000054
2025-08-08 13:57:57,637 - INFO - Epoch 575/1000 | Train Loss: 0.0001567 | Val Loss: 0.0001142 | LR: 0.000055
2025-08-08 13:59:28,965 - INFO - Epoch 576/1000 | Train Loss: 0.0001610 | Val Loss: 0.0001158 | LR: 0.000057
2025-08-08 14:01:00,226 - INFO - Epoch 577/1000 | Train Loss: 0.0001617 | Val Loss: 0.0001153 | LR: 0.000058
2025-08-08 14:02:31,799 - INFO - Epoch 578/1000 | Train Loss: 0.0001538 | Val Loss: 0.0001149 | LR: 0.000060
2025-08-08 14:04:03,108 - INFO - Epoch 579/1000 | Train Loss: 0.0001546 | Val Loss: 0.0001146 | LR: 0.000061
2025-08-08 14:05:34,600 - INFO - Epoch 580/1000 | Train Loss: 0.0001574 | Val Loss: 0.0001149 | LR: 0.000063
2025-08-08 14:07:05,943 - INFO - Epoch 581/1000 | Train Loss: 0.0001566 | Val Loss: 0.0001155 | LR: 0.000064
2025-08-08 14:08:37,327 - INFO - Epoch 582/1000 | Train Loss: 0.0001629 | Val Loss: 0.0001154 | LR: 0.000066
2025-08-08 14:10:08,949 - INFO - Epoch 583/1000 | Train Loss: 0.0001597 | Val Loss: 0.0001149 | LR: 0.000067
2025-08-08 14:11:40,303 - INFO - Epoch 584/1000 | Train Loss: 0.0001610 | Val Loss: 0.0001147 | LR: 0.000069
2025-08-08 14:13:11,791 - INFO - Epoch 585/1000 | Train Loss: 0.0001604 | Val Loss: 0.0001155 | LR: 0.000071
2025-08-08 14:14:43,138 - INFO - Epoch 586/1000 | Train Loss: 0.0001580 | Val Loss: 0.0001153 | LR: 0.000072
2025-08-08 14:16:14,547 - INFO - Epoch 587/1000 | Train Loss: 0.0001570 | Val Loss: 0.0001150 | LR: 0.000074
2025-08-08 14:17:45,862 - INFO - Epoch 588/1000 | Train Loss: 0.0001571 | Val Loss: 0.0001154 | LR: 0.000075
2025-08-08 14:19:17,178 - INFO - Epoch 589/1000 | Train Loss: 0.0001563 | Val Loss: 0.0001154 | LR: 0.000077
2025-08-08 14:20:48,624 - INFO - Epoch 590/1000 | Train Loss: 0.0001598 | Val Loss: 0.0001151 | LR: 0.000079
2025-08-08 14:22:19,977 - INFO - Epoch 591/1000 | Train Loss: 0.0001576 | Val Loss: 0.0001159 | LR: 0.000080
2025-08-08 14:23:51,383 - INFO - Epoch 592/1000 | Train Loss: 0.0001569 | Val Loss: 0.0001150 | LR: 0.000082
2025-08-08 14:25:22,736 - INFO - Epoch 593/1000 | Train Loss: 0.0001579 | Val Loss: 0.0001148 | LR: 0.000084
2025-08-08 14:26:54,072 - INFO - Epoch 594/1000 | Train Loss: 0.0001577 | Val Loss: 0.0001162 | LR: 0.000086
2025-08-08 14:28:25,510 - INFO - Epoch 595/1000 | Train Loss: 0.0001605 | Val Loss: 0.0001161 | LR: 0.000087
2025-08-08 14:29:56,892 - INFO - Epoch 596/1000 | Train Loss: 0.0001569 | Val Loss: 0.0001144 | LR: 0.000089
2025-08-08 14:31:28,164 - INFO - Epoch 597/1000 | Train Loss: 0.0001557 | Val Loss: 0.0001152 | LR: 0.000091
2025-08-08 14:32:59,573 - INFO - Epoch 598/1000 | Train Loss: 0.0001544 | Val Loss: 0.0001153 | LR: 0.000093
2025-08-08 14:34:30,914 - INFO - Epoch 599/1000 | Train Loss: 0.0001594 | Val Loss: 0.0001155 | LR: 0.000095
2025-08-08 14:36:02,234 - INFO - Epoch 600/1000 | Train Loss: 0.0001571 | Val Loss: 0.0001164 | LR: 0.000096
2025-08-08 14:36:02,960 - INFO - Saved periodic checkpoint at epoch 600 to /jizhicfs/Prometheus/Triton4Earth_V2/Scenario_3_Ocean_stream/regional_agulhas_forcasting_0.125degree_daily/checkpoints/regional_agu_forcasting_025degree_daily_20250808_epoch_600.pth
2025-08-08 14:37:34,246 - INFO - Epoch 601/1000 | Train Loss: 0.0001513 | Val Loss: 0.0001160 | LR: 0.000098
2025-08-08 14:39:05,540 - INFO - Epoch 602/1000 | Train Loss: 0.0001606 | Val Loss: 0.0001171 | LR: 0.000100
2025-08-08 14:40:36,926 - INFO - Epoch 603/1000 | Train Loss: 0.0001547 | Val Loss: 0.0001156 | LR: 0.000102
2025-08-08 14:42:08,255 - INFO - Epoch 604/1000 | Train Loss: 0.0001590 | Val Loss: 0.0001165 | LR: 0.000104
2025-08-08 14:43:39,605 - INFO - Epoch 605/1000 | Train Loss: 0.0001596 | Val Loss: 0.0001161 | LR: 0.000106
2025-08-08 14:45:10,957 - INFO - Epoch 606/1000 | Train Loss: 0.0001571 | Val Loss: 0.0001161 | LR: 0.000108
2025-08-08 14:46:42,265 - INFO - Epoch 607/1000 | Train Loss: 0.0001584 | Val Loss: 0.0001163 | LR: 0.000110
2025-08-08 14:48:13,619 - INFO - Epoch 608/1000 | Train Loss: 0.0001612 | Val Loss: 0.0001159 | LR: 0.000112
2025-08-08 14:49:44,931 - INFO - Epoch 609/1000 | Train Loss: 0.0001588 | Val Loss: 0.0001168 | LR: 0.000114
2025-08-08 14:51:16,414 - INFO - Epoch 610/1000 | Train Loss: 0.0001617 | Val Loss: 0.0001167 | LR: 0.000116
2025-08-08 14:52:47,702 - INFO - Epoch 611/1000 | Train Loss: 0.0001585 | Val Loss: 0.0001160 | LR: 0.000118
2025-08-08 14:54:19,029 - INFO - Epoch 612/1000 | Train Loss: 0.0001597 | Val Loss: 0.0001175 | LR: 0.000120
2025-08-08 14:55:50,333 - INFO - Epoch 613/1000 | Train Loss: 0.0001586 | Val Loss: 0.0001178 | LR: 0.000122
2025-08-08 14:57:21,647 - INFO - Epoch 614/1000 | Train Loss: 0.0001581 | Val Loss: 0.0001166 | LR: 0.000124
2025-08-08 14:58:52,983 - INFO - Epoch 615/1000 | Train Loss: 0.0001575 | Val Loss: 0.0001173 | LR: 0.000126
2025-08-08 15:00:24,286 - INFO - Epoch 616/1000 | Train Loss: 0.0001603 | Val Loss: 0.0001182 | LR: 0.000128
2025-08-08 15:01:55,607 - INFO - Epoch 617/1000 | Train Loss: 0.0001595 | Val Loss: 0.0001166 | LR: 0.000130
2025-08-08 15:03:27,269 - INFO - Epoch 618/1000 | Train Loss: 0.0001632 | Val Loss: 0.0001169 | LR: 0.000132
2025-08-08 15:04:58,610 - INFO - Epoch 619/1000 | Train Loss: 0.0001585 | Val Loss: 0.0001165 | LR: 0.000134
2025-08-08 15:06:29,909 - INFO - Epoch 620/1000 | Train Loss: 0.0001612 | Val Loss: 0.0001177 | LR: 0.000136
2025-08-08 15:08:01,454 - INFO - Epoch 621/1000 | Train Loss: 0.0001577 | Val Loss: 0.0001172 | LR: 0.000139
2025-08-08 15:09:32,902 - INFO - Epoch 622/1000 | Train Loss: 0.0001594 | Val Loss: 0.0001164 | LR: 0.000141
2025-08-08 15:11:04,253 - INFO - Epoch 623/1000 | Train Loss: 0.0001604 | Val Loss: 0.0001171 | LR: 0.000143
2025-08-08 15:12:35,608 - INFO - Epoch 624/1000 | Train Loss: 0.0001570 | Val Loss: 0.0001172 | LR: 0.000145
2025-08-08 15:14:07,062 - INFO - Epoch 625/1000 | Train Loss: 0.0001567 | Val Loss: 0.0001184 | LR: 0.000147
2025-08-08 15:15:38,539 - INFO - Epoch 626/1000 | Train Loss: 0.0001562 | Val Loss: 0.0001180 | LR: 0.000150
2025-08-08 15:17:09,970 - INFO - Epoch 627/1000 | Train Loss: 0.0001587 | Val Loss: 0.0001170 | LR: 0.000152
2025-08-08 15:18:41,326 - INFO - Epoch 628/1000 | Train Loss: 0.0001589 | Val Loss: 0.0001174 | LR: 0.000154
2025-08-08 15:20:12,722 - INFO - Epoch 629/1000 | Train Loss: 0.0001611 | Val Loss: 0.0001164 | LR: 0.000156
2025-08-08 15:21:44,089 - INFO - Epoch 630/1000 | Train Loss: 0.0001550 | Val Loss: 0.0001172 | LR: 0.000159
2025-08-08 15:23:15,479 - INFO - Epoch 631/1000 | Train Loss: 0.0001602 | Val Loss: 0.0001193 | LR: 0.000161
2025-08-08 15:24:47,054 - INFO - Epoch 632/1000 | Train Loss: 0.0001591 | Val Loss: 0.0001170 | LR: 0.000163
2025-08-08 15:26:18,411 - INFO - Epoch 633/1000 | Train Loss: 0.0001621 | Val Loss: 0.0001175 | LR: 0.000165
2025-08-08 15:27:49,772 - INFO - Epoch 634/1000 | Train Loss: 0.0001619 | Val Loss: 0.0001173 | LR: 0.000168
2025-08-08 15:29:21,472 - INFO - Epoch 635/1000 | Train Loss: 0.0001585 | Val Loss: 0.0001169 | LR: 0.000170
2025-08-08 15:30:52,834 - INFO - Epoch 636/1000 | Train Loss: 0.0001586 | Val Loss: 0.0001195 | LR: 0.000173
2025-08-08 15:32:24,188 - INFO - Epoch 637/1000 | Train Loss: 0.0001602 | Val Loss: 0.0001178 | LR: 0.000175
2025-08-08 15:33:55,571 - INFO - Epoch 638/1000 | Train Loss: 0.0001649 | Val Loss: 0.0001183 | LR: 0.000177
2025-08-08 15:35:26,957 - INFO - Epoch 639/1000 | Train Loss: 0.0001594 | Val Loss: 0.0001180 | LR: 0.000180
2025-08-08 15:36:58,432 - INFO - Epoch 640/1000 | Train Loss: 0.0001630 | Val Loss: 0.0001184 | LR: 0.000182
2025-08-08 15:38:29,835 - INFO - Epoch 641/1000 | Train Loss: 0.0001614 | Val Loss: 0.0001181 | LR: 0.000185
2025-08-08 15:40:01,357 - INFO - Epoch 642/1000 | Train Loss: 0.0001609 | Val Loss: 0.0001179 | LR: 0.000187
2025-08-08 15:41:32,751 - INFO - Epoch 643/1000 | Train Loss: 0.0001647 | Val Loss: 0.0001210 | LR: 0.000189
2025-08-08 15:43:05,566 - INFO - Epoch 644/1000 | Train Loss: 0.0001640 | Val Loss: 0.0001200 | LR: 0.000192
2025-08-08 15:44:36,916 - INFO - Epoch 645/1000 | Train Loss: 0.0001595 | Val Loss: 0.0001200 | LR: 0.000194
2025-08-08 15:46:08,247 - INFO - Epoch 646/1000 | Train Loss: 0.0001640 | Val Loss: 0.0001218 | LR: 0.000197
2025-08-08 15:47:39,619 - INFO - Epoch 647/1000 | Train Loss: 0.0001634 | Val Loss: 0.0001188 | LR: 0.000199
2025-08-08 15:49:10,928 - INFO - Epoch 648/1000 | Train Loss: 0.0001587 | Val Loss: 0.0001204 | LR: 0.000202
2025-08-08 15:50:42,283 - INFO - Epoch 649/1000 | Train Loss: 0.0001605 | Val Loss: 0.0001201 | LR: 0.000204
2025-08-08 15:52:13,750 - INFO - Epoch 650/1000 | Train Loss: 0.0001600 | Val Loss: 0.0001190 | LR: 0.000207
2025-08-08 15:53:57,608 - INFO - Epoch 651/1000 | Train Loss: 0.0001595 | Val Loss: 0.0001189 | LR: 0.000209
2025-08-08 15:55:28,950 - INFO - Epoch 652/1000 | Train Loss: 0.0001551 | Val Loss: 0.0001185 | LR: 0.000212
2025-08-08 15:57:00,289 - INFO - Epoch 653/1000 | Train Loss: 0.0001605 | Val Loss: 0.0001200 | LR: 0.000215
2025-08-08 15:58:31,760 - INFO - Epoch 654/1000 | Train Loss: 0.0001645 | Val Loss: 0.0001196 | LR: 0.000217
2025-08-08 16:00:03,164 - INFO - Epoch 655/1000 | Train Loss: 0.0001555 | Val Loss: 0.0001213 | LR: 0.000220
2025-08-08 16:01:34,531 - INFO - Epoch 656/1000 | Train Loss: 0.0001591 | Val Loss: 0.0001194 | LR: 0.000222
2025-08-08 16:03:05,857 - INFO - Epoch 657/1000 | Train Loss: 0.0001624 | Val Loss: 0.0001199 | LR: 0.000225
2025-08-08 16:04:37,216 - INFO - Epoch 658/1000 | Train Loss: 0.0001655 | Val Loss: 0.0001194 | LR: 0.000228
2025-08-08 16:06:08,588 - INFO - Epoch 659/1000 | Train Loss: 0.0001612 | Val Loss: 0.0001204 | LR: 0.000230
2025-08-08 16:07:39,941 - INFO - Epoch 660/1000 | Train Loss: 0.0001603 | Val Loss: 0.0001208 | LR: 0.000233
2025-08-08 16:09:11,313 - INFO - Epoch 661/1000 | Train Loss: 0.0001639 | Val Loss: 0.0001200 | LR: 0.000236
2025-08-08 16:10:42,699 - INFO - Epoch 662/1000 | Train Loss: 0.0001658 | Val Loss: 0.0001225 | LR: 0.000238
2025-08-08 16:12:14,165 - INFO - Epoch 663/1000 | Train Loss: 0.0001624 | Val Loss: 0.0001214 | LR: 0.000241
2025-08-08 16:13:45,488 - INFO - Epoch 664/1000 | Train Loss: 0.0001564 | Val Loss: 0.0001180 | LR: 0.000244
2025-08-08 16:15:16,934 - INFO - Epoch 665/1000 | Train Loss: 0.0001628 | Val Loss: 0.0001200 | LR: 0.000246
2025-08-08 16:16:48,311 - INFO - Epoch 666/1000 | Train Loss: 0.0001600 | Val Loss: 0.0001188 | LR: 0.000249
2025-08-08 16:18:19,741 - INFO - Epoch 667/1000 | Train Loss: 0.0001622 | Val Loss: 0.0001217 | LR: 0.000252
2025-08-08 16:19:52,445 - INFO - Epoch 668/1000 | Train Loss: 0.0001630 | Val Loss: 0.0001178 | LR: 0.000254
2025-08-08 16:21:23,790 - INFO - Epoch 669/1000 | Train Loss: 0.0001571 | Val Loss: 0.0001199 | LR: 0.000257
2025-08-08 16:22:55,194 - INFO - Epoch 670/1000 | Train Loss: 0.0001577 | Val Loss: 0.0001191 | LR: 0.000260
2025-08-08 16:24:26,588 - INFO - Epoch 671/1000 | Train Loss: 0.0001628 | Val Loss: 0.0001207 | LR: 0.000263
2025-08-08 16:25:57,977 - INFO - Epoch 672/1000 | Train Loss: 0.0001559 | Val Loss: 0.0001188 | LR: 0.000265
2025-08-08 16:27:29,354 - INFO - Epoch 673/1000 | Train Loss: 0.0001656 | Val Loss: 0.0001227 | LR: 0.000268
2025-08-08 16:29:00,716 - INFO - Epoch 674/1000 | Train Loss: 0.0001605 | Val Loss: 0.0001186 | LR: 0.000271
2025-08-08 16:30:32,229 - INFO - Epoch 675/1000 | Train Loss: 0.0001608 | Val Loss: 0.0001199 | LR: 0.000274
2025-08-08 16:32:04,891 - INFO - Epoch 676/1000 | Train Loss: 0.0001656 | Val Loss: 0.0001198 | LR: 0.000277
2025-08-08 16:33:36,212 - INFO - Epoch 677/1000 | Train Loss: 0.0001625 | Val Loss: 0.0001203 | LR: 0.000279
2025-08-08 16:35:07,552 - INFO - Epoch 678/1000 | Train Loss: 0.0001624 | Val Loss: 0.0001248 | LR: 0.000282
2025-08-08 16:36:38,906 - INFO - Epoch 679/1000 | Train Loss: 0.0001590 | Val Loss: 0.0001225 | LR: 0.000285
2025-08-08 16:38:10,349 - INFO - Epoch 680/1000 | Train Loss: 0.0001615 | Val Loss: 0.0001211 | LR: 0.000288
2025-08-08 16:39:42,942 - INFO - Epoch 681/1000 | Train Loss: 0.0001598 | Val Loss: 0.0001208 | LR: 0.000291
2025-08-08 16:41:14,326 - INFO - Epoch 682/1000 | Train Loss: 0.0001593 | Val Loss: 0.0001193 | LR: 0.000294
2025-08-08 16:42:45,733 - INFO - Epoch 683/1000 | Train Loss: 0.0001642 | Val Loss: 0.0001213 | LR: 0.000296
2025-08-08 16:44:17,108 - INFO - Epoch 684/1000 | Train Loss: 0.0001643 | Val Loss: 0.0001214 | LR: 0.000299
2025-08-08 16:45:48,497 - INFO - Epoch 685/1000 | Train Loss: 0.0001609 | Val Loss: 0.0001209 | LR: 0.000302
2025-08-08 16:47:19,841 - INFO - Epoch 686/1000 | Train Loss: 0.0001650 | Val Loss: 0.0001196 | LR: 0.000305
2025-08-08 16:48:51,245 - INFO - Epoch 687/1000 | Train Loss: 0.0001641 | Val Loss: 0.0001260 | LR: 0.000308
2025-08-08 16:50:22,834 - INFO - Epoch 688/1000 | Train Loss: 0.0001582 | Val Loss: 0.0001223 | LR: 0.000311
2025-08-08 16:51:54,201 - INFO - Epoch 689/1000 | Train Loss: 0.0001618 | Val Loss: 0.0001198 | LR: 0.000314
2025-08-08 16:53:25,556 - INFO - Epoch 690/1000 | Train Loss: 0.0001632 | Val Loss: 0.0001244 | LR: 0.000317
2025-08-08 16:54:56,909 - INFO - Epoch 691/1000 | Train Loss: 0.0001633 | Val Loss: 0.0001209 | LR: 0.000320
2025-08-08 16:56:28,233 - INFO - Epoch 692/1000 | Train Loss: 0.0001672 | Val Loss: 0.0001219 | LR: 0.000322
2025-08-08 16:57:59,659 - INFO - Epoch 693/1000 | Train Loss: 0.0001651 | Val Loss: 0.0001232 | LR: 0.000325
2025-08-08 16:59:31,056 - INFO - Epoch 694/1000 | Train Loss: 0.0001651 | Val Loss: 0.0001254 | LR: 0.000328
2025-08-08 17:01:02,392 - INFO - Epoch 695/1000 | Train Loss: 0.0001635 | Val Loss: 0.0001225 | LR: 0.000331
2025-08-08 17:02:33,774 - INFO - Epoch 696/1000 | Train Loss: 0.0001636 | Val Loss: 0.0001235 | LR: 0.000334
2025-08-08 17:04:05,137 - INFO - Epoch 697/1000 | Train Loss: 0.0001628 | Val Loss: 0.0001209 | LR: 0.000337
2025-08-08 17:05:36,456 - INFO - Epoch 698/1000 | Train Loss: 0.0001645 | Val Loss: 0.0001256 | LR: 0.000340
2025-08-08 17:07:07,914 - INFO - Epoch 699/1000 | Train Loss: 0.0001684 | Val Loss: 0.0001247 | LR: 0.000343
2025-08-08 17:08:39,284 - INFO - Epoch 700/1000 | Train Loss: 0.0001599 | Val Loss: 0.0001218 | LR: 0.000346
2025-08-08 17:08:39,985 - INFO - Saved periodic checkpoint at epoch 700 to /jizhicfs/Prometheus/Triton4Earth_V2/Scenario_3_Ocean_stream/regional_agulhas_forcasting_0.125degree_daily/checkpoints/regional_agu_forcasting_025degree_daily_20250808_epoch_700.pth
2025-08-08 17:10:11,602 - INFO - Epoch 701/1000 | Train Loss: 0.0001609 | Val Loss: 0.0001217 | LR: 0.000349
2025-08-08 17:11:42,944 - INFO - Epoch 702/1000 | Train Loss: 0.0001698 | Val Loss: 0.0001261 | LR: 0.000352
2025-08-08 17:13:14,279 - INFO - Epoch 703/1000 | Train Loss: 0.0001626 | Val Loss: 0.0001236 | LR: 0.000355
2025-08-08 17:14:45,632 - INFO - Epoch 704/1000 | Train Loss: 0.0001642 | Val Loss: 0.0001286 | LR: 0.000358
2025-08-08 17:16:16,975 - INFO - Epoch 705/1000 | Train Loss: 0.0001634 | Val Loss: 0.0001332 | LR: 0.000361
2025-08-08 17:17:48,480 - INFO - Epoch 706/1000 | Train Loss: 0.0001679 | Val Loss: 0.0001245 | LR: 0.000364
2025-08-08 17:19:19,852 - INFO - Epoch 707/1000 | Train Loss: 0.0001630 | Val Loss: 0.0001248 | LR: 0.000367
2025-08-08 17:20:51,188 - INFO - Epoch 708/1000 | Train Loss: 0.0001576 | Val Loss: 0.0001237 | LR: 0.000370
2025-08-08 17:22:22,602 - INFO - Epoch 709/1000 | Train Loss: 0.0001590 | Val Loss: 0.0001232 | LR: 0.000373
2025-08-08 17:23:53,890 - INFO - Epoch 710/1000 | Train Loss: 0.0001632 | Val Loss: 0.0001242 | LR: 0.000376
2025-08-08 17:25:25,217 - INFO - Epoch 711/1000 | Train Loss: 0.0001640 | Val Loss: 0.0001250 | LR: 0.000379
2025-08-08 17:26:56,529 - INFO - Epoch 712/1000 | Train Loss: 0.0001673 | Val Loss: 0.0001277 | LR: 0.000382
2025-08-08 17:28:27,876 - INFO - Epoch 713/1000 | Train Loss: 0.0001626 | Val Loss: 0.0001213 | LR: 0.000385
2025-08-08 17:29:59,223 - INFO - Epoch 714/1000 | Train Loss: 0.0001625 | Val Loss: 0.0001211 | LR: 0.000388
2025-08-08 17:31:30,594 - INFO - Epoch 715/1000 | Train Loss: 0.0001623 | Val Loss: 0.0001271 | LR: 0.000392
2025-08-08 17:33:02,108 - INFO - Epoch 716/1000 | Train Loss: 0.0001645 | Val Loss: 0.0001265 | LR: 0.000395
2025-08-08 17:34:33,383 - INFO - Epoch 717/1000 | Train Loss: 0.0001544 | Val Loss: 0.0001225 | LR: 0.000398
2025-08-08 17:36:04,720 - INFO - Epoch 718/1000 | Train Loss: 0.0001600 | Val Loss: 0.0001213 | LR: 0.000401
2025-08-08 17:37:36,069 - INFO - Epoch 719/1000 | Train Loss: 0.0001674 | Val Loss: 0.0001281 | LR: 0.000404
2025-08-08 17:39:07,429 - INFO - Epoch 720/1000 | Train Loss: 0.0001648 | Val Loss: 0.0001265 | LR: 0.000407
2025-08-08 17:40:38,725 - INFO - Epoch 721/1000 | Train Loss: 0.0001575 | Val Loss: 0.0001211 | LR: 0.000410
2025-08-08 17:42:10,037 - INFO - Epoch 722/1000 | Train Loss: 0.0001617 | Val Loss: 0.0001240 | LR: 0.000413
2025-08-08 17:43:41,372 - INFO - Epoch 723/1000 | Train Loss: 0.0001664 | Val Loss: 0.0001272 | LR: 0.000416
2025-08-08 17:45:12,773 - INFO - Epoch 724/1000 | Train Loss: 0.0001652 | Val Loss: 0.0001251 | LR: 0.000419
2025-08-08 17:46:44,064 - INFO - Epoch 725/1000 | Train Loss: 0.0001576 | Val Loss: 0.0001252 | LR: 0.000422
2025-08-08 17:48:15,468 - INFO - Epoch 726/1000 | Train Loss: 0.0001648 | Val Loss: 0.0001240 | LR: 0.000425
2025-08-08 17:49:46,805 - INFO - Epoch 727/1000 | Train Loss: 0.0001603 | Val Loss: 0.0001231 | LR: 0.000429
2025-08-08 17:51:18,634 - INFO - Epoch 728/1000 | Train Loss: 0.0001664 | Val Loss: 0.0001259 | LR: 0.000432
2025-08-08 17:52:50,287 - INFO - Epoch 729/1000 | Train Loss: 0.0001639 | Val Loss: 0.0001291 | LR: 0.000435
2025-08-08 17:54:21,585 - INFO - Epoch 730/1000 | Train Loss: 0.0001610 | Val Loss: 0.0001311 | LR: 0.000438
2025-08-08 17:55:52,957 - INFO - Epoch 731/1000 | Train Loss: 0.0001651 | Val Loss: 0.0001279 | LR: 0.000441
2025-08-08 17:57:24,515 - INFO - Epoch 732/1000 | Train Loss: 0.0001634 | Val Loss: 0.0001259 | LR: 0.000444
2025-08-08 17:58:56,066 - INFO - Epoch 733/1000 | Train Loss: 0.0001629 | Val Loss: 0.0001298 | LR: 0.000447
2025-08-08 18:00:27,575 - INFO - Epoch 734/1000 | Train Loss: 0.0001674 | Val Loss: 0.0001207 | LR: 0.000450
2025-08-08 18:01:58,888 - INFO - Epoch 735/1000 | Train Loss: 0.0001699 | Val Loss: 0.0001251 | LR: 0.000453
2025-08-08 18:03:30,252 - INFO - Epoch 736/1000 | Train Loss: 0.0001638 | Val Loss: 0.0001240 | LR: 0.000457
2025-08-08 18:05:01,996 - INFO - Epoch 737/1000 | Train Loss: 0.0001606 | Val Loss: 0.0001351 | LR: 0.000460
2025-08-08 18:06:33,363 - INFO - Epoch 738/1000 | Train Loss: 0.0001695 | Val Loss: 0.0001279 | LR: 0.000463
2025-08-08 18:08:04,667 - INFO - Epoch 739/1000 | Train Loss: 0.0001613 | Val Loss: 0.0001236 | LR: 0.000466
2025-08-08 18:09:35,993 - INFO - Epoch 740/1000 | Train Loss: 0.0001660 | Val Loss: 0.0001254 | LR: 0.000469
2025-08-08 18:11:07,373 - INFO - Epoch 741/1000 | Train Loss: 0.0001655 | Val Loss: 0.0001276 | LR: 0.000472
2025-08-08 18:12:38,799 - INFO - Epoch 742/1000 | Train Loss: 0.0001556 | Val Loss: 0.0001254 | LR: 0.000475
2025-08-08 18:14:10,154 - INFO - Epoch 743/1000 | Train Loss: 0.0001622 | Val Loss: 0.0001295 | LR: 0.000479
2025-08-08 18:15:41,480 - INFO - Epoch 744/1000 | Train Loss: 0.0001715 | Val Loss: 0.0001287 | LR: 0.000482
2025-08-08 18:17:12,901 - INFO - Epoch 745/1000 | Train Loss: 0.0001631 | Val Loss: 0.0001255 | LR: 0.000485
2025-08-08 18:18:44,248 - INFO - Epoch 746/1000 | Train Loss: 0.0001651 | Val Loss: 0.0001248 | LR: 0.000488
2025-08-08 18:20:15,705 - INFO - Epoch 747/1000 | Train Loss: 0.0001631 | Val Loss: 0.0001266 | LR: 0.000491
2025-08-08 18:21:47,062 - INFO - Epoch 748/1000 | Train Loss: 0.0001654 | Val Loss: 0.0001349 | LR: 0.000494
2025-08-08 18:23:18,382 - INFO - Epoch 749/1000 | Train Loss: 0.0001610 | Val Loss: 0.0001265 | LR: 0.000497
2025-08-08 18:24:49,736 - INFO - Epoch 750/1000 | Train Loss: 0.0001641 | Val Loss: 0.0001280 | LR: 0.000501
2025-08-08 18:26:21,175 - INFO - Epoch 751/1000 | Train Loss: 0.0001627 | Val Loss: 0.0001265 | LR: 0.000504
2025-08-08 18:27:52,499 - INFO - Epoch 752/1000 | Train Loss: 0.0001641 | Val Loss: 0.0001313 | LR: 0.000507
2025-08-08 18:29:23,863 - INFO - Epoch 753/1000 | Train Loss: 0.0001654 | Val Loss: 0.0001252 | LR: 0.000510
2025-08-08 18:30:55,195 - INFO - Epoch 754/1000 | Train Loss: 0.0001684 | Val Loss: 0.0001325 | LR: 0.000513
2025-08-08 18:32:26,503 - INFO - Epoch 755/1000 | Train Loss: 0.0001625 | Val Loss: 0.0001301 | LR: 0.000516
2025-08-08 18:33:57,851 - INFO - Epoch 756/1000 | Train Loss: 0.0001640 | Val Loss: 0.0001253 | LR: 0.000519
2025-08-08 18:35:29,201 - INFO - Epoch 757/1000 | Train Loss: 0.0001630 | Val Loss: 0.0001262 | LR: 0.000522
2025-08-08 18:37:00,509 - INFO - Epoch 758/1000 | Train Loss: 0.0001637 | Val Loss: 0.0001282 | LR: 0.000526
2025-08-08 18:38:31,813 - INFO - Epoch 759/1000 | Train Loss: 0.0001617 | Val Loss: 0.0001258 | LR: 0.000529
2025-08-08 18:40:03,101 - INFO - Epoch 760/1000 | Train Loss: 0.0001631 | Val Loss: 0.0001271 | LR: 0.000532
2025-08-08 18:41:34,527 - INFO - Epoch 761/1000 | Train Loss: 0.0001609 | Val Loss: 0.0001245 | LR: 0.000535
2025-08-08 18:43:05,853 - INFO - Epoch 762/1000 | Train Loss: 0.0001590 | Val Loss: 0.0001261 | LR: 0.000538
2025-08-08 18:44:37,371 - INFO - Epoch 763/1000 | Train Loss: 0.0001656 | Val Loss: 0.0001305 | LR: 0.000541
2025-08-08 18:46:08,686 - INFO - Epoch 764/1000 | Train Loss: 0.0001699 | Val Loss: 0.0001314 | LR: 0.000544
2025-08-08 18:47:39,992 - INFO - Epoch 765/1000 | Train Loss: 0.0001622 | Val Loss: 0.0001299 | LR: 0.000548
2025-08-08 18:49:11,418 - INFO - Epoch 766/1000 | Train Loss: 0.0001624 | Val Loss: 0.0001267 | LR: 0.000551
2025-08-08 18:50:42,749 - INFO - Epoch 767/1000 | Train Loss: 0.0001701 | Val Loss: 0.0001360 | LR: 0.000554
2025-08-08 18:52:14,038 - INFO - Epoch 768/1000 | Train Loss: 0.0001636 | Val Loss: 0.0001275 | LR: 0.000557
2025-08-08 18:53:45,336 - INFO - Epoch 769/1000 | Train Loss: 0.0001652 | Val Loss: 0.0001341 | LR: 0.000560
2025-08-08 18:55:16,699 - INFO - Epoch 770/1000 | Train Loss: 0.0001629 | Val Loss: 0.0001267 | LR: 0.000563
2025-08-08 18:56:48,031 - INFO - Epoch 771/1000 | Train Loss: 0.0001702 | Val Loss: 0.0001307 | LR: 0.000566
2025-08-08 18:58:19,348 - INFO - Epoch 772/1000 | Train Loss: 0.0001603 | Val Loss: 0.0001312 | LR: 0.000569
2025-08-08 18:59:50,700 - INFO - Epoch 773/1000 | Train Loss: 0.0001647 | Val Loss: 0.0001275 | LR: 0.000572
2025-08-08 19:01:22,057 - INFO - Epoch 774/1000 | Train Loss: 0.0001684 | Val Loss: 0.0001363 | LR: 0.000576
2025-08-08 19:02:53,354 - INFO - Epoch 775/1000 | Train Loss: 0.0001686 | Val Loss: 0.0001379 | LR: 0.000579
2025-08-08 19:04:24,709 - INFO - Epoch 776/1000 | Train Loss: 0.0001615 | Val Loss: 0.0001282 | LR: 0.000582
2025-08-08 19:05:56,150 - INFO - Epoch 777/1000 | Train Loss: 0.0001690 | Val Loss: 0.0001344 | LR: 0.000585
2025-08-08 19:07:27,475 - INFO - Epoch 778/1000 | Train Loss: 0.0001615 | Val Loss: 0.0001310 | LR: 0.000588
2025-08-08 19:08:59,150 - INFO - Epoch 779/1000 | Train Loss: 0.0001635 | Val Loss: 0.0001306 | LR: 0.000591
2025-08-08 19:10:30,523 - INFO - Epoch 780/1000 | Train Loss: 0.0001698 | Val Loss: 0.0001307 | LR: 0.000594
2025-08-08 19:12:01,904 - INFO - Epoch 781/1000 | Train Loss: 0.0001611 | Val Loss: 0.0001282 | LR: 0.000597
2025-08-08 19:13:33,262 - INFO - Epoch 782/1000 | Train Loss: 0.0001655 | Val Loss: 0.0001328 | LR: 0.000600
2025-08-08 19:15:04,588 - INFO - Epoch 783/1000 | Train Loss: 0.0001647 | Val Loss: 0.0001286 | LR: 0.000603
2025-08-08 19:16:35,927 - INFO - Epoch 784/1000 | Train Loss: 0.0001622 | Val Loss: 0.0001311 | LR: 0.000606
2025-08-08 19:18:07,272 - INFO - Epoch 785/1000 | Train Loss: 0.0001563 | Val Loss: 0.0001253 | LR: 0.000609
2025-08-08 19:19:38,637 - INFO - Epoch 786/1000 | Train Loss: 0.0001627 | Val Loss: 0.0001336 | LR: 0.000613
2025-08-08 19:21:10,133 - INFO - Epoch 787/1000 | Train Loss: 0.0001710 | Val Loss: 0.0001373 | LR: 0.000616
2025-08-08 19:22:41,463 - INFO - Epoch 788/1000 | Train Loss: 0.0001629 | Val Loss: 0.0001366 | LR: 0.000619
2025-08-08 19:24:12,770 - INFO - Epoch 789/1000 | Train Loss: 0.0001635 | Val Loss: 0.0001312 | LR: 0.000622
2025-08-08 19:25:44,100 - INFO - Epoch 790/1000 | Train Loss: 0.0001649 | Val Loss: 0.0001332 | LR: 0.000625
2025-08-08 19:27:15,429 - INFO - Epoch 791/1000 | Train Loss: 0.0001710 | Val Loss: 0.0001310 | LR: 0.000628
2025-08-08 19:28:46,796 - INFO - Epoch 792/1000 | Train Loss: 0.0001634 | Val Loss: 0.0001284 | LR: 0.000631
2025-08-08 19:30:18,114 - INFO - Epoch 793/1000 | Train Loss: 0.0001665 | Val Loss: 0.0001393 | LR: 0.000634
2025-08-08 19:31:49,473 - INFO - Epoch 794/1000 | Train Loss: 0.0001581 | Val Loss: 0.0001275 | LR: 0.000637
2025-08-08 19:33:20,800 - INFO - Epoch 795/1000 | Train Loss: 0.0001674 | Val Loss: 0.0001266 | LR: 0.000640
2025-08-08 19:34:52,077 - INFO - Epoch 796/1000 | Train Loss: 0.0001616 | Val Loss: 0.0001277 | LR: 0.000643
2025-08-08 19:36:23,400 - INFO - Epoch 797/1000 | Train Loss: 0.0001636 | Val Loss: 0.0001264 | LR: 0.000646
2025-08-08 19:37:54,694 - INFO - Epoch 798/1000 | Train Loss: 0.0001613 | Val Loss: 0.0001289 | LR: 0.000649
2025-08-08 19:39:26,072 - INFO - Epoch 799/1000 | Train Loss: 0.0001626 | Val Loss: 0.0001251 | LR: 0.000652
2025-08-08 19:40:57,354 - INFO - Epoch 800/1000 | Train Loss: 0.0001599 | Val Loss: 0.0001305 | LR: 0.000655
2025-08-08 19:40:58,048 - INFO - Saved periodic checkpoint at epoch 800 to /jizhicfs/Prometheus/Triton4Earth_V2/Scenario_3_Ocean_stream/regional_agulhas_forcasting_0.125degree_daily/checkpoints/regional_agu_forcasting_025degree_daily_20250808_epoch_800.pth
2025-08-08 19:42:29,370 - INFO - Epoch 801/1000 | Train Loss: 0.0001576 | Val Loss: 0.0001303 | LR: 0.000658
2025-08-08 19:44:00,667 - INFO - Epoch 802/1000 | Train Loss: 0.0001635 | Val Loss: 0.0001423 | LR: 0.000661
2025-08-08 19:45:31,998 - INFO - Epoch 803/1000 | Train Loss: 0.0001665 | Val Loss: 0.0001327 | LR: 0.000664
2025-08-08 19:47:03,309 - INFO - Epoch 804/1000 | Train Loss: 0.0001678 | Val Loss: 0.0001313 | LR: 0.000667
2025-08-08 19:48:34,606 - INFO - Epoch 805/1000 | Train Loss: 0.0001556 | Val Loss: 0.0001312 | LR: 0.000670
2025-08-08 19:50:05,985 - INFO - Epoch 806/1000 | Train Loss: 0.0001661 | Val Loss: 0.0001324 | LR: 0.000673
2025-08-08 19:51:37,340 - INFO - Epoch 807/1000 | Train Loss: 0.0001657 | Val Loss: 0.0001273 | LR: 0.000676
2025-08-08 19:53:08,641 - INFO - Epoch 808/1000 | Train Loss: 0.0001575 | Val Loss: 0.0001250 | LR: 0.000679
2025-08-08 19:54:39,963 - INFO - Epoch 809/1000 | Train Loss: 0.0001613 | Val Loss: 0.0001339 | LR: 0.000681
2025-08-08 19:56:11,307 - INFO - Epoch 810/1000 | Train Loss: 0.0001671 | Val Loss: 0.0001319 | LR: 0.000684
2025-08-08 19:57:42,771 - INFO - Epoch 811/1000 | Train Loss: 0.0001595 | Val Loss: 0.0001304 | LR: 0.000687
2025-08-08 19:59:14,118 - INFO - Epoch 812/1000 | Train Loss: 0.0001662 | Val Loss: 0.0001305 | LR: 0.000690
2025-08-08 20:00:45,508 - INFO - Epoch 813/1000 | Train Loss: 0.0001568 | Val Loss: 0.0001315 | LR: 0.000693
2025-08-08 20:02:16,851 - INFO - Epoch 814/1000 | Train Loss: 0.0001630 | Val Loss: 0.0001326 | LR: 0.000696
2025-08-08 20:03:47,998 - INFO - Epoch 815/1000 | Train Loss: 0.0001640 | Val Loss: 0.0001377 | LR: 0.000699
2025-08-08 20:05:19,308 - INFO - Epoch 816/1000 | Train Loss: 0.0001628 | Val Loss: 0.0001402 | LR: 0.000702
2025-08-08 20:06:50,737 - INFO - Epoch 817/1000 | Train Loss: 0.0001662 | Val Loss: 0.0001371 | LR: 0.000705
2025-08-08 20:08:22,134 - INFO - Epoch 818/1000 | Train Loss: 0.0001650 | Val Loss: 0.0001338 | LR: 0.000707
2025-08-08 20:09:53,562 - INFO - Epoch 819/1000 | Train Loss: 0.0001601 | Val Loss: 0.0001244 | LR: 0.000710
2025-08-08 20:11:25,004 - INFO - Epoch 820/1000 | Train Loss: 0.0001663 | Val Loss: 0.0001392 | LR: 0.000713
2025-08-08 20:12:56,431 - INFO - Epoch 821/1000 | Train Loss: 0.0001705 | Val Loss: 0.0001274 | LR: 0.000716
2025-08-08 20:14:27,799 - INFO - Epoch 822/1000 | Train Loss: 0.0001640 | Val Loss: 0.0001285 | LR: 0.000719
2025-08-08 20:15:59,202 - INFO - Epoch 823/1000 | Train Loss: 0.0001584 | Val Loss: 0.0001317 | LR: 0.000722
2025-08-08 20:17:30,811 - INFO - Epoch 824/1000 | Train Loss: 0.0001553 | Val Loss: 0.0001324 | LR: 0.000724
2025-08-08 20:19:02,177 - INFO - Epoch 825/1000 | Train Loss: 0.0001606 | Val Loss: 0.0001259 | LR: 0.000727
2025-08-08 20:20:33,766 - INFO - Epoch 826/1000 | Train Loss: 0.0001592 | Val Loss: 0.0001289 | LR: 0.000730
2025-08-08 20:22:05,088 - INFO - Epoch 827/1000 | Train Loss: 0.0001630 | Val Loss: 0.0001324 | LR: 0.000733
2025-08-08 20:23:36,648 - INFO - Epoch 828/1000 | Train Loss: 0.0001551 | Val Loss: 0.0001229 | LR: 0.000736
2025-08-08 20:25:08,193 - INFO - Epoch 829/1000 | Train Loss: 0.0001642 | Val Loss: 0.0001259 | LR: 0.000738
2025-08-08 20:26:39,497 - INFO - Epoch 830/1000 | Train Loss: 0.0001653 | Val Loss: 0.0001345 | LR: 0.000741
2025-08-08 20:28:10,954 - INFO - Epoch 831/1000 | Train Loss: 0.0001636 | Val Loss: 0.0001288 | LR: 0.000744
2025-08-08 20:29:42,291 - INFO - Epoch 832/1000 | Train Loss: 0.0001633 | Val Loss: 0.0001338 | LR: 0.000747
2025-08-08 20:31:13,708 - INFO - Epoch 833/1000 | Train Loss: 0.0001571 | Val Loss: 0.0001293 | LR: 0.000749
2025-08-08 20:32:45,213 - INFO - Epoch 834/1000 | Train Loss: 0.0001656 | Val Loss: 0.0001341 | LR: 0.000752
2025-08-08 20:34:16,616 - INFO - Epoch 835/1000 | Train Loss: 0.0001613 | Val Loss: 0.0001384 | LR: 0.000755
2025-08-08 20:35:47,977 - INFO - Epoch 836/1000 | Train Loss: 0.0001639 | Val Loss: 0.0001355 | LR: 0.000757
2025-08-08 20:37:19,317 - INFO - Epoch 837/1000 | Train Loss: 0.0001590 | Val Loss: 0.0001280 | LR: 0.000760
2025-08-08 20:38:50,649 - INFO - Epoch 838/1000 | Train Loss: 0.0001526 | Val Loss: 0.0001285 | LR: 0.000763
2025-08-08 20:40:22,013 - INFO - Epoch 839/1000 | Train Loss: 0.0001600 | Val Loss: 0.0001400 | LR: 0.000765
2025-08-08 20:41:53,381 - INFO - Epoch 840/1000 | Train Loss: 0.0001599 | Val Loss: 0.0001309 | LR: 0.000768
2025-08-08 20:43:24,752 - INFO - Epoch 841/1000 | Train Loss: 0.0001601 | Val Loss: 0.0001293 | LR: 0.000771
2025-08-08 20:44:56,279 - INFO - Epoch 842/1000 | Train Loss: 0.0001587 | Val Loss: 0.0001230 | LR: 0.000773
2025-08-08 20:46:27,888 - INFO - Epoch 843/1000 | Train Loss: 0.0001618 | Val Loss: 0.0001269 | LR: 0.000776
2025-08-08 20:47:59,415 - INFO - Epoch 844/1000 | Train Loss: 0.0001537 | Val Loss: 0.0001229 | LR: 0.000779
2025-08-08 20:49:30,791 - INFO - Epoch 845/1000 | Train Loss: 0.0001604 | Val Loss: 0.0001266 | LR: 0.000781
2025-08-08 20:51:02,083 - INFO - Epoch 846/1000 | Train Loss: 0.0001580 | Val Loss: 0.0001436 | LR: 0.000784
2025-08-08 20:52:33,405 - INFO - Epoch 847/1000 | Train Loss: 0.0001614 | Val Loss: 0.0001249 | LR: 0.000786
2025-08-08 20:54:04,906 - INFO - Epoch 848/1000 | Train Loss: 0.0001595 | Val Loss: 0.0001268 | LR: 0.000789
2025-08-08 20:55:36,260 - INFO - Epoch 849/1000 | Train Loss: 0.0001651 | Val Loss: 0.0001277 | LR: 0.000792
2025-08-08 20:57:07,590 - INFO - Epoch 850/1000 | Train Loss: 0.0001568 | Val Loss: 0.0001264 | LR: 0.000794
2025-08-08 20:58:39,087 - INFO - Epoch 851/1000 | Train Loss: 0.0001641 | Val Loss: 0.0001256 | LR: 0.000797
2025-08-08 21:00:10,481 - INFO - Epoch 852/1000 | Train Loss: 0.0001568 | Val Loss: 0.0001232 | LR: 0.000799
2025-08-08 21:01:41,820 - INFO - Epoch 853/1000 | Train Loss: 0.0001514 | Val Loss: 0.0001253 | LR: 0.000802
2025-08-08 21:03:13,186 - INFO - Epoch 854/1000 | Train Loss: 0.0001577 | Val Loss: 0.0001225 | LR: 0.000804
2025-08-08 21:04:44,569 - INFO - Epoch 855/1000 | Train Loss: 0.0001591 | Val Loss: 0.0001318 | LR: 0.000807
2025-08-08 21:06:16,141 - INFO - Epoch 856/1000 | Train Loss: 0.0001581 | Val Loss: 0.0001295 | LR: 0.000809
2025-08-08 21:07:47,642 - INFO - Epoch 857/1000 | Train Loss: 0.0001625 | Val Loss: 0.0001324 | LR: 0.000812
2025-08-08 21:09:19,007 - INFO - Epoch 858/1000 | Train Loss: 0.0001607 | Val Loss: 0.0001334 | LR: 0.000814
2025-08-08 21:10:50,359 - INFO - Epoch 859/1000 | Train Loss: 0.0001592 | Val Loss: 0.0001302 | LR: 0.000816
2025-08-08 21:12:21,897 - INFO - Epoch 860/1000 | Train Loss: 0.0001528 | Val Loss: 0.0001214 | LR: 0.000819
2025-08-08 21:13:53,284 - INFO - Epoch 861/1000 | Train Loss: 0.0001559 | Val Loss: 0.0001360 | LR: 0.000821
2025-08-08 21:15:24,719 - INFO - Epoch 862/1000 | Train Loss: 0.0001583 | Val Loss: 0.0001410 | LR: 0.000824
2025-08-08 21:16:56,009 - INFO - Epoch 863/1000 | Train Loss: 0.0001571 | Val Loss: 0.0001272 | LR: 0.000826
2025-08-08 21:18:27,461 - INFO - Epoch 864/1000 | Train Loss: 0.0001488 | Val Loss: 0.0001247 | LR: 0.000828
2025-08-08 21:19:58,978 - INFO - Epoch 865/1000 | Train Loss: 0.0001591 | Val Loss: 0.0001239 | LR: 0.000831
2025-08-08 21:21:30,320 - INFO - Epoch 866/1000 | Train Loss: 0.0001574 | Val Loss: 0.0001267 | LR: 0.000833
2025-08-08 21:23:01,706 - INFO - Epoch 867/1000 | Train Loss: 0.0001522 | Val Loss: 0.0001275 | LR: 0.000836
2025-08-08 21:24:33,054 - INFO - Epoch 868/1000 | Train Loss: 0.0001570 | Val Loss: 0.0001268 | LR: 0.000838
2025-08-08 21:26:04,393 - INFO - Epoch 869/1000 | Train Loss: 0.0001592 | Val Loss: 0.0001259 | LR: 0.000840
2025-08-08 21:27:35,712 - INFO - Epoch 870/1000 | Train Loss: 0.0001596 | Val Loss: 0.0001301 | LR: 0.000842
2025-08-08 21:29:07,294 - INFO - Epoch 871/1000 | Train Loss: 0.0001571 | Val Loss: 0.0001277 | LR: 0.000845
2025-08-08 21:30:38,625 - INFO - Epoch 872/1000 | Train Loss: 0.0001556 | Val Loss: 0.0001249 | LR: 0.000847
2025-08-08 21:32:09,964 - INFO - Epoch 873/1000 | Train Loss: 0.0001620 | Val Loss: 0.0001309 | LR: 0.000849
2025-08-08 21:33:41,291 - INFO - Epoch 874/1000 | Train Loss: 0.0001516 | Val Loss: 0.0001222 | LR: 0.000851
2025-08-08 21:35:12,618 - INFO - Epoch 875/1000 | Train Loss: 0.0001554 | Val Loss: 0.0001322 | LR: 0.000854
2025-08-08 21:36:43,930 - INFO - Epoch 876/1000 | Train Loss: 0.0001537 | Val Loss: 0.0001263 | LR: 0.000856
2025-08-08 21:38:15,284 - INFO - Epoch 877/1000 | Train Loss: 0.0001547 | Val Loss: 0.0001298 | LR: 0.000858
2025-08-08 21:39:46,635 - INFO - Epoch 878/1000 | Train Loss: 0.0001545 | Val Loss: 0.0001330 | LR: 0.000860
2025-08-08 21:41:18,133 - INFO - Epoch 879/1000 | Train Loss: 0.0001525 | Val Loss: 0.0001258 | LR: 0.000862
2025-08-08 21:42:49,536 - INFO - Epoch 880/1000 | Train Loss: 0.0001564 | Val Loss: 0.0001287 | LR: 0.000865
2025-08-08 21:44:20,892 - INFO - Epoch 881/1000 | Train Loss: 0.0001596 | Val Loss: 0.0001183 | LR: 0.000867
2025-08-08 21:45:52,225 - INFO - Epoch 882/1000 | Train Loss: 0.0001559 | Val Loss: 0.0001291 | LR: 0.000869
2025-08-08 21:47:23,560 - INFO - Epoch 883/1000 | Train Loss: 0.0001574 | Val Loss: 0.0001222 | LR: 0.000871
2025-08-08 21:48:54,895 - INFO - Epoch 884/1000 | Train Loss: 0.0001520 | Val Loss: 0.0001194 | LR: 0.000873
2025-08-08 21:50:26,275 - INFO - Epoch 885/1000 | Train Loss: 0.0001509 | Val Loss: 0.0001336 | LR: 0.000875
2025-08-08 21:51:57,799 - INFO - Epoch 886/1000 | Train Loss: 0.0001529 | Val Loss: 0.0001269 | LR: 0.000877
2025-08-08 21:53:29,104 - INFO - Epoch 887/1000 | Train Loss: 0.0001480 | Val Loss: 0.0001183 | LR: 0.000879
2025-08-08 21:55:00,367 - INFO - Epoch 888/1000 | Train Loss: 0.0001510 | Val Loss: 0.0001236 | LR: 0.000881
2025-08-08 21:56:31,710 - INFO - Epoch 889/1000 | Train Loss: 0.0001525 | Val Loss: 0.0001274 | LR: 0.000883
2025-08-08 21:58:03,050 - INFO - Epoch 890/1000 | Train Loss: 0.0001510 | Val Loss: 0.0001272 | LR: 0.000885
2025-08-08 21:59:34,380 - INFO - Epoch 891/1000 | Train Loss: 0.0001559 | Val Loss: 0.0001282 | LR: 0.000887
2025-08-08 22:01:05,729 - INFO - Epoch 892/1000 | Train Loss: 0.0001529 | Val Loss: 0.0001244 | LR: 0.000889
2025-08-08 22:02:37,344 - INFO - Epoch 893/1000 | Train Loss: 0.0001541 | Val Loss: 0.0001255 | LR: 0.000891
2025-08-08 22:04:08,759 - INFO - Epoch 894/1000 | Train Loss: 0.0001549 | Val Loss: 0.0001261 | LR: 0.000893
2025-08-08 22:05:40,162 - INFO - Epoch 895/1000 | Train Loss: 0.0001538 | Val Loss: 0.0001178 | LR: 0.000895
2025-08-08 22:07:11,502 - INFO - Epoch 896/1000 | Train Loss: 0.0001465 | Val Loss: 0.0001190 | LR: 0.000897
2025-08-08 22:08:42,893 - INFO - Epoch 897/1000 | Train Loss: 0.0001526 | Val Loss: 0.0001259 | LR: 0.000899
2025-08-08 22:10:14,237 - INFO - Epoch 898/1000 | Train Loss: 0.0001541 | Val Loss: 0.0001259 | LR: 0.000901
2025-08-08 22:11:45,760 - INFO - Epoch 899/1000 | Train Loss: 0.0001490 | Val Loss: 0.0001179 | LR: 0.000903
2025-08-08 22:13:17,136 - INFO - Epoch 900/1000 | Train Loss: 0.0001477 | Val Loss: 0.0001170 | LR: 0.000905
2025-08-08 22:13:17,838 - INFO - Saved periodic checkpoint at epoch 900 to /jizhicfs/Prometheus/Triton4Earth_V2/Scenario_3_Ocean_stream/regional_agulhas_forcasting_0.125degree_daily/checkpoints/regional_agu_forcasting_025degree_daily_20250808_epoch_900.pth
2025-08-08 22:14:49,140 - INFO - Epoch 901/1000 | Train Loss: 0.0001467 | Val Loss: 0.0001245 | LR: 0.000906
2025-08-08 22:16:20,503 - INFO - Epoch 902/1000 | Train Loss: 0.0001456 | Val Loss: 0.0001171 | LR: 0.000908
2025-08-08 22:17:51,916 - INFO - Epoch 903/1000 | Train Loss: 0.0001471 | Val Loss: 0.0001211 | LR: 0.000910
2025-08-08 22:19:23,279 - INFO - Epoch 904/1000 | Train Loss: 0.0001562 | Val Loss: 0.0001357 | LR: 0.000912
2025-08-08 22:20:54,723 - INFO - Epoch 905/1000 | Train Loss: 0.0001455 | Val Loss: 0.0001215 | LR: 0.000914
2025-08-08 22:22:26,036 - INFO - Epoch 906/1000 | Train Loss: 0.0001445 | Val Loss: 0.0001196 | LR: 0.000915
2025-08-08 22:23:57,345 - INFO - Epoch 907/1000 | Train Loss: 0.0001482 | Val Loss: 0.0001236 | LR: 0.000917
2025-08-08 22:25:28,772 - INFO - Epoch 908/1000 | Train Loss: 0.0001493 | Val Loss: 0.0001225 | LR: 0.000919
2025-08-08 22:27:00,154 - INFO - Epoch 909/1000 | Train Loss: 0.0001434 | Val Loss: 0.0001384 | LR: 0.000921
2025-08-08 22:28:31,531 - INFO - Epoch 910/1000 | Train Loss: 0.0001474 | Val Loss: 0.0001241 | LR: 0.000922
2025-08-08 22:30:02,823 - INFO - Epoch 911/1000 | Train Loss: 0.0001517 | Val Loss: 0.0001255 | LR: 0.000924
2025-08-08 22:31:34,278 - INFO - Epoch 912/1000 | Train Loss: 0.0001538 | Val Loss: 0.0001224 | LR: 0.000926
2025-08-08 22:33:05,567 - INFO - Epoch 913/1000 | Train Loss: 0.0001464 | Val Loss: 0.0001236 | LR: 0.000927
2025-08-08 22:34:36,900 - INFO - Epoch 914/1000 | Train Loss: 0.0001479 | Val Loss: 0.0001224 | LR: 0.000929
2025-08-08 22:36:08,352 - INFO - Epoch 915/1000 | Train Loss: 0.0001421 | Val Loss: 0.0001285 | LR: 0.000930
2025-08-08 22:37:39,757 - INFO - Epoch 916/1000 | Train Loss: 0.0001562 | Val Loss: 0.0001256 | LR: 0.000932
2025-08-08 22:39:11,213 - INFO - Epoch 917/1000 | Train Loss: 0.0001420 | Val Loss: 0.0001229 | LR: 0.000934
2025-08-08 22:40:42,572 - INFO - Epoch 918/1000 | Train Loss: 0.0001457 | Val Loss: 0.0001323 | LR: 0.000935
2025-08-08 22:42:14,100 - INFO - Epoch 919/1000 | Train Loss: 0.0001453 | Val Loss: 0.0001132 | LR: 0.000937
2025-08-08 22:42:14,770 - INFO - New best model saved to /jizhicfs/Prometheus/Triton4Earth_V2/Scenario_3_Ocean_stream/regional_agulhas_forcasting_0.125degree_daily/checkpoints/regional_agu_forcasting_025degree_daily_20250808_best_model.pth with validation loss: 0.0001132
2025-08-08 22:43:46,053 - INFO - Epoch 920/1000 | Train Loss: 0.0001430 | Val Loss: 0.0001148 | LR: 0.000938
2025-08-08 22:45:17,453 - INFO - Epoch 921/1000 | Train Loss: 0.0001495 | Val Loss: 0.0001265 | LR: 0.000940
2025-08-08 22:46:48,786 - INFO - Epoch 922/1000 | Train Loss: 0.0001506 | Val Loss: 0.0001171 | LR: 0.000941
2025-08-08 22:48:20,126 - INFO - Epoch 923/1000 | Train Loss: 0.0001486 | Val Loss: 0.0001235 | LR: 0.000943
2025-08-08 22:49:51,442 - INFO - Epoch 924/1000 | Train Loss: 0.0001458 | Val Loss: 0.0001268 | LR: 0.000944
2025-08-08 22:51:22,825 - INFO - Epoch 925/1000 | Train Loss: 0.0001443 | Val Loss: 0.0001146 | LR: 0.000946
2025-08-08 22:52:54,303 - INFO - Epoch 926/1000 | Train Loss: 0.0001480 | Val Loss: 0.0001217 | LR: 0.000947
2025-08-08 22:54:25,734 - INFO - Epoch 927/1000 | Train Loss: 0.0001439 | Val Loss: 0.0001228 | LR: 0.000948
2025-08-08 22:55:57,028 - INFO - Epoch 928/1000 | Train Loss: 0.0001456 | Val Loss: 0.0001259 | LR: 0.000950
2025-08-08 22:57:28,588 - INFO - Epoch 929/1000 | Train Loss: 0.0001446 | Val Loss: 0.0001196 | LR: 0.000951
2025-08-08 22:58:59,924 - INFO - Epoch 930/1000 | Train Loss: 0.0001422 | Val Loss: 0.0001197 | LR: 0.000952
2025-08-08 23:00:31,303 - INFO - Epoch 931/1000 | Train Loss: 0.0001488 | Val Loss: 0.0001213 | LR: 0.000954
2025-08-08 23:02:02,665 - INFO - Epoch 932/1000 | Train Loss: 0.0001361 | Val Loss: 0.0001178 | LR: 0.000955
2025-08-08 23:03:34,022 - INFO - Epoch 933/1000 | Train Loss: 0.0001502 | Val Loss: 0.0001190 | LR: 0.000956
2025-08-08 23:05:05,375 - INFO - Epoch 934/1000 | Train Loss: 0.0001426 | Val Loss: 0.0001135 | LR: 0.000958
2025-08-08 23:06:36,892 - INFO - Epoch 935/1000 | Train Loss: 0.0001433 | Val Loss: 0.0001244 | LR: 0.000959
2025-08-08 23:08:08,218 - INFO - Epoch 936/1000 | Train Loss: 0.0001439 | Val Loss: 0.0001158 | LR: 0.000960
2025-08-08 23:09:39,529 - INFO - Epoch 937/1000 | Train Loss: 0.0001482 | Val Loss: 0.0001242 | LR: 0.000961
2025-08-08 23:11:10,831 - INFO - Epoch 938/1000 | Train Loss: 0.0001436 | Val Loss: 0.0001190 | LR: 0.000963
2025-08-08 23:12:42,187 - INFO - Epoch 939/1000 | Train Loss: 0.0001373 | Val Loss: 0.0001117 | LR: 0.000964
2025-08-08 23:12:42,905 - INFO - New best model saved to /jizhicfs/Prometheus/Triton4Earth_V2/Scenario_3_Ocean_stream/regional_agulhas_forcasting_0.125degree_daily/checkpoints/regional_agu_forcasting_025degree_daily_20250808_best_model.pth with validation loss: 0.0001117
2025-08-08 23:14:14,291 - INFO - Epoch 940/1000 | Train Loss: 0.0001370 | Val Loss: 0.0001197 | LR: 0.000965
2025-08-08 23:15:45,600 - INFO - Epoch 941/1000 | Train Loss: 0.0001419 | Val Loss: 0.0001192 | LR: 0.000966
2025-08-08 23:17:16,927 - INFO - Epoch 942/1000 | Train Loss: 0.0001453 | Val Loss: 0.0001102 | LR: 0.000967
2025-08-08 23:17:17,742 - INFO - New best model saved to /jizhicfs/Prometheus/Triton4Earth_V2/Scenario_3_Ocean_stream/regional_agulhas_forcasting_0.125degree_daily/checkpoints/regional_agu_forcasting_025degree_daily_20250808_best_model.pth with validation loss: 0.0001102
2025-08-08 23:18:49,039 - INFO - Epoch 943/1000 | Train Loss: 0.0001395 | Val Loss: 0.0001146 | LR: 0.000968
2025-08-08 23:20:20,358 - INFO - Epoch 944/1000 | Train Loss: 0.0001439 | Val Loss: 0.0001142 | LR: 0.000969
2025-08-08 23:21:51,702 - INFO - Epoch 945/1000 | Train Loss: 0.0001391 | Val Loss: 0.0001161 | LR: 0.000970
2025-08-08 23:23:23,035 - INFO - Epoch 946/1000 | Train Loss: 0.0001400 | Val Loss: 0.0001147 | LR: 0.000972
2025-08-08 23:24:54,380 - INFO - Epoch 947/1000 | Train Loss: 0.0001387 | Val Loss: 0.0001150 | LR: 0.000973
2025-08-08 23:26:25,723 - INFO - Epoch 948/1000 | Train Loss: 0.0001401 | Val Loss: 0.0001243 | LR: 0.000974
2025-08-08 23:27:57,072 - INFO - Epoch 949/1000 | Train Loss: 0.0001385 | Val Loss: 0.0001154 | LR: 0.000975
2025-08-08 23:29:28,395 - INFO - Epoch 950/1000 | Train Loss: 0.0001435 | Val Loss: 0.0001247 | LR: 0.000976
2025-08-08 23:30:59,764 - INFO - Epoch 951/1000 | Train Loss: 0.0001454 | Val Loss: 0.0001157 | LR: 0.000977
2025-08-08 23:32:31,157 - INFO - Epoch 952/1000 | Train Loss: 0.0001334 | Val Loss: 0.0001086 | LR: 0.000977
2025-08-08 23:32:31,880 - INFO - New best model saved to /jizhicfs/Prometheus/Triton4Earth_V2/Scenario_3_Ocean_stream/regional_agulhas_forcasting_0.125degree_daily/checkpoints/regional_agu_forcasting_025degree_daily_20250808_best_model.pth with validation loss: 0.0001086
2025-08-08 23:34:03,206 - INFO - Epoch 953/1000 | Train Loss: 0.0001396 | Val Loss: 0.0001223 | LR: 0.000978
2025-08-08 23:35:34,723 - INFO - Epoch 954/1000 | Train Loss: 0.0001358 | Val Loss: 0.0001141 | LR: 0.000979
2025-08-08 23:37:06,076 - INFO - Epoch 955/1000 | Train Loss: 0.0001357 | Val Loss: 0.0001087 | LR: 0.000980
2025-08-08 23:38:37,409 - INFO - Epoch 956/1000 | Train Loss: 0.0001311 | Val Loss: 0.0001097 | LR: 0.000981
2025-08-08 23:40:08,762 - INFO - Epoch 957/1000 | Train Loss: 0.0001398 | Val Loss: 0.0001114 | LR: 0.000982
2025-08-08 23:41:40,119 - INFO - Epoch 958/1000 | Train Loss: 0.0001376 | Val Loss: 0.0001145 | LR: 0.000983
2025-08-08 23:43:11,418 - INFO - Epoch 959/1000 | Train Loss: 0.0001361 | Val Loss: 0.0001116 | LR: 0.000984
2025-08-08 23:44:42,814 - INFO - Epoch 960/1000 | Train Loss: 0.0001319 | Val Loss: 0.0001080 | LR: 0.000984
2025-08-08 23:44:43,527 - INFO - New best model saved to /jizhicfs/Prometheus/Triton4Earth_V2/Scenario_3_Ocean_stream/regional_agulhas_forcasting_0.125degree_daily/checkpoints/regional_agu_forcasting_025degree_daily_20250808_best_model.pth with validation loss: 0.0001080
2025-08-08 23:46:15,275 - INFO - Epoch 961/1000 | Train Loss: 0.0001355 | Val Loss: 0.0001112 | LR: 0.000985
2025-08-08 23:47:46,648 - INFO - Epoch 962/1000 | Train Loss: 0.0001407 | Val Loss: 0.0001148 | LR: 0.000986
2025-08-08 23:49:17,993 - INFO - Epoch 963/1000 | Train Loss: 0.0001393 | Val Loss: 0.0001105 | LR: 0.000987
2025-08-08 23:50:49,370 - INFO - Epoch 964/1000 | Train Loss: 0.0001358 | Val Loss: 0.0001087 | LR: 0.000987
2025-08-08 23:52:20,969 - INFO - Epoch 965/1000 | Train Loss: 0.0001369 | Val Loss: 0.0001050 | LR: 0.000988
2025-08-08 23:52:21,685 - INFO - New best model saved to /jizhicfs/Prometheus/Triton4Earth_V2/Scenario_3_Ocean_stream/regional_agulhas_forcasting_0.125degree_daily/checkpoints/regional_agu_forcasting_025degree_daily_20250808_best_model.pth with validation loss: 0.0001050
2025-08-08 23:53:53,049 - INFO - Epoch 966/1000 | Train Loss: 0.0001323 | Val Loss: 0.0001075 | LR: 0.000989
2025-08-08 23:55:24,486 - INFO - Epoch 967/1000 | Train Loss: 0.0001401 | Val Loss: 0.0001164 | LR: 0.000989
2025-08-08 23:56:55,840 - INFO - Epoch 968/1000 | Train Loss: 0.0001329 | Val Loss: 0.0001099 | LR: 0.000990
2025-08-08 23:58:27,272 - INFO - Epoch 969/1000 | Train Loss: 0.0001379 | Val Loss: 0.0001088 | LR: 0.000991
2025-08-08 23:59:58,582 - INFO - Epoch 970/1000 | Train Loss: 0.0001305 | Val Loss: 0.0001094 | LR: 0.000991
2025-08-09 00:01:30,187 - INFO - Epoch 971/1000 | Train Loss: 0.0001379 | Val Loss: 0.0001154 | LR: 0.000992
2025-08-09 00:03:01,528 - INFO - Epoch 972/1000 | Train Loss: 0.0001302 | Val Loss: 0.0001079 | LR: 0.000992
2025-08-09 00:04:32,865 - INFO - Epoch 973/1000 | Train Loss: 0.0001294 | Val Loss: 0.0001065 | LR: 0.000993
2025-08-09 00:06:04,192 - INFO - Epoch 974/1000 | Train Loss: 0.0001389 | Val Loss: 0.0001132 | LR: 0.000993
2025-08-09 00:07:35,699 - INFO - Epoch 975/1000 | Train Loss: 0.0001415 | Val Loss: 0.0001124 | LR: 0.000994
2025-08-09 00:09:07,015 - INFO - Epoch 976/1000 | Train Loss: 0.0001336 | Val Loss: 0.0001073 | LR: 0.000994
2025-08-09 00:10:38,406 - INFO - Epoch 977/1000 | Train Loss: 0.0001358 | Val Loss: 0.0001182 | LR: 0.000995
2025-08-09 00:12:09,775 - INFO - Epoch 978/1000 | Train Loss: 0.0001328 | Val Loss: 0.0001092 | LR: 0.000995
2025-08-09 00:13:41,078 - INFO - Epoch 979/1000 | Train Loss: 0.0001267 | Val Loss: 0.0001078 | LR: 0.000996
2025-08-09 00:15:12,643 - INFO - Epoch 980/1000 | Train Loss: 0.0001285 | Val Loss: 0.0001050 | LR: 0.000996
2025-08-09 00:16:44,059 - INFO - Epoch 981/1000 | Train Loss: 0.0001325 | Val Loss: 0.0001103 | LR: 0.000996
2025-08-09 00:18:15,398 - INFO - Epoch 982/1000 | Train Loss: 0.0001359 | Val Loss: 0.0001084 | LR: 0.000997
2025-08-09 00:19:46,952 - INFO - Epoch 983/1000 | Train Loss: 0.0001265 | Val Loss: 0.0001053 | LR: 0.000997
2025-08-09 00:21:18,383 - INFO - Epoch 984/1000 | Train Loss: 0.0001300 | Val Loss: 0.0001091 | LR: 0.000997
2025-08-09 00:22:49,707 - INFO - Epoch 985/1000 | Train Loss: 0.0001353 | Val Loss: 0.0001052 | LR: 0.000998
2025-08-09 00:24:21,023 - INFO - Epoch 986/1000 | Train Loss: 0.0001287 | Val Loss: 0.0001060 | LR: 0.000998
2025-08-09 00:25:52,364 - INFO - Epoch 987/1000 | Train Loss: 0.0001279 | Val Loss: 0.0001111 | LR: 0.000998
2025-08-09 00:27:23,745 - INFO - Epoch 988/1000 | Train Loss: 0.0001226 | Val Loss: 0.0001003 | LR: 0.000999
2025-08-09 00:27:24,465 - INFO - New best model saved to /jizhicfs/Prometheus/Triton4Earth_V2/Scenario_3_Ocean_stream/regional_agulhas_forcasting_0.125degree_daily/checkpoints/regional_agu_forcasting_025degree_daily_20250808_best_model.pth with validation loss: 0.0001003
2025-08-09 00:28:55,841 - INFO - Epoch 989/1000 | Train Loss: 0.0001297 | Val Loss: 0.0001044 | LR: 0.000999
2025-08-09 00:30:27,511 - INFO - Epoch 990/1000 | Train Loss: 0.0001356 | Val Loss: 0.0001184 | LR: 0.000999
2025-08-09 00:31:58,944 - INFO - Epoch 991/1000 | Train Loss: 0.0001270 | Val Loss: 0.0001061 | LR: 0.000999
2025-08-09 00:33:30,501 - INFO - Epoch 992/1000 | Train Loss: 0.0001322 | Val Loss: 0.0001033 | LR: 0.000999
2025-08-09 00:35:01,758 - INFO - Epoch 993/1000 | Train Loss: 0.0001283 | Val Loss: 0.0001054 | LR: 0.001000
2025-08-09 00:36:33,068 - INFO - Epoch 994/1000 | Train Loss: 0.0001309 | Val Loss: 0.0001096 | LR: 0.001000
2025-08-09 00:38:04,471 - INFO - Epoch 995/1000 | Train Loss: 0.0001308 | Val Loss: 0.0001056 | LR: 0.001000
2025-08-09 00:39:35,892 - INFO - Epoch 996/1000 | Train Loss: 0.0001266 | Val Loss: 0.0001018 | LR: 0.001000
2025-08-09 00:41:07,381 - INFO - Epoch 997/1000 | Train Loss: 0.0001277 | Val Loss: 0.0001172 | LR: 0.001000
2025-08-09 00:42:38,869 - INFO - Epoch 998/1000 | Train Loss: 0.0001273 | Val Loss: 0.0001031 | LR: 0.001000
2025-08-09 00:44:10,255 - INFO - Epoch 999/1000 | Train Loss: 0.0001252 | Val Loss: 0.0001099 | LR: 0.001000
2025-08-09 00:45:41,674 - INFO - Epoch 1000/1000 | Train Loss: 0.0001289 | Val Loss: 0.0001074 | LR: 0.001000
2025-08-09 00:45:42,292 - INFO - Saved periodic checkpoint at epoch 1000 to /jizhicfs/Prometheus/Triton4Earth_V2/Scenario_3_Ocean_stream/regional_agulhas_forcasting_0.125degree_daily/checkpoints/regional_agu_forcasting_025degree_daily_20250808_epoch_1000.pth
2025-08-09 00:45:42,292 - INFO - Training finished. Starting final testing with the best model.
2025-08-09 00:45:42,655 - INFO - Successfully loaded best model checkpoint for testing.
